{
    "llm": "gemma3:4b",
    "copyleft": {
        "0BSD": {
            "result": false,
            "explanation": "No."
        },
        "AFL-2.0": {
            "result": false,
            "explanation": "No.\n\nThis Academic Free License (v. 2.0) does not contain a copyleft clause. It grants a broad range of rights to use, modify, and distribute the Original Work and Derivative Works, but it does not require that derivative works also be licensed under the same terms. The license allows for commercial use and distribution of works based on the original, without requiring them to be released under a copyleft license."
        },
        "AFL-2.1": {
            "result": false,
            "explanation": "No.\n\nThis Academic Free License (v.2.1) is a permissive license. It grants broad rights to use, modify, and distribute the Original Work and its derivatives, without requiring those derivatives to be licensed under the same terms. There is no provision for \u201cviral\u201d licensing \u2013 that is, requiring derivative works to also be licensed under the same terms. This distinguishes it from copyleft licenses like the GPL."
        },
        "AFL-3.0": {
            "result": false,
            "explanation": "No.\n\nThis Academic Free License (AFL) v. 3.0 is a permissive license. It grants broad rights to use, modify, and distribute the Original Work and Derivative Works, without requiring that derivative works also be licensed under the AFL. There is no copyleft clause present in this license."
        },
        "AGPL-3.0-only": {
            "result": true,
            "explanation": "Yes.\n\n**Explanation:**\n\nThe GNU Affero General Public License (AGPL) is a copyleft license. Specifically, Section 17, \"Interpretation of Sections 15 and 16,\" explicitly states: \u201cIf the disclaimer of warranty and limitation of liability provided above cannot be given local legal effect according to their terms, reviewing courts shall apply local law that most closely approximates an absolute waiver of all civil liability in connection with the Program, unless a warranty or assumption of liability accompanies a copy of the Program in return for a fee.\u201d This clearly indicates a requirement for derivative works to maintain the same licensing terms, thus fulfilling the definition of a copyleft clause. Furthermore, sections pertaining to source code availability and remote network interaction reinforce the license\u2019s goal of preserving freedom and preventing proprietary control over derivative works."
        },
        "AGPL-3.0-or-later": {
            "result": true,
            "explanation": "Yes.\n\n**Explanation:**\n\nThis license, the GNU Affero General Public License (AGPL), *does* contain a strong copyleft clause. Here\u2019s why:\n\n*   **\u201cIf the Program specifies that a certain numbered version of the GNU Affero General Public License \u201cor any later version\u201d applies to it, you may choose to follow the terms and conditions either of that numbered version or of any later version published by the Free Software Foundation.\u201d** This allows you to choose a later version of the license if one is published.\n*   **\u201cIf you develop a new program, and you want it to be of the greatest possible use to the public, the best way to achieve this is to make it free software which everyone can redistribute and change under these terms.\u201d** This reinforces the intention of the license to promote widespread availability of the software's source code and allows derivatives to be licensed under the same terms.\n*   The overall structure of the license, with its requirements for providing access to source code, further cements its copyleft nature.\n\nThe key factor that determines the AGPL\u2019s copyleft status is that it explicitly addresses software used over a network (remote interaction) and requires providing source code to users who interact with the software remotely. This is a defining characteristic of a copyleft license."
        },
        "Apache-1.0": {
            "result": false,
            "explanation": "No."
        },
        "Apache-1.1": {
            "result": false,
            "explanation": "No."
        },
        "Apache-2.0": {
            "result": false,
            "explanation": "No.\n\n**Explanation:**\n\nThe Apache License 2.0 does *not* contain a copyleft clause. It is a permissive license, meaning that you can use, modify, and distribute the work (including derivative works) for any purpose, under any license terms. There are no requirements that derivative works must also be licensed under the Apache License. This is a key difference from copyleft licenses like the GPL, which *do* require derivative works to be licensed under the same terms."
        },
        "Artistic-1.0": {
            "result": false,
            "explanation": "No.\n\n**Explanation:**\n\nThis license, known as the \"Artistic License,\" is a permissive license. It grants users significant freedom to modify, distribute, and sell the software, even in commercial products. There's no requirement for derivative works to be released under the same license \u2013 a key characteristic of copyleft licenses. The license focuses on attribution and doesn't impose any obligations on derived works."
        },
        "Artistic-1.0-Perl": {
            "result": false,
            "explanation": "No.\n\nThis license, known as the \"Artistic License,\" does not contain a copyleft clause. It grants significant freedoms to users, including the ability to modify and distribute the software, as long as certain conditions are met, such as retaining copyright notices and providing attribution. However, it doesn't require derivative works to be licensed under the same terms."
        },
        "Artistic-2.0": {
            "result": false,
            "explanation": "No.\n\nThe Artistic License 2.0 does not contain a copyleft clause. It permits the creation and distribution of modified versions under its terms, without requiring derivative works to also be licensed under the same terms. The license focuses on granting broad usage rights while retaining some control over the package's development by the copyright holder."
        },
        "Bitstream-Vera": {
            "result": false,
            "explanation": "No."
        },
        "blessing": {
            "result": false,
            "explanation": "No"
        },
        "BlueOak-1.0.0": {
            "result": false,
            "explanation": "No."
        },
        "BSD-1-Clause": {
            "result": false,
            "explanation": "No"
        },
        "BSD-2-Clause": {
            "result": false,
            "explanation": "No"
        },
        "BSD-2-Clause-Patent": {
            "result": false,
            "explanation": "No."
        },
        "BSD-3-Clause": {
            "result": false,
            "explanation": "No."
        },
        "BSD-3-Clause-Open-MPI": {
            "result": false,
            "explanation": "No"
        },
        "BSD-4-Clause": {
            "result": false,
            "explanation": "No."
        },
        "BSD-4-Clause-UC": {
            "result": false,
            "explanation": "No"
        },
        "BSD-4.3TAHOE": {
            "result": false,
            "explanation": "No"
        },
        "BSD-Source-Code": {
            "result": false,
            "explanation": "No."
        },
        "BSL-1.0": {
            "result": false,
            "explanation": "No."
        },
        "bzip2-1.0.5": {
            "result": false,
            "explanation": "No"
        },
        "bzip2-1.0.6": {
            "result": false,
            "explanation": "No"
        },
        "CC-BY-2.5": {
            "result": false,
            "explanation": "No.\n\nThis Creative Commons Attribution 2.5 license does not contain a copyleft clause. It grants a broad range of rights to the licensee, including the ability to create derivative works and distribute them under different terms. However, it requires attribution to the original author and adherence to the specific terms outlined in the license. It does not impose any obligation on the licensee to release derivative works under the same license."
        },
        "CC-BY-3.0": {
            "result": false,
            "explanation": "No.\n\nThis license does not contain a copyleft clause. It grants specific rights to use, adapt, and distribute the Work, but it does not require derivative works to be licensed under the same terms. The license allows for commercial use and modification, as long as the attribution requirements are met."
        },
        "CDDL-1.0": {
            "result": false,
            "explanation": "No.\n\n**Explanation:**\n\nThis is the Common Development and Distribution License (CDDL) Version 1.0. It does *not* contain a copyleft clause. Here's why:\n\n*   **Permissive License:** The CDDL is a permissive open-source license. It grants broad rights to use, modify, and distribute the software, including in proprietary products.\n*   **No \u201cViral\u201d Provisions:** Unlike copyleft licenses (e.g., GPL), the CDDL doesn\u2019t have provisions that would force derivative works to also be licensed under the CDDL.\n*   **Distribution Rights:** It explicitly allows for distribution under different licenses, including proprietary ones, as long as the original license terms are adhered to.\n\nTo clarify further, a key element of a copyleft license is that any derivative work must also be released under the same license. The CDDL does not impose this requirement."
        },
        "CDDL-1.1": {
            "result": false,
            "explanation": "No.\n\n**Explanation:**\n\nThe Common Development and Distribution License (CDDL) is a permissive license. It grants broad rights to use, modify, and distribute the software, including in derivative works. Critically, it does *not* contain a copyleft clause. There are provisions regarding attribution and limitations on liability, but it doesn\u2019t require that derivative works also be licensed under the CDDL. This is a key distinction from licenses like the GNU General Public License (GPL), which *do* have copyleft provisions."
        },
        "CPL-1.0": {
            "result": false,
            "explanation": "No.\n\nThis is a permissive open-source license (specifically, the IBM Common Public License, Version 1.0). It grants recipients broad rights to use, modify, and distribute the software, including derivative works, under the same license terms. There is no requirement that derivative works also be licensed under this license; they can be licensed under different terms, including proprietary licenses. Therefore, it does not contain a copyleft clause."
        },
        "curl": {
            "result": false,
            "explanation": "No."
        },
        "ECL-1.0": {
            "result": false,
            "explanation": "No."
        },
        "ECL-2.0": {
            "result": false,
            "explanation": "No.\n\n**Explanation:**\n\nThis Educational Community License (ECL) 2.0 does *not* contain a copyleft clause. Here's why:\n\n*   **Permissive License:** The ECL 2.0 is a permissive license. This means you can use, modify, and distribute the original work and its derivatives under different license terms.\n*   **Redistribution Rights:** Sections 4 and 5 grant extensive rights to redistribute the work and derivative works under various conditions (including the requirement to include the license and attribution notices). There are no restrictions that would require derivative works to be released under the same license.\n*   **No \"Shall\" Clauses:** The absence of strong \"shall\" clauses throughout the document reinforces its permissive nature.\n\nTo reiterate, the ECL 2.0 is designed to facilitate educational use and sharing while granting substantial freedom to users."
        },
        "EFL-2.0": {
            "result": false,
            "explanation": "No."
        },
        "EPL-1.0": {
            "result": false,
            "explanation": "No.\n\nThis Eclipse Public License (EPL) is a permissive open-source license. It grants recipients broad rights to use, modify, and distribute the software, including derivative works, without requiring those derivative works to be licensed under the EPL. There is no copyleft clause; the license does not mandate that modifications or derivative works must be released under the same terms."
        },
        "EPL-2.0": {
            "result": false,
            "explanation": "No.\n\n**Explanation:**\n\nThis Eclipse Public License (v2.0) is a permissive license. It grants recipients broad rights to use, modify, and distribute the Program and its Derivative Works. Crucially, it *does not* contain a copyleft clause. There\u2019s no requirement that derivative works be licensed under the same terms. The license explicitly states: \u201cExcept as expressly stated in Sections 2(a) and 2(b) above, Recipient receives no rights or licenses to the intellectual property of any Contributor under this Agreement\u2026\u201d This clearly indicates the absence of any copyleft provisions."
        },
        "EUPL-1.1": {
            "result": true,
            "explanation": "Yes.\n\nThe EUPL contains several provisions that constitute a copyleft clause. Specifically, Article 5 outlines \u201cCompatible Licences\u201d which includes the GNU General Public License (GNU GPL) v. 2, and other licenses that require derivative works to be distributed under similar terms. Furthermore, Article 5\u2019s requirement that distribution and/or communication of derivative works be done under the terms of this licence or a later version of this licence, or that the Licensee (becoming Licensor) cannot offer or impose additional terms, is a clear copyleft provision. Finally, the \"Copyleft clause\" in Article 5 reinforces the core concept."
        },
        "EUPL-1.2": {
            "result": true,
            "explanation": "Yes.\n\nThe EUPL contains a strong copyleft clause. Specifically, Article 5 outlines the \u201cCompatible Licences\u201d and explicitly states that \u201cDistribution or Communication by You\u2026will be done under the terms of this Licence or of a later version of this Licence unless the Original Work is expressly distributed only under this version of the Licence\u201d. Furthermore, Article 5 lists the \u201cCompatible Licences,\u201d indicating that derivative works must adhere to these terms to maintain the license\u2019s freedoms. The list of compatible licenses is a key indicator of a copyleft approach."
        },
        "FSFAP": {
            "result": false,
            "explanation": "No"
        },
        "FSFUL": {
            "result": false,
            "explanation": "No."
        },
        "FSFULLR": {
            "result": false,
            "explanation": "No"
        },
        "FSFULLRWD": {
            "result": false,
            "explanation": "no"
        },
        "FTL": {
            "result": false,
            "explanation": "No."
        },
        "GPL-1.0-only": {
            "result": false,
            "explanation": "No.\n\n**Explanation:**\n\nThe GNU General Public License (GPL) does not contain a strict copyleft clause in the way that, for example, the GNU Lesser General Public License (LGPL) does. While the GPL aims to preserve freedom and encourage sharing, it doesn\u2019t *require* that derivative works also be licensed under the GPL. The key provisions ensure that modifications and derived works remain free, but the choice of licensing for those derivatives is left to the author. The text explicitly states \"You may not copy, modify, sublicense, distribute or transfer the Program except as expressly provided under this General Public License,\" and doesn't mandate that subsequent works also be GPL."
        },
        "GPL-1.0-or-later": {
            "result": false,
            "explanation": "No."
        },
        "GPL-2.0-only": {
            "result": false,
            "explanation": "No.\n\n**Explanation:**\n\nThe GNU General Public License (GPL) Version 2 does *not* contain a strict copyleft clause in the way that, for example, the GPLv3 does. While it encourages free software development and sharing, it doesn't mandate that derivative works *must* be licensed under the GPL.\n\nHere's a breakdown of why this is considered a permissive license:\n\n*   **Section 2:** Allows you to create derivative works and distribute them under different license terms, provided you meet the conditions outlined in Sections 1 and 2 regarding copyright notices, warranty disclaimers, and redistribution.\n*   **No Mandatory Copyleft:** The license doesn't require that if you modify the GPL-covered program and distribute the modified version, you must release the source code of your modifications under the GPL.\n*   **Conditions, Not Requirements:** The conditions of the license \u2013 attribution, warranty disclaimer, and redistribution terms \u2013 are requirements, not a rigid copyleft obligation.\n\nWhile the GPL\u2019s design encourages the sharing of software, it doesn't force every derivative work to adhere to the same licensing terms. It\u2019s a more flexible approach than a true copyleft license."
        },
        "GPL-2.0-only WITH Classpath-exception-2.0": {
            "result": false,
            "explanation": "No.\n\n**Explanation:**\n\nThe GNU General Public License (GPL) v2 does *not* explicitly contain a strong copyleft clause in the way some other licenses (like the GPLv3) do. While it encourages free software practices, it doesn't mandate that derivative works *must* be licensed under the GPL.\n\nHere's a breakdown of why it\u2019s not a strong copyleft license:\n\n*   **Section 4:** Allows linking with non-GPL code. This is a crucial point. You can combine the GPL-licensed program with other software under different licenses.\n*   **Section 9 (Class Path Exception):** Further reinforces the ability to link with non-GPL code.\n*   **Section 10 (If you modify this library):** Provides a mechanism for the copyright holders to accept modifications.\n\nAlthough the GPL encourages free software practices, it primarily focuses on ensuring that users retain freedom over the original program and its derivatives, rather than requiring *all* derived works to be licensed under the GPL.\n\nTo be clear, the GPL v2 *does* have a \u201cweak\u201d copyleft element, which is that if you distribute a modified version of the GPL-licensed program, you *must* provide the source code. However, this doesn\u2019t force derivative works to be licensed under the GPL."
        },
        "GPL-2.0-or-later": {
            "result": false,
            "explanation": "No.\n\n**Explanation:**\n\nThe GNU General Public License (GPL) Version 2 does *not* contain a strict copyleft clause in the way that some other licenses (like the GPLv3) do. While it strongly encourages derivative works to be licensed under the GPL, it doesn't explicitly *require* it. \n\nHere\u2019s a breakdown of why it's not considered a strict copyleft license:\n\n*   **Section 4:** This section allows you to distribute the program in object code or executable form without distributing the source code, as long as you fulfill certain conditions (accompanying it with source code, offering a license, etc.). This flexibility is a key difference from stricter copyleft licenses.\n*   **No mandatory derivative work requirement:** The license doesn't force you to release any modifications or derivative works under the GPL. You can create a proprietary program that incorporates GPL-licensed code, as long as you comply with the other terms of the license (attribution, no warranty, etc.).\n\nTherefore, while the GPL aims to preserve freedom and encourage sharing, it doesn't enforce a copyleft obligation on derivative works."
        },
        "GPL-3.0-only": {
            "result": true,
            "explanation": "Yes.\n\n**Explanation:**\n\nThis license is a copyleft license, specifically the GNU General Public License (GPL) version 3. The core of the copyleft clause resides in sections 15 (Disclaimer of Warranty), 16 (Limitation of Liability), and particularly in sections 17 (Interpretation of Sections 15 and 16) and 18 (Interpretation of Sections 15 and 16 - regarding derivative works). These sections explicitly state the requirement that if derivative works are created, they must also be distributed under the terms of the GPL. The inclusion of the GNU Affero General Public License (section 13) further strengthens this copyleft provision, requiring derivative works to be licensed under the Affero GPL as well. The overall structure and wording of the license are designed to ensure that any modifications or extensions to the original program remain freely available under the same terms, preventing proprietary encasement."
        },
        "GPL-3.0-or-later": {
            "result": true,
            "explanation": "Yes.\n\n**Explanation:**\n\nThis license is a copyleft license, specifically the GNU General Public License (GPL). Here's why:\n\n*   **Copyleft Clause:** The GPL's core principle is \u201ccopyleft.\u201d This means that any derivative works created from the original program *must* also be licensed under the GPL. This ensures that the freedoms associated with the original license \u2013 the right to use, study, share, and modify the software \u2013 are maintained in any subsequent versions or adaptations.\n\n*   **Requirement for Derivative Works:** The license explicitly states that derivative works must be distributed under the same license terms, reinforcing the copyleft nature.\n\n*   **Purpose:** The GPL\u2019s overall aim is to prevent proprietary forks and to ensure that the software remains open-source.\n\nThe presence of this copyleft clause is a fundamental characteristic of the GPL and distinguishes it from permissive licenses like the MIT or BSD licenses, which allow for use in proprietary software."
        },
        "HPND": {
            "result": false,
            "explanation": "No."
        },
        "IBM-pibs": {
            "result": false,
            "explanation": "No"
        },
        "ICU": {
            "result": false,
            "explanation": "No"
        },
        "IJG": {
            "result": false,
            "explanation": "No."
        },
        "ImageMagick": {
            "result": false,
            "explanation": "No.\n\n**Explanation:**\n\nThe ImageMagick license is a permissive license. It grants broad rights to use, modify, and distribute the software and its derivatives. However, it *does not* include a copyleft clause. There are no requirements that derivative works must also be licensed under the ImageMagick license. This means you can create derivative works and distribute them under a different license entirely, as long as you adhere to the attribution and other terms outlined in the license."
        },
        "Info-ZIP": {
            "result": false,
            "explanation": "No."
        },
        "IPL-1.0": {
            "result": false,
            "explanation": "No.\n\nThis IBM Public License Version 1.0 is a permissive license. It grants recipients broad rights to use, modify, and distribute the Program, including derivative works, without requiring them to release their derivative works under the same license. There is no copyleft clause."
        },
        "ISC": {
            "result": false,
            "explanation": "No."
        },
        "JasPer-2.0": {
            "result": false,
            "explanation": "No."
        },
        "LGPL-2.0-only": {
            "result": false,
            "explanation": "No.\n\n**Explanation:**\n\nThis is the GNU Library General Public License (GPL), and it does *not* contain a strong copyleft clause like the GPLv3 or GPLv4. While it does include a notice about redistributing the library under the same license, it allows you to incorporate the library into proprietary software. The key difference is that you can link the library into a closed-source project without being obligated to release your entire program under the GPL. The license primarily aims to protect the library itself and ensure that modifications to it remain under the GPL terms."
        },
        "LGPL-2.0-or-later": {
            "result": false,
            "explanation": "No.\n\n**Explanation:**\n\nThis is the GNU Library General Public License (LGPL), which is a *weak* copyleft license. It allows libraries to be linked into proprietary software. The key distinction is that if you modify the library itself and redistribute the modified library, you *must* release your changes under the LGPL. However, if you simply link the library into your own application (without modifying the library itself), you are not obligated to release your application under the LGPL. This contrasts with stronger copyleft licenses like the GPL, which require *all* derivative works to be released under the same license."
        },
        "LGPL-2.1-only": {
            "result": false,
            "explanation": "No.\n\n**Explanation:**\n\nThis is the Lesser General Public License (LGPL), and it does *not* contain a strong copyleft clause like the GPL. Here's why:\n\n*   **Weak Copyleft:** The LGPL allows you to link libraries developed under the LGPL into proprietary software. This is a key difference from the GPL, which prohibits this.\n*   **No Requirement for Derivative Works to be LGPL:**  You can modify the LGPL library itself and distribute those changes under a different license (including a proprietary license).\n*   **Linking is Permitted:** The LGPL specifically permits linking to the library from proprietary software.\n\nBecause it lacks a strong copyleft requirement, the LGPL is designed to encourage wider adoption of libraries while still allowing for flexibility in how they are used within larger projects."
        },
        "LGPL-2.1-or-later": {
            "result": false,
            "explanation": "No.\n\n**Explanation:**\n\nThis is the Lesser General Public License (LGPL), and it does **not** contain a strong copyleft clause like the GPL. Here's why:\n\n*   **Linking Allowed:** The LGPL explicitly allows you to link your programs with the library without requiring you to release your entire program under the LGPL. This is a key difference from the GPL.\n*   **No Derivative Work Requirement:** The license primarily focuses on protecting the library itself. It doesn't mandate that modifications to the library itself, or derivative works built *around* the library, must also be licensed under the LGPL.\n*   **Weak Copyleft:** It does include a clause stating that the library is \"free software,\" but this is more of a statement of intent than a binding requirement.\n\nTherefore, the LGPL is a more permissive license compared to the GPL, designed to encourage wider adoption of the library while still providing some protection for its original developers."
        },
        "LGPL-3.0-only": {
            "result": true,
            "explanation": "Yes.\n\n**Explanation:**\n\nThis license is a copyleft license, specifically the GNU General Public License (GPL). The key elements that establish this are:\n\n*   **Requirement for Derivative Works:** The license states that \"you can redistribute it and/or modify it under the terms of the GNU General Public License.\" This explicitly mandates that any derivative works (modifications or additions to the original program) must also be licensed under the GPL.\n*   **Preservation of Freedoms:** The entire purpose of copyleft licenses like the GPL is to ensure that the freedoms granted to users are maintained in subsequent versions and derivatives of the software.\n\nThe presence of these clauses definitively classifies this license as a copyleft license."
        },
        "LGPL-3.0-or-later": {
            "result": true,
            "explanation": "Yes.\n\n**Explanation:**\n\nThis license, the GNU General Public License (GPL), is a strong copyleft license. Several key provisions demonstrate this:\n\n*   **\u201cThis program is free software: you can redistribute it and/or modify it under the terms of the GNU General Public License\u2026\u201d**: This explicitly states the requirement for derivative works to be licensed under the GPL.\n*   **\u201cSee the GNU General Public License for more details.\u201d**: This directs the user to the full text of the license, which contains further stipulations regarding copyleft.\n*   **Restrictions on Proprietary Use**: The license explicitly prohibits incorporating the covered work into proprietary programs.\n\nThese elements collectively establish a copyleft clause, ensuring that any derived works also carry the GPL terms, preserving the freedoms granted by the original license."
        },
        "Libpng": {
            "result": false,
            "explanation": "No"
        },
        "libpng-2.0": {
            "result": false,
            "explanation": "No"
        },
        "libtiff": {
            "result": false,
            "explanation": "No"
        },
        "LicenseRef-scancode-bsla-no-advert": {
            "result": false,
            "explanation": "No"
        },
        "LicenseRef-scancode-info-zip-2003-05": {
            "result": false,
            "explanation": "No"
        },
        "LicenseRef-scancode-ppp": {
            "result": false,
            "explanation": "No"
        },
        "Minpack": {
            "result": false,
            "explanation": "No"
        },
        "MirOS": {
            "result": false,
            "explanation": "No."
        },
        "MIT": {
            "result": false,
            "explanation": "No."
        },
        "MIT-0": {
            "result": false,
            "explanation": "No."
        },
        "MIT-CMU": {
            "result": false,
            "explanation": "No."
        },
        "MPL-1.1": {
            "result": true,
            "explanation": "Yes.\n\n**Explanation:**\n\nThis license is a copyleft license due to the following provisions:\n\n*   **Requirement of Same License:** The core of a copyleft license is the requirement that derivative works (modifications or extensions of the original code) must also be distributed under the same license (Mozilla Public License Version 1.1).\n*   **Preservation of Freedom:** This ensures that the freedoms granted by the MPL are maintained in any downstream uses of the code.\n\nThe license explicitly states: \u201cYou may not use this file except in compliance with the License.\u201d This fundamentally reinforces the copyleft nature of the license.\n\nThe presence of Exhibit A, which explicitly references the Mozilla Public License, further strengthens this determination."
        },
        "MPL-2.0": {
            "result": true,
            "explanation": "Yes.\n\n**Explanation:**\n\nThe Mozilla Public License v2.0 is a copyleft license. Several key elements demonstrate this:\n\n*   **Section 2.1(a):** Grants the recipient the right to \"modify, display, perform, distribute, and otherwise exploit\" the Covered Software, including creating modifications.\n*   **Section 3.1:** Mandates that all distribution of Source Code Form, including modifications, must be under the terms of this License.\n*   **Section 10.2 & 10.3:**  Explicitly addresses new versions of the license and how they should be managed, ensuring continued copyleft compliance.\n*   **Exhibit A & B:** These notices reinforce the license\u2019s intent for derivative works to be subject to the same licensing terms.\n\nThese elements collectively establish a copyleft framework, requiring derivative works to retain the freedoms and obligations defined by the original Mozilla Public License v2.0."
        },
        "MPL-2.0-no-copyleft-exception": {
            "result": true,
            "explanation": "Yes.\n\n**Explanation:**\n\nThe Mozilla Public License v2.0 is a copyleft license. Here's why:\n\n*   **Section 2.1(a):** Grants recipients the right to \"modify, display, perform, distribute, and otherwise exploit\" the Covered Software, which inherently allows for derivative works.\n*   **Section 3.1:** Requires all distribution of Source Code Form (including modifications) to be under the terms of the MPL. This is a key indicator of a copyleft license.\n*   **Exhibit B (\"Incompatible With Secondary Licenses\"):** Explicitly states the Source Code Form is incompatible with secondary licenses. This further reinforces that derivative works must adhere to the MPL.\n\nThe combination of these provisions demonstrates a clear intention to ensure that any derived works based on the covered software remain subject to the same licensing terms, thereby preserving the freedoms granted by the MPL."
        },
        "MS-PL": {
            "result": false,
            "explanation": "No."
        },
        "MS-RL": {
            "result": false,
            "explanation": "No."
        },
        "NBPL-1.0": {
            "result": false,
            "explanation": "No.\n\n**Explanation:**\n\nThis Net Boolean Public License does *not* contain a copyleft clause. A copyleft clause would typically involve requirements for derivative works to be licensed under the same terms. This license grants considerable freedom to modify and distribute the package, including the ability to incorporate it into commercial products, without requiring those derivative works to be licensed under the same terms. The license emphasizes that you can use the code however you see fit, as long as you preserve the original copyright notices and disclaimers."
        },
        "NCSA": {
            "result": false,
            "explanation": "No."
        },
        "NTP": {
            "result": false,
            "explanation": "No."
        },
        "OGC-1.0": {
            "result": false,
            "explanation": "No."
        },
        "OLDAP-2.8": {
            "result": false,
            "explanation": "No."
        },
        "OpenSSL": {
            "result": false,
            "explanation": "No."
        },
        "OSL-3.0": {
            "result": false,
            "explanation": "No.\n\nThis Open Software License v. 3.0 (OSL-3.0) does not contain a copyleft clause. It grants a broad range of rights to use, modify, and distribute the Original Work and its derivative works under specific conditions, but it does not require that these derivative works also be licensed under the same OSL-3.0 terms. The license focuses on attribution and reasonable use, without imposing a requirement for derivative works to be released under the same license."
        },
        "PHP-3.01": {
            "result": false,
            "explanation": "No.\n\nThe PHP License, version 3.01, is a permissive license. It grants users the freedom to use, modify, and distribute the software, including derivative works, without requiring those derivative works to be licensed under the same terms. There is no copyleft clause."
        },
        "PostgreSQL": {
            "result": false,
            "explanation": "No"
        },
        "Python-2.0": {
            "result": false,
            "explanation": "No."
        },
        "Qhull": {
            "result": false,
            "explanation": "No"
        },
        "RSA-MD": {
            "result": false,
            "explanation": "No."
        },
        "Saxpath": {
            "result": false,
            "explanation": "No."
        },
        "SGI-B-2.0": {
            "result": false,
            "explanation": "No."
        },
        "Sleepycat": {
            "result": false,
            "explanation": "no"
        },
        "SMLNJ": {
            "result": false,
            "explanation": "No"
        },
        "Spencer-86": {
            "result": false,
            "explanation": "No"
        },
        "SSH-OpenSSH": {
            "result": false,
            "explanation": "No"
        },
        "SSH-short": {
            "result": false,
            "explanation": "No"
        },
        "SunPro": {
            "result": false,
            "explanation": "No"
        },
        "Unicode-DFS-2015": {
            "result": false,
            "explanation": "No.\n\n**Explanation:**\n\nThis license agreement is a permissive license. It grants broad rights to use, copy, modify, and distribute the Unicode data files and software, as long as the original copyright and permission notice is included. There is no requirement for derivative works to be licensed under the same terms \u2013 this is the defining characteristic of a permissive license, and the complete absence of a copyleft clause."
        },
        "Unicode-DFS-2016": {
            "result": false,
            "explanation": "No.\n\n**Explanation:**\n\nThis license agreement is a permissive license. It grants broad rights to use, copy, modify, and distribute the included data files and software, without requiring derivative works to be released under the same license. There is no copyleft clause present. The only condition is that the original copyright and permission notice must be included."
        },
        "Unlicense": {
            "result": false,
            "explanation": "No"
        },
        "UPL-1.0": {
            "result": false,
            "explanation": "No."
        },
        "W3C": {
            "result": false,
            "explanation": "No."
        },
        "W3C-19980720": {
            "result": false,
            "explanation": "No.\n\n**Explanation:**\n\nThis W3C license is a permissive license. It grants broad rights to use, copy, modify, and distribute the software, including derivative works, without requiring those derivative works to be licensed under the same terms. There is no copyleft clause. The key phrase \"Permission to use, copy, modify, and distribute this software and its documentation, with or without modification, for any purpose and without fee or royalty...\" demonstrates this permissive nature."
        },
        "W3C-20150513": {
            "result": false,
            "explanation": "No."
        },
        "WTFPL": {
            "result": false,
            "explanation": "No."
        },
        "X11": {
            "result": false,
            "explanation": "No."
        },
        "XFree86-1.1": {
            "result": false,
            "explanation": "No."
        },
        "Zlib": {
            "result": false,
            "explanation": "No."
        },
        "zlib-acknowledgement": {
            "result": false,
            "explanation": "No"
        },
        "ZPL-2.0": {
            "result": false,
            "explanation": "No."
        }
    }
}