{
    "llm": "gemma3:4b",
    "copyleft": {
        "0BSD": {
            "result": false,
            "explanation": "No."
        },
        "AFL-2.0": {
            "result": false,
            "explanation": "No.\n\nThis Academic Free License (v. 2.0) is a permissive license. It grants a broad range of rights to use, modify, and distribute the Original Work and its derivatives without requiring that those derivatives also be licensed under the same terms. There is no copyleft clause present, meaning derivative works don't need to be released under the same license."
        },
        "AFL-2.1": {
            "result": false,
            "explanation": "No.\n\nThis Academic Free License (AFL) is a permissive license. It grants broad rights to use, modify, and distribute the Original Work and Derivative Works without requiring those derivative works to also be licensed under the AFL. There is no requirement for copyleft, and therefore, no copyleft clause exists."
        },
        "AFL-3.0": {
            "result": false,
            "explanation": "No.\n\nThis Academic Free License (AFL) v. 3.0 is a permissive license. It grants broad rights to use, modify, and distribute the Original Work and Derivative Works without requiring those derivative works to be licensed under the same terms. There is no copyleft clause present. The license focuses on attribution and limitations of liability, but doesn't impose any restrictions on the licensing of derivative works."
        },
        "AGPL-3.0-only": {
            "result": true,
            "explanation": "Yes.\n\n**Explanation:**\n\nThis license, the GNU Affero General Public License (AGPL), is a copyleft license. This is explicitly stated in several key sections:\n\n*   **Section 17:** This section emphasizes that if the disclaimer of warranty and limitation of liability cannot be given local legal effect, reviewing courts should apply local law that most closely approximates an \"absolute waiver of all civil liability,\" highlighting the copyleft nature.\n*   **Section 17:** Also addresses the \"Disclaimer of Warranty\" which is a standard part of copyleft licenses.\n*   **Overall Purpose:** The AGPL is designed to ensure that any derivative works also remain free software and are distributed under the same terms, preventing proprietary control. The requirement to provide source code remotely and the strong copyleft clauses firmly establish this."
        },
        "AGPL-3.0-or-later": {
            "result": true,
            "explanation": "Yes.\n\n**Explanation:**\n\nThis license, the GNU Affero General Public License (AGPL), is a strong copyleft license. Several key elements demonstrate this:\n\n*   **\"You have permission to link or combine any covered work with a work licensed under version 3 of the GNU General Public License into a single combined work, and to convey the resulting work.\"** - This clearly allows for combining with other GPL-licensed software.\n\n*   **\u201cYou may use the program in any way you see fit, including incorporating it into proprietary software, but any derivative works must also be licensed under the AGPL.\u201d** - The key copyleft provision, ensuring that if you modify or distribute the AGPL-licensed program or any derivative work, you must release your changes under the same AGPL license.\n\n*   The entire document is structured to maintain and expand the freedoms granted by the license, making it a classic example of a copyleft license."
        },
        "Apache-1.0": {
            "result": false,
            "explanation": "No."
        },
        "Apache-1.1": {
            "result": false,
            "explanation": "No."
        },
        "Apache-2.0": {
            "result": false,
            "explanation": "No."
        },
        "Artistic-1.0": {
            "result": false,
            "explanation": "No.\n\n**Explanation:**\n\nThis license, known as the Artistic License, is a permissive license. It grants users significant freedom to modify, distribute, and sell the software. There is no requirement that derivative works be licensed under the same terms. It explicitly states \"You may...charge a reasonable copying fee for any distribution of this Package.\" This absence of a requirement to share derivative works under the same license is the defining characteristic of a permissive license, and therefore, it does not contain a copyleft clause."
        },
        "Artistic-1.0-Perl": {
            "result": false,
            "explanation": "No.\n\nThis license is a permissive license, commonly referred to as the \u201cArtistic License.\u201d It grants users broad rights to use, modify, and distribute the software, including derivative works, without requiring them to release their modifications under the same license. There is no requirement for derivative works to be licensed under the same terms, and therefore, no copyleft clause exists."
        },
        "Artistic-2.0": {
            "result": false,
            "explanation": "No.\n\nThe Artistic License 2.0 does not contain a copyleft clause. It grants broad permissions for use, modification, and distribution of the Package and its derivatives, without requiring that those derivatives also be licensed under the same terms. The license focuses on providing flexibility and commercial usability while retaining some artistic control for the Copyright Holder."
        },
        "Bitstream-Vera": {
            "result": false,
            "explanation": "No."
        },
        "blessing": {
            "result": false,
            "explanation": "No"
        },
        "BlueOak-1.0.0": {
            "result": false,
            "explanation": "No."
        },
        "BSD-1-Clause": {
            "result": false,
            "explanation": "No"
        },
        "BSD-2-Clause": {
            "result": false,
            "explanation": "No"
        },
        "BSD-2-Clause-Patent": {
            "result": false,
            "explanation": "No."
        },
        "BSD-3-Clause": {
            "result": false,
            "explanation": "No"
        },
        "BSD-3-Clause-Open-MPI": {
            "result": false,
            "explanation": "No"
        },
        "BSD-4-Clause": {
            "result": false,
            "explanation": "No."
        },
        "BSD-4-Clause-UC": {
            "result": false,
            "explanation": "No"
        },
        "BSD-4.3TAHOE": {
            "result": false,
            "explanation": "No"
        },
        "BSD-Source-Code": {
            "result": false,
            "explanation": "No."
        },
        "BSL-1.0": {
            "result": false,
            "explanation": "No."
        },
        "bzip2-1.0.5": {
            "result": false,
            "explanation": "No"
        },
        "bzip2-1.0.6": {
            "result": false,
            "explanation": "No"
        },
        "CC-BY-2.5": {
            "result": false,
            "explanation": "No.\n\nThis Creative Commons Attribution 2.5 Public License does not contain a copyleft clause. It grants a broad range of rights to use, modify, and distribute the Work and its derivative works, but it does not require that derivative works also be licensed under the same terms. The license focuses on attribution and allows for commercial use and various distribution methods without imposing further licensing restrictions."
        },
        "CC-BY-3.0": {
            "result": false,
            "explanation": "No.\n\nThis license is a permissive Creative Commons Attribution-NonCommercial-ShareAlike 4.0 International (CC BY-NC-SA 4.0) license. It does *not* contain a copyleft clause. It allows for the use, adaptation, and distribution of the work, even in derivative works, as long as attribution is given, the use is non-commercial, and any derivative works are licensed under the same terms."
        },
        "CDDL-1.0": {
            "result": false,
            "explanation": "No.\n\nThis Common Development and Distribution License (CDDL) is a permissive open-source license. It grants users broad rights to use, modify, and distribute the software, including derivative works, without requiring those derivative works to be licensed under the same terms. There is no copyleft clause present."
        },
        "CDDL-1.1": {
            "result": false,
            "explanation": "No.\n\nThe Common Development and Distribution License (CDDL) is a permissive open-source license. It does not contain a copyleft clause. It grants users broad rights to use, modify, and distribute the software, including incorporating it into proprietary applications. The key requirement is attribution to the original developer and compliance with the license terms. There are no restrictions on how the software can be used or distributed, even in commercial products."
        },
        "CPL-1.0": {
            "result": false,
            "explanation": "No.\n\nThis is a permissive license (often referred to as an \"Apache 2.0\" license due to its similarities). It grants broad rights to use, modify, and distribute the program and its derivatives, without requiring those derivatives to be licensed under the same terms. There is no requirement to include the original license or source code in derivative works. It lacks the key characteristics of a copyleft license like the GPL."
        },
        "curl": {
            "result": false,
            "explanation": "No"
        },
        "ECL-1.0": {
            "result": false,
            "explanation": "No."
        },
        "ECL-2.0": {
            "result": false,
            "explanation": "No.\n\n**Explanation:**\n\nThis Educational Community License (ECL) does *not* contain a copyleft clause. Here\u2019s why:\n\n*   **Permissive License:** The ECL is a permissive license. It grants broad rights to use, modify, and distribute the work (and derivative works) without requiring those derivative works to also be licensed under the ECL.\n*   **Redistribution Terms:** Sections 4 and 5 outline how you can redistribute the work, but there's no requirement for derivative works to be licensed under the same terms. You can add your own copyright statements and license terms for your modifications.\n\nTo clarify, a copyleft license would have stipulations like \"if you modify this code, you must release your changes under the same license.\" The ECL doesn't have that."
        },
        "EFL-2.0": {
            "result": false,
            "explanation": "No."
        },
        "EPL-1.0": {
            "result": false,
            "explanation": "No.\n\nThis Eclipse Public License (EPL) is a permissive license. It grants recipients broad rights to use, modify, and distribute the program, including derivative works, without requiring those derivative works to be released under the same license. There is no copyleft clause present in this license."
        },
        "EPL-2.0": {
            "result": false,
            "explanation": "No.\n\n**Explanation:**\n\nThis Eclipse Public License (v2.0) is a permissive license. It grants recipients broad rights to use, modify, and distribute the program and its derivative works, as long as they include the original license and copyright notices. Critically, it does *not* require derivative works to be licensed under the same terms. There are no provisions that would trigger a copyleft effect. The license explicitly states that \"Except as expressly stated in Sections 2(a) and 2(b) above, Recipient receives no rights or licenses to the intellectual property of any Contributor...\" This reinforces the permissive nature of the license."
        },
        "EUPL-1.1": {
            "result": true,
            "explanation": "Yes.\n\nThe European Union Public Licence (EUPL) contains a strong copyleft clause, primarily found in Section 5 (\u201cObligations of the Licensee\u201d). Specifically, it mandates that any Derivative Works distributed or communicated must be done under the terms of the EUPL or a later version, and that the Licensee cannot offer or impose additional terms that alter or restrict the license. This requirement ensures that the freedoms granted by the EUPL are maintained in any derivative works created."
        },
        "EUPL-1.2": {
            "result": true,
            "explanation": "Yes.\n\nThe EUPL contains a strong copyleft clause. Specifically, Section 5 outlines the \u201cCopyleft clause,\u201d which mandates that any distribution or communication of the Original Works or Derivative Works must be done under the terms of the EUPL or a later version of the EUPL. This ensures that the freedoms granted by the license are maintained in any derived works. Furthermore, Section 5 also includes a requirement to carry prominent notices stating that the Work has been modified and the date of modification, furthering the copyleft nature of the license."
        },
        "FSFAP": {
            "result": false,
            "explanation": "No"
        },
        "FSFUL": {
            "result": false,
            "explanation": "No."
        },
        "FSFULLR": {
            "result": false,
            "explanation": "No"
        },
        "FSFULLRWD": {
            "result": false,
            "explanation": "no"
        },
        "FTL": {
            "result": false,
            "explanation": "No."
        },
        "GPL-1.0-only": {
            "result": false,
            "explanation": "No.\n\n**Explanation:**\n\nThe GNU General Public License (GPL) is a permissive license, meaning it allows for the creation of derivative works under different licenses. However, it *does not* contain a strong copyleft clause that would *require* derivative works to also be licensed under the GPL. While the GPL does encourage sharing and modification, it doesn't enforce that all derived works must adhere to the same licensing terms. The appendix instructions suggest adding copyright notices, but this is for attribution and doesn\u2019t represent a copyleft requirement."
        },
        "GPL-1.0-or-later": {
            "result": false,
            "explanation": "No.\n\n**Explanation:**\n\nThe GNU General Public License (GPL) is a strong copyleft license, but this specific excerpt does not explicitly state the copyleft terms. The detailed sections outlining the requirements for modifications, distribution of derivative works, and the inclusion of the GPL notice demonstrate its copyleft nature. However, the excerpt itself only presents the core terms and conditions, not the full details of how those terms apply to derivative works. To confirm a full copyleft assessment, one would need to review the entire GPL text."
        },
        "GPL-2.0-only": {
            "result": false,
            "explanation": "No.\n\n**Explanation:**\n\nThe GNU General Public License (GPL) v2 does *not* contain a strict copyleft clause in the sense that every derivative work *must* be licensed under the GPL. While the GPL encourages free software development and sharing, it allows for certain exceptions. Specifically, Section 3(c) provides a mechanism to avoid the copyleft requirements when distributing object code or executable form, allowing for proprietary software to incorporate GPL-covered code without triggering the entire license's obligations. The license's overall purpose is to maintain freedom and sharing, but it doesn't mandate that *all* derivative works must be GPL licensed."
        },
        "GPL-2.0-only WITH Classpath-exception-2.0": {
            "result": false,
            "explanation": "No.\n\n**Explanation:**\n\nThe GNU General Public License (GPL) is a strong copyleft license. However, this specific excerpt doesn't explicitly state the copyleft requirement. The core of the GPL’s copyleft effect comes from sections 2 and 3, which dictate how derivative works must be licensed. This excerpt focuses on defining the license's scope and terms, but doesn’t directly address the copyleft obligation. A full understanding requires reviewing the complete GPL text."
        },
        "GPL-2.0-or-later": {
            "result": false,
            "explanation": "No.\n\n**Explanation:**\n\nThe GNU General Public License (GPL) version 2 does *not* contain a strict copyleft clause in the same way as some other copyleft licenses (like the GPLv3). While it strongly encourages derivative works to be licensed under the GPL, it doesn\u2019t *require* it.\n\nHere\u2019s a breakdown of why it\u2019s not a strong copyleft license:\n\n*   **Section 4:** This section outlines the conditions under which you *can* distribute derivative works without releasing the source code. You can do this if you accompany the work with a written offer to provide the source code, or if you've received the original program in object code form with the offer.\n*   **No Mandatory Derivative Licensing:** The core of the GPL's effectiveness lies in its requirement that *you* provide the source code to anyone who receives a copy of the program. However, this doesn\u2019t force you to make *all* derivative works subject to the GPL.\n\nTherefore, while the GPL version 2 certainly promotes the sharing of source code, it doesn\u2019t enforce a mandatory copyleft requirement on all derivative works, distinguishing it from more stringent copyleft licenses."
        },
        "GPL-3.0-only": {
            "result": true,
            "explanation": "Yes.\n\n**Explanation:**\n\nThis license is a GNU General Public License (GPL), and GPL licenses *do* contain a copyleft clause. Specifically, Section 13 allows linking with works licensed under the GPL, but it also stipulates that any combined work must continue to be licensed under the GPL. This ensures that derivative works also retain the freedoms granted by the original license, effectively requiring that the copyleft provisions are maintained throughout the entire ecosystem of software built upon it. This is the core characteristic of a copyleft license."
        },
        "GPL-3.0-or-later": {
            "result": true,
            "explanation": "Yes.\n\n**Explanation:**\n\nThis license is a copyleft license (specifically, the GNU General Public License - GPL). The key indicators of a copyleft clause are:\n\n*   **Requirement for Derivative Works:** The license explicitly states: \"you can redistribute it and/or modify it under the terms of the GNU General Public License\". This mandates that if you create a derivative work (a modified version of the program), you must distribute it under the same GPL terms.\n*   **Preservation of Freedom:** The GPL\u2019s core principle is to ensure that the freedoms granted to users of the original software are preserved in any derivative works.\n\nThe inclusion of these clauses clearly establishes the copyleft nature of the license, ensuring that the freedoms associated with the original work are maintained throughout the software\u2019s lifecycle and in any derived versions."
        },
        "HPND": {
            "result": false,
            "explanation": "No."
        },
        "IBM-pibs": {
            "result": false,
            "explanation": "No"
        },
        "ICU": {
            "result": false,
            "explanation": "No"
        },
        "IJG": {
            "result": false,
            "explanation": "No."
        },
        "ImageMagick": {
            "result": false,
            "explanation": "No.\n\n**Explanation:**\n\nThe ImageMagick License is a permissive license. It grants broad rights to use, modify, and distribute the software, including derivative works, without requiring those derivative works to be licensed under the same terms. There is no copyleft clause. It is a \"do what you want\" license, as long as the attribution requirements are met."
        },
        "Info-ZIP": {
            "result": false,
            "explanation": "No."
        },
        "IPL-1.0": {
            "result": false,
            "explanation": "No.\n\nThis IBM Public License Version 1.0 is a permissive license. It grants recipients broad rights to use, modify, and distribute the Program, including derivative works, without requiring those derivative works to be released under the same license. There is no copyleft clause present."
        },
        "ISC": {
            "result": false,
            "explanation": "No."
        },
        "JasPer-2.0": {
            "result": false,
            "explanation": "No."
        },
        "LGPL-2.0-only": {
            "result": false,
            "explanation": "No.\n\n**Explanation:**\n\nThis is the GNU Library General Public License (GPL), and it does *not* contain a strong copyleft clause like the GPLv3. While it does require that derivative works be licensed under the GPL, it allows for incorporating the library into proprietary software. The key difference from the GPLv3 is that it doesn't mandate that *all* derived works be licensed under the GPL; only those that are distributed as a library or modified and distributed. This makes it a permissive license, allowing for more flexibility in how it's used."
        },
        "LGPL-2.0-or-later": {
            "result": false,
            "explanation": "No.\n\n**Explanation:**\n\nThis is a GNU Library General Public License (GPL). While the GPL *does* have a copyleft clause (specifically, Section 9), the question asks if the *license itself* contains a copyleft clause. The license document itself, with its terms and conditions, is where the copyleft provisions are explicitly stated. The above answer confirms that the license document does contain a copyleft clause."
        },
        "LGPL-2.1-only": {
            "result": false,
            "explanation": "No.\n\n**Explanation:**\n\nThe Lesser General Public License (LGPL) is a permissive license. It allows you to use, modify, and distribute the library, even in proprietary software. However, if you *link* the LGPL library into your own software, you must provide users with a copy of the LGPL license and a notice that the library is LGPL-licensed. The key here is the \"link\" \u2013 the LGPL doesn\u2019t require that your entire application be licensed under the LGPL if you are simply using the library as a component. It does require specific actions when you combine the LGPL library with other code."
        },
        "LGPL-2.1-or-later": {
            "result": false,
            "explanation": "No."
        },
        "LGPL-3.0-only": {
            "result": true,
            "explanation": "Yes.\n\n**Explanation:**\n\nThis license is a GNU General Public License (GPL), which is a strong copyleft license. The key elements that demonstrate this are:\n\n*   **\u201cThis program is free software: you can redistribute it and/or modify it under the terms of the GNU General Public License\u2026\u201d:** This explicitly states the copyleft requirement \u2013 derivative works must also be licensed under the GPL.\n*   **\u201c...ensuring that the freedoms granted by the license are preserved in derivative works.\u201d** This reiterates the core purpose of a copyleft license.\n\nThe license\u2019s clauses regarding attribution, redistribution, modification, and the requirement to provide the source code to anyone receiving the program further enforce the copyleft nature. The inclusion of both the GPL and the Lesser GPL as alternatives highlights the license\u2019s intention to maintain open-source freedoms."
        },
        "LGPL-3.0-or-later": {
            "result": true,
            "explanation": "Yes.\n\n**Explanation:**\n\nThis license, the GNU General Public License (GPL), contains a strong copyleft clause. Specifically, sections 7 and 13 address this directly. Here\u2019s a breakdown of why it\u2019s considered a copyleft license:\n\n*   **Section 7:** This section details the requirements for granting a patent license if you are conveying the covered work. Critically, it includes a clause requiring you to \"extend the patent license to downstream recipients\" if you\u2019re conveying the work. This implies that any derivative work, and consequently the downstream users of that work, must also have the benefit of the patent license.\n\n*   **Section 13:** This explicitly allows linking or combining the covered work with other works licensed under the GPL. However, it adds an important stipulation: the terms of the GPL will continue to apply to the combined work. This ensures that the freedoms granted by the GPL are maintained in the derivative work.\n\nThe presence of these clauses demonstrates a clear intention to ensure that derivative works also remain freely distributable under the GPL terms. This is the defining characteristic of a copyleft license."
        },
        "Libpng": {
            "result": false,
            "explanation": "No"
        },
        "libpng-2.0": {
            "result": false,
            "explanation": "No"
        },
        "libtiff": {
            "result": false,
            "explanation": "No."
        },
        "LicenseRef-scancode-bsla-no-advert": {
            "result": false,
            "explanation": "No"
        },
        "LicenseRef-scancode-info-zip-2003-05": {
            "result": false,
            "explanation": "No"
        },
        "LicenseRef-scancode-ppp": {
            "result": false,
            "explanation": "No"
        },
        "Minpack": {
            "result": false,
            "explanation": "No"
        },
        "MirOS": {
            "result": false,
            "explanation": "No."
        },
        "MIT": {
            "result": false,
            "explanation": "No."
        },
        "MIT-0": {
            "result": false,
            "explanation": "No"
        },
        "MIT-CMU": {
            "result": false,
            "explanation": "No."
        },
        "MPL-1.1": {
            "result": true,
            "explanation": "Yes.\n\n**Explanation:**\n\nThis license is a copyleft license due to several key provisions:\n\n*   **Requirement of Same License:** The license explicitly states, \"you may not use this file except in compliance with the License\" and \"You agree to work with Initial Developer and Contributors to distribute such responsibility on an equitable basis,\" reinforcing the need to distribute derivative works under the same MPL license.\n*   **Preservation of Freedom:** The core purpose of a copyleft license is to ensure that the freedoms granted by the original license are maintained in any derivative works. This license achieves that goal through its requirements for compliance with the MPL.\n\nThe presence of these elements firmly establishes this license as a copyleft license."
        },
        "MPL-2.0": {
            "result": true,
            "explanation": "Yes.\n\n**Explanation:**\n\nThe Mozilla Public License v2.0 is a copyleft license. Here\u2019s why:\n\n*   **Section 2.1(a):** Grants the recipient the right to use, modify, and distribute the Covered Software (including modifications) under the terms of the license. This is a key characteristic of a copyleft license.\n*   **Section 3.1:** Requires all distribution of Source Code Form to be under the terms of the MPL.\n*   **Section 10.2:**  Specifies that the license can be applied to subsequent versions, reinforcing the copyleft nature.\n\nThe license's intent is to ensure that any derivative works remain subject to the same freedoms as the original, thereby promoting the sharing and reuse of the software."
        },
        "MPL-2.0-no-copyleft-exception": {
            "result": false,
            "explanation": "No.\n\n**Explanation:**\n\nWhile the Mozilla Public License v2.0 grants significant rights to the licensee, it does *not* contain a strict copyleft clause. The license allows for the distribution of derivative works under different licenses, including commercial licenses and secondary licenses (like the GPL). The key provisions related to maintaining freedoms are found in sections like 3.1 and 3.2, which require distribution of source code and provide for modifications and adaptations, but they don\u2019t mandate that all derived works must also be licensed under the Mozilla Public License. It\u2019s a permissive license that balances the rights of the contributor with the rights of the licensee."
        },
        "MS-PL": {
            "result": false,
            "explanation": "No."
        },
        "MS-RL": {
            "result": false,
            "explanation": "No."
        },
        "NBPL-1.0": {
            "result": false,
            "explanation": "No.\n\n**Explanation:**\n\nThis license, the Net Boolean Public License, does *not* contain a copyleft clause. Here\u2019s why:\n\n*   **Flexibility in Derivative Works:** Paragraphs 3 and 4 allow for significant modifications and distribution of derivative works without requiring them to be licensed under the same terms. The options listed (making modifications public domain, restricting distribution to a corporation, or providing standard versions alongside modifications) all permit distributing derivative works under different license terms.\n*   **Lack of \"Same License\" Requirement:** A key characteristic of copyleft licenses is that they mandate that any derivative work must be distributed under the *same* license. This Net Boolean license explicitly avoids this requirement.\n\nThe license focuses on providing freedom to use and modify the original package, but it doesn\u2019t impose conditions on how those changes are distributed in derivative works."
        },
        "NCSA": {
            "result": false,
            "explanation": "No."
        },
        "NTP": {
            "result": false,
            "explanation": "No."
        },
        "OGC-1.0": {
            "result": false,
            "explanation": "No."
        },
        "OLDAP-2.8": {
            "result": false,
            "explanation": "No."
        },
        "OpenSSL": {
            "result": false,
            "explanation": "No."
        },
        "OSL-3.0": {
            "result": false,
            "explanation": "No.\n\nThis Open Software License v. 3.0 (OSL-3.0) does not contain a copyleft clause. It grants a broad range of rights to the licensee, including the creation and distribution of derivative works under different license terms. There is no requirement that derivative works be licensed under the OSL-3.0 itself. The license allows for commercial use, modification, and distribution of the original work and its derivatives under other licenses."
        },
        "PHP-3.01": {
            "result": false,
            "explanation": "No.\n\nThe PHP License, version 3.01, is a permissive license. It does not contain a copyleft clause. It allows for the use, modification, and distribution of the software, including derivative works, under its specified conditions (copyright notices, disclaimer, etc.) without requiring those derivative works to be licensed under the same terms."
        },
        "PostgreSQL": {
            "result": false,
            "explanation": "No."
        },
        "Python-2.0": {
            "result": false,
            "explanation": "No."
        },
        "Qhull": {
            "result": false,
            "explanation": "No."
        },
        "RSA-MD": {
            "result": false,
            "explanation": "No."
        },
        "Saxpath": {
            "result": false,
            "explanation": "No."
        },
        "SGI-B-2.0": {
            "result": false,
            "explanation": "No."
        },
        "Sleepycat": {
            "result": false,
            "explanation": "no"
        },
        "SMLNJ": {
            "result": false,
            "explanation": "No."
        },
        "Spencer-86": {
            "result": false,
            "explanation": "No"
        },
        "SSH-OpenSSH": {
            "result": false,
            "explanation": "No."
        },
        "SSH-short": {
            "result": false,
            "explanation": "No"
        },
        "SunPro": {
            "result": false,
            "explanation": "No."
        },
        "Unicode-DFS-2015": {
            "result": false,
            "explanation": "No."
        },
        "Unicode-DFS-2016": {
            "result": false,
            "explanation": "No.\n\nThe license explicitly grants broad permissions for use, copying, modification, and distribution of the Unicode data files and software. It does not include any requirements for derivative works to be licensed under the same terms \u2013 a key characteristic of a copyleft clause. The only requirement is the inclusion of the copyright and permission notice."
        },
        "Unlicense": {
            "result": false,
            "explanation": "No."
        },
        "UPL-1.0": {
            "result": false,
            "explanation": "No."
        },
        "W3C": {
            "result": false,
            "explanation": "No."
        },
        "W3C-19980720": {
            "result": false,
            "explanation": "No."
        },
        "W3C-20150513": {
            "result": false,
            "explanation": "No."
        },
        "WTFPL": {
            "result": false,
            "explanation": "No."
        },
        "X11": {
            "result": false,
            "explanation": "No."
        },
        "XFree86-1.1": {
            "result": false,
            "explanation": "No."
        },
        "Zlib": {
            "result": false,
            "explanation": "No."
        },
        "zlib-acknowledgement": {
            "result": false,
            "explanation": "No"
        },
        "ZPL-2.0": {
            "result": false,
            "explanation": "No."
        }
    }
}