{
    "llm": "gemma3:4b",
    "copyleft": {
        "0BSD": {
            "result": false,
            "explanation": "No."
        },
        "AFL-2.0": {
            "result": false,
            "explanation": "No.\n\nThis Academic Free License (AFL) is a permissive license. It grants broad rights to use, modify, and distribute the Original Work and Derivative Works without requiring those derivative works to also be licensed under the AFL. There\u2019s no requirement for copyleft \u2013 no obligation to share modifications under the same license. It's a classic example of a \u201cdo what you want\u201d license."
        },
        "AFL-2.1": {
            "result": false,
            "explanation": "No.\n\nThis Academic Free License (v.2.1) is a permissive license. It grants broad rights to use, modify, and distribute the Original Work and Derivative Works without requiring that those derivative works also be licensed under the same terms. There is no provision for \u201cviral\u201d copyleft; it doesn\u2019t mandate that derivative works be licensed under the same terms."
        },
        "AFL-3.0": {
            "result": false,
            "explanation": "No.\n\nThis Academic Free License (AFL) v. 3.0 does not contain a copyleft clause. It grants a broad range of rights to use, modify, and distribute the Original Work and its derivatives, but it does not require that derivative works also be licensed under the AFL. The license permits different license terms for derivative works, as long as they don\u2019t contradict the terms of the AFL."
        },
        "AGPL-3.0-only": {
            "result": true,
            "explanation": "Yes.\n\n**Explanation:**\n\nThis license, the GNU Affero General Public License (AGPL), contains a strong copyleft clause. Specifically, section 17 states: \"If the disclaimer of warranty and limitation of liability provided above cannot be given local legal effect according to their terms, reviewing courts shall apply local law that most closely approximates an absolute waiver of all civil liability in connection with the Program, unless a warranty or assumption of liability accompanies a copy of the program in return for a fee.\u201d This strongly suggests a copyleft approach.\n\nFurthermore, several other sections (13, 17) emphasize the requirement for providing source code to users interacting remotely and safeguarding the freedom to modify and redistribute. This all points to a copyleft license."
        },
        "AGPL-3.0-or-later": {
            "result": true,
            "explanation": "Yes.\n\n**Explanation:**\n\nThe GNU Affero General Public License (AGPL) is a strong copyleft license. Several key provisions demonstrate this:\n\n*   **Section 7 (Patent License):** It grants a patent license to users, but this license is conditional.\n*   **Section 7(b) (Knowingly Relying):** This is a critical copyleft provision. If you rely on a patent license to convey the work, and the source code isn't available, you *must* either make the source available, deprive yourself of the patent license, or extend the license to downstream recipients. This effectively requires derivative works to also be AGPL-licensed.\n*   **Section 9 (Remote Network Interaction):** If the software interacts remotely, it *must* provide a way for users to obtain the source code, further reinforcing the copyleft requirement.\n\nThese aspects combined firmly establish the AGPL as a copyleft license, ensuring that any derivative works remain free software under the same terms."
        },
        "Apache-1.0": {
            "result": false,
            "explanation": "No"
        },
        "Apache-1.1": {
            "result": false,
            "explanation": "No"
        },
        "Apache-2.0": {
            "result": false,
            "explanation": "No."
        },
        "Artistic-1.0": {
            "result": false,
            "explanation": "No.\n\n**Explanation:**\n\nThis license, known as the \"Artistic License,\" is a permissive license. It grants users significant freedom to use, modify, and distribute the software, including derivative works, without requiring them to release their modifications under the same license. There is no requirement for derivative works to be licensed under the same terms, which is the defining characteristic of a copyleft clause."
        },
        "Artistic-1.0-Perl": {
            "result": false,
            "explanation": "No.\n\nThis license is a permissive license, specifically the \"Artistic License.\" It grants users significant freedom to modify, distribute, and use the software without requiring them to release their derivative works under the same license. There is no requirement for derivative works to be released under the same terms, and therefore, no copyleft clause exists."
        },
        "Artistic-2.0": {
            "result": false,
            "explanation": "No.\n\nThe Artistic License 2.0 does not contain a copyleft clause. It allows for the creation and distribution of modified versions of the software under different licenses, including proprietary licenses. The key provision is that if you distribute a modified version as source, you must meet one of the conditions outlined in Section 4, but this does not mandate that derivative works also be licensed under the Artistic License."
        },
        "Bitstream-Vera": {
            "result": false,
            "explanation": "No.\n\n**Explanation:**\n\nThis license is a proprietary license provided by Bitstream, Inc. It grants permission to use, copy, and modify the fonts, but it does not include any copyleft provisions. There are no requirements for derivative works to be licensed under the same terms. The license focuses on usage rights and attribution, but lacks the key elements of a copyleft license."
        },
        "blessing": {
            "result": false,
            "explanation": "No"
        },
        "BlueOak-1.0.0": {
            "result": false,
            "explanation": "No."
        },
        "BSD-1-Clause": {
            "result": false,
            "explanation": "No."
        },
        "BSD-2-Clause": {
            "result": false,
            "explanation": "No."
        },
        "BSD-2-Clause-Patent": {
            "result": false,
            "explanation": "No."
        },
        "BSD-3-Clause": {
            "result": false,
            "explanation": "No"
        },
        "BSD-3-Clause-Open-MPI": {
            "result": false,
            "explanation": "No."
        },
        "BSD-4-Clause": {
            "result": false,
            "explanation": "No"
        },
        "BSD-4-Clause-UC": {
            "result": false,
            "explanation": "No"
        },
        "BSD-4.3TAHOE": {
            "result": false,
            "explanation": "No"
        },
        "BSD-Source-Code": {
            "result": false,
            "explanation": "No."
        },
        "BSL-1.0": {
            "result": false,
            "explanation": "No."
        },
        "bzip2-1.0.5": {
            "result": false,
            "explanation": "No"
        },
        "bzip2-1.0.6": {
            "result": false,
            "explanation": "No."
        },
        "CC-BY-2.5": {
            "result": false,
            "explanation": "No.\n\nThis Creative Commons Attribution 2.5 Public License does not contain a copyleft clause. It grants a broad range of rights to the licensee, including the creation and distribution of derivative works under different license terms. The license explicitly allows for modifications and distribution under different terms, and does not require that derivative works be licensed under the same terms as the original work."
        },
        "CC-BY-3.0": {
            "result": false,
            "explanation": "No.\n\nThis license does not contain a copyleft clause. It\u2019s a permissive license (specifically, a Creative Commons Attribution-type license). It allows for the use, adaptation, and distribution of the Work, even in derivative works, as long as attribution to the original author is provided. There are no requirements that derivative works must also be licensed under the same terms."
        },
        "CDDL-1.0": {
            "result": false,
            "explanation": "No.\n\n**Explanation:**\n\nThis is a permissive open-source license (specifically the Common Development and Distribution License or CDDL v1.0). It does *not* contain a copyleft clause.\n\nHere's why:\n\n*   **No requirement for derivative works to be licensed under the same terms:** The license explicitly allows you to combine the covered software with other code, even if that code isn't covered by the CDDL.\n*   **No \"share-alike\" provision:** There's no clause stating that if you modify or distribute the covered software, you must make your changes available under the same license.\n*   **Permissive Usage:** The license grants a broad range of rights, including commercial use, modification, and distribution, without requiring you to release your modifications under the same terms.\n\nA copyleft license, such as the GNU General Public License (GPL), would have provisions requiring derivative works to be licensed under the GPL."
        },
        "CDDL-1.1": {
            "result": false,
            "explanation": "No.\n\nThe Common Development and Distribution License (CDDL) does *not* contain a copyleft clause. It's a permissive license, meaning it allows for the use, modification, and distribution of the software, including in proprietary works, without requiring derivative works to be licensed under the same terms. The license grants broad rights, but it doesn't impose any restrictions on how the software can be used or incorporated into other projects. The key difference from copyleft licenses (like GPL) is the lack of a requirement to share modifications under the same license."
        },
        "CPL-1.0": {
            "result": false,
            "explanation": "No.\n\n**Explanation:**\n\nThis license is a permissive open-source license, most notably the Common Development and Commercial License (CDDL). It grants broad rights to use, modify, and distribute the software, including derivative works, without requiring those derivative works to be licensed under the same terms. There is no copyleft clause present. The license explicitly states that Recipient is solely responsible for ensuring any necessary intellectual property rights are secured and that it receives no rights to the intellectual property of any Contributor beyond what's explicitly granted."
        },
        "curl": {
            "result": false,
            "explanation": "No."
        },
        "ECL-1.0": {
            "result": false,
            "explanation": "No."
        },
        "ECL-2.0": {
            "result": false,
            "explanation": "No.\n\n**Explanation:**\n\nThe Educational Community License (ECL) 2.0 does *not* contain a copyleft clause. Here\u2019s why:\n\n*   **Permissive License:** The ECL 2.0 is a permissive license. This means you can use, modify, and distribute the Work and Derivative Works under different license terms, including commercial licenses.\n*   **No Requirement for Derivative Works to be Licensed Under ECL:** The license explicitly states you can add your own copyright statement and different license terms for your modifications or Derivative Works. There's no requirement that derivative works be distributed under the ECL 2.0.\n\nThe key phrase that indicates this is section 4, which allows you to add your own copyright statement and license terms for your modifications."
        },
        "EFL-2.0": {
            "result": false,
            "explanation": "No."
        },
        "EPL-1.0": {
            "result": false,
            "explanation": "No.\n\nThis Eclipse Public License (EPL) is a permissive license. It grants recipients broad rights to use, modify, and distribute the program, including derivative works, without requiring those derivative works to be licensed under the same terms. There is no copyleft clause."
        },
        "EPL-2.0": {
            "result": false,
            "explanation": "No.\n\n**Explanation:**\n\nThis Eclipse Public License (v2.0) does *not* contain a copyleft clause. Here's why:\n\n*   **Non-Restrictive:** The license grants a wide range of permissions, including the ability to create derivative works and distribute them under different licenses (as long as those licenses meet the requirements outlined in Section 3.3).\n*   **No Requirement for Derivative Works to be Licensed Under the Same Terms:**  It doesn't mandate that any changes or additions to the Program (even derivative works) must be released under the same Eclipse Public License.\n*   **Commercial Distribution Allowed:** The license explicitly allows for commercial distribution and integration into commercial products.\n\nA copyleft license would have provisions requiring that derivative works also be distributed under the same license, thereby propagating the original license\u2019s freedoms. This Eclipse license does not have that requirement."
        },
        "EUPL-1.1": {
            "result": true,
            "explanation": "Yes.\n\nThe EUPL contains a strong copyleft clause, primarily found in section 5 (\u201cObligations of the Licensee\u201d). Specifically, it states: \u201cIf the Licensee distributes and/or communicates copies of the Original Works or Derivative Works based upon the Original Work, this Distribution and/or Communication will be done under the terms of this Licence or of a later version of this Licence unless the Original Work is expressly distributed only under this version of the Licence.\u201d Furthermore, it mandates the inclusion of copyright notices and the attribution of the original work, all crucial elements of a copyleft license. The requirement to maintain compatibility with the license in derivative works solidifies its copyleft nature."
        },
        "EUPL-1.2": {
            "result": true,
            "explanation": "Yes.\n\nThe EUPL contains a strong copyleft clause. Specifically, Article 5 outlines the \u201cCompatible Licences\u201d and states that \u201cDistribution or Communication by You of the Work or copies thereof\u2026will be done under the terms of this Licence or of a later version of this Licence unless the Original Work is expressly distributed only under this version of the Licence \u2014 for example by communicating \u2018EUPL v. 1.2 only\u2019\u201d. This clearly mandates that any derivative works must also be licensed under the EUPL, ensuring the preservation of the original license\u2019s freedoms. Furthermore, the definition of \"Compatible Licences\" reinforces this commitment by listing licenses with similar copyleft provisions."
        },
        "FSFAP": {
            "result": false,
            "explanation": "No"
        },
        "FSFUL": {
            "result": false,
            "explanation": "No."
        },
        "FSFULLR": {
            "result": false,
            "explanation": "No."
        },
        "FSFULLRWD": {
            "result": false,
            "explanation": "no"
        },
        "FTL": {
            "result": false,
            "explanation": "No."
        },
        "GPL-1.0-only": {
            "result": false,
            "explanation": "No."
        },
        "GPL-1.0-or-later": {
            "result": false,
            "explanation": "No.\n\n**Explanation:**\n\nThe GNU General Public License (GPL) is a strong copyleft license. However, this specific excerpt does *not* contain the core elements that define a copyleft clause. It focuses on the user's rights regarding the original program and any modifications, but it doesn\u2019t mandate that derivative works must also be licensed under the GPL. The appendix provides guidance on how to include GPL notices in new software, but that\u2019s simply a recommendation, not a requirement. The full GPL license contains clauses that enforce this copyleft provision."
        },
        "GPL-2.0-only": {
            "result": false,
            "explanation": "No.\n\n**Explanation:**\n\nThe GNU General Public License (GPL) v2 does *not* have a strict, enforced copyleft clause in the same way as the GPLv3. While it strongly encourages derivative works to be licensed under the GPL, it doesn't automatically make them so.\n\nHere\u2019s a breakdown of why it\u2019s not a strict copyleft license:\n\n*   **Section 3(c):** This section allows you to incorporate the GPL-licensed program into a non-GPL project, as long as you meet certain conditions (providing source code, offering a license, etc.). This is a key difference from a true copyleft license like GPLv3.\n*   **No Mandatory Derivative Licensing:** The GPLv2 does not require all derivative works to be licensed under the GPL. It's primarily about ensuring that the original source code is available and that users understand their rights.\n\nTherefore, while the GPLv2 strongly promotes freedom and sharing, it doesn\u2019t enforce derivative works to be licensed under the same terms."
        },
        "GPL-2.0-only WITH Classpath-exception-2.0": {
            "result": false,
            "explanation": "No.\n\n**Explanation:**\n\nThe GNU General Public License (GPL) is a strong copyleft license. However, this specific excerpt doesn't explicitly detail the copyleft provisions. It focuses on the core principles of the GPL \u2013 guaranteeing freedom to copy, modify, and distribute \u2013 but it doesn\u2019t include the clauses that make it a true copyleft license. The clauses regarding derivative works, licensing of derivative works, and the requirement for distributing source code with derivative works are absent from this excerpt. Therefore, while the license protects the original program and allows for its redistribution, it doesn't impose these restrictions on works based upon it."
        },
        "GPL-2.0-or-later": {
            "result": false,
            "explanation": "No.\n\n**Explanation:**\n\nThe GNU General Public License (GPL) Version 2 does *not* contain a strong copyleft clause in the same way as the GPLv3. While it does include provisions regarding distribution and modifications, it doesn't explicitly require that derivative works also be licensed under the GPL.\n\nHere's a breakdown of why it's considered a weaker copyleft license than, for example, the GPLv3:\n\n*   **Permits Proprietary Derivatives:** The license allows you to create and distribute a work that incorporates the GPL-licensed program as part of a proprietary software product.\n*   **\"Works Based on the Program\" Definition:** The definition of a \"work based on the program\" is broad and can include non-free software.\n*   **No Requirement for Source Code Distribution:**  You aren't forced to make the source code of your derivative work available.\n\nWhile the license does have provisions to encourage the preservation of freedoms and protect the original author's rights, it doesn't enforce the same level of copyleft obligation as more restrictive licenses."
        },
        "GPL-3.0-only": {
            "result": true,
            "explanation": "Yes.\n\n**Explanation:**\n\nThis license is a GNU General Public License (GPL), which *does* contain a strong copyleft clause. Here's why:\n\n*   **Section 13:** This section explicitly allows linking the covered work with other works licensed under the GPL, and *requires* that the combination remains subject to the GPL terms.\n*   **Overall Philosophy:** The GPL is designed to ensure that any derivative works also remain free software, preventing them from being incorporated into proprietary software. The entire structure of the license (particularly sections 13 and 14 regarding versioning) reinforces this copyleft approach.\n\nThe core of the GPL is to ensure that the freedom to redistribute, study, change, and improve the software is maintained throughout the software\u2019s entire lifecycle."
        },
        "GPL-3.0-or-later": {
            "result": true,
            "explanation": "Yes.\n\n**Explanation:**\n\nThis license is a GNU General Public License (GPL), and GPL licenses are explicitly designed to be copyleft licenses. This means that any derivative works based on the program *must* also be licensed under the GPL. The entire point of the GPL is to ensure that the freedoms associated with the original software are preserved in all subsequent versions and modifications. The license explicitly states \"you can redistribute it and/or modify it under the terms of the GNU General Public License,\" solidifying this copyleft provision."
        },
        "HPND": {
            "result": false,
            "explanation": "No"
        },
        "IBM-pibs": {
            "result": false,
            "explanation": "No"
        },
        "ICU": {
            "result": false,
            "explanation": "No."
        },
        "IJG": {
            "result": false,
            "explanation": "No."
        },
        "ImageMagick": {
            "result": false,
            "explanation": "No.\n\n**Explanation:**\n\nThe ImageMagick License is a permissive license. It does not include any copyleft provisions. It grants users broad rights to use, modify, and distribute the software, including derivative works, under the specified conditions (attribution, etc.). There is no requirement that any modifications or derivative works be released under the same license."
        },
        "Info-ZIP": {
            "result": false,
            "explanation": "No."
        },
        "IPL-1.0": {
            "result": false,
            "explanation": "No.\n\nThis IBM Public License Version 1.0 is a permissive license. It grants recipients a non-exclusive, royalty-free right to use, modify, and distribute the Program, including derivative works, without requiring those derivative works to be released under the same license. There is no copyleft clause present."
        },
        "ISC": {
            "result": false,
            "explanation": "No."
        },
        "JasPer-2.0": {
            "result": false,
            "explanation": "No."
        },
        "LGPL-2.0-only": {
            "result": false,
            "explanation": "No.\n\n**Explanation:**\n\nThis is the GNU Library General Public License (GPL), and it does *not* contain a copyleft clause. The GPL is a \"weak copyleft\" license. It allows you to link the library into proprietary software, but if you modify the library itself and redistribute those modified versions, you *must* release the source code of your changes under the GPL. However, it doesn't require that *all* derivative works be licensed under the GPL. This contrasts with strong copyleft licenses like the GPLv3, which mandate that all derivative works also be licensed under the GPL."
        },
        "LGPL-2.0-or-later": {
            "result": false,
            "explanation": "No.\n\n**Explanation:**\n\nThe GNU Library General Public License (LGPL) is a *weak copyleft* license. While it does have copyleft provisions, they are less restrictive than those found in stronger copyleft licenses like the GPL. Here's a breakdown of why it's considered weak copyleft:\n\n*   **Linking Allowed:** The LGPL permits linking to the library from non-free software. This is a key difference from the GPL, which generally prohibits linking to the library from proprietary software.\n*   **Modification of Library Allowed:** You can modify the LGPL library itself without being required to release your derivative work under the LGPL.\n*   **Re-linking Allowed:** You can re-link the LGPL library into your own compiled binary, even if your binary is not licensed under the LGPL.\n\nBecause of these allowances, the LGPL does not impose a strict copyleft requirement. It\u2019s more about ensuring that changes to the library itself are made available. The fact that linking to the library is permitted without requiring the entire derivative work to be licensed under the LGPL is what makes it a weak copyleft license."
        },
        "LGPL-2.1-only": {
            "result": false,
            "explanation": "No.\n\n**Explanation:**\n\nThis is the Lesser General Public License (LGPL), and it does *not* contain a strong copyleft clause like the GPL. While it encourages free software development, it allows you to link the library with proprietary software. Specifically, the license states: \"You may link the library with proprietary software.\" This is a key difference from the GPL, which mandates that any derivative works also be licensed under the GPL. The LGPL is designed to be more flexible, allowing developers to use the library in commercial applications without requiring the entire application to be open-sourced."
        },
        "LGPL-2.1-or-later": {
            "result": false,
            "explanation": "No.\n\n**Explanation:**\n\nThis is the Lesser General Public License (LGPL), and it does *not* contain a strong copyleft clause like the GPL. The LGPL is designed to be more permissive. It allows you to link LGPL libraries into proprietary software.  A key difference is that if you modify the LGPL library itself, you don't have to release your entire application under the LGPL. You only need to release changes you make to the LGPL library itself. The license clearly states that linking to the library is permitted, and the overall goal is to promote widespread use, even within proprietary software."
        },
        "LGPL-3.0-only": {
            "result": true,
            "explanation": "Yes.\n\n**Explanation:**\n\nThis license is a copyleft license, specifically the GNU General Public License (GPL). Here's why:\n\n*   **Copyleft Clause:** The core of the GPL is its \"copyleft\" clause. It states that any derivative work (i.e., any work based on or derived from the original program) must also be licensed under the GPL. This ensures that the freedoms granted by the license are preserved in any modifications or extensions of the original program. This is a key characteristic of copyleft licenses.\n*   **Requirement of Attribution:** The license also requires that the original copyright notice and the GPL license itself be included in any derivative works.\n*   **Purpose:** The entire framework of the GPL is designed to ensure that software remains free and open-source, preventing proprietary modifications and promoting collaborative development."
        },
        "LGPL-3.0-or-later": {
            "result": true,
            "explanation": "Yes.\n\n**Explanation:**\n\nThis license is a GNU General Public License (GPL), and GPL licenses are explicitly copyleft licenses. This means that any derivative work (e.g., a modified version of the program) *must* also be licensed under the GPL, ensuring that the freedoms associated with the original program are retained in all subsequent versions. The inclusion of clauses regarding \u201cdiscriminatory patent licenses\u201d and the requirement to extend patent licenses to downstream recipients further reinforces this copyleft nature. The explicit discouragement of incorporating the program into proprietary programs further solidifies this key characteristic."
        },
        "Libpng": {
            "result": false,
            "explanation": "No"
        },
        "libpng-2.0": {
            "result": false,
            "explanation": "No"
        },
        "libtiff": {
            "result": false,
            "explanation": "No."
        },
        "LicenseRef-scancode-bsla-no-advert": {
            "result": false,
            "explanation": "No"
        },
        "LicenseRef-scancode-info-zip-2003-05": {
            "result": false,
            "explanation": "No"
        },
        "LicenseRef-scancode-ppp": {
            "result": false,
            "explanation": "No"
        },
        "Minpack": {
            "result": false,
            "explanation": "No."
        },
        "MirOS": {
            "result": false,
            "explanation": "No."
        },
        "MIT": {
            "result": false,
            "explanation": "No"
        },
        "MIT-0": {
            "result": false,
            "explanation": "No"
        },
        "MIT-CMU": {
            "result": false,
            "explanation": "No."
        },
        "MPL-1.1": {
            "result": false,
            "explanation": "No.\n\n**Explanation:**\n\nWhile the Mozilla Public License (MPL) has some copyleft elements, it's not a strong copyleft license like the GPL. Here\u2019s a breakdown of why it doesn\u2019t meet the criteria for a strong copyleft clause:\n\n*   **Optional Copyleft:** The MPL allows you to incorporate it into proprietary (non-free) software. You don\u2019t have to release your entire derived work under the MPL.\n*   **Commercial Use Permitted:** You can use the MPL-licensed code in commercial applications without requiring the entire codebase to be open-sourced.\n*   **Choice of Licenses:** The license explicitly allows for the use of the MPL-licensed code under alternative licenses.\n\nTherefore, the MPL is considered a \u201cweak copyleft\u201d license because it primarily aims to protect the MPL code itself, rather than ensuring that all derivative works are also open-sourced."
        },
        "MPL-2.0": {
            "result": true,
            "explanation": "Yes.\n\n**Reasoning:**\n\nThe Mozilla Public License v2.0 contains a strong copyleft clause. Several elements support this:\n\n*   **Section 2.1(a):** Grants the recipient the right to \"modify, display, perform, distribute, and otherwise exploit\" the Covered Software, including modifications.\n*   **Section 3.1:** Requires that any distribution of Source Code Form (including modifications) must be under the terms of this License.\n*   **Section 10.2:**  Outlines the process for distributing newer versions of the license, reinforcing that derivative works must comply with the license.\n*   **Exhibit B - \"Incompatible With Secondary Licenses\" Notice**: This explicitly states that the Source Code Form is incompatible with secondary licenses, highlighting the copyleft nature.\n\nThese provisions collectively establish a copyleft license, meaning that any derivative works must also be licensed under the Mozilla Public License v2.0."
        },
        "MPL-2.0-no-copyleft-exception": {
            "result": true,
            "explanation": "Yes.\n\n**Justification:**\n\nThe Mozilla Public License v2.0 is a copyleft license. Several key clauses demonstrate this:\n\n*   **Sections 2.1(a) and 3.1:** These sections explicitly state that all distributions of the Covered Software (including modifications) must be under the terms of the MPL. This mandates that any derivative work also uses the MPL.\n*   **Section 3.3:** This section further reinforces the copyleft nature by requiring a Larger Work to also comply with the MPL if it includes Covered Software.\n*   **Exhibit A and Exhibit B:** These exhibits reinforce the license terms and the \u201cIncompatible With Secondary Licenses\u201d clause, highlighting the need to adhere to the MPL.\n\nThe core purpose of the MPL is to ensure that the freedoms granted by the license are preserved in any derivative works. This makes it a clear copyleft license."
        },
        "MS-PL": {
            "result": false,
            "explanation": "No."
        },
        "MS-RL": {
            "result": false,
            "explanation": "No.\n\n**Explanation:**\n\nThe Microsoft Reciprocal License (Ms-RL) is a permissive license. It grants broad rights to use, modify, and distribute the software and its derivatives, but it does *not* include a copyleft clause. The reciprocal grant requirement (section 3(A)) simply dictates that if you distribute a file containing code from the software, you must also provide the source code to that file under the same license. This is a standard requirement for open-source licenses, but it doesn\u2019t force derivative works to be licensed under the Ms-RL. It\u2019s a requirement for redistribution, not a copyleft provision."
        },
        "NBPL-1.0": {
            "result": false,
            "explanation": "No.\n\n**Explanation:**\n\nThis Net Boolean Public License does not contain a copyleft clause. It\u2019s a permissive license, meaning it grants users broad rights to use, modify, and distribute the software, including derivative works, without requiring those derivative works to also be licensed under the same terms. The license focuses on attribution and doesn\u2019t impose any obligations on modifications."
        },
        "NCSA": {
            "result": false,
            "explanation": "No"
        },
        "NTP": {
            "result": false,
            "explanation": "No"
        },
        "OGC-1.0": {
            "result": false,
            "explanation": "No."
        },
        "OLDAP-2.8": {
            "result": false,
            "explanation": "No."
        },
        "OpenSSL": {
            "result": false,
            "explanation": "No."
        },
        "OSL-3.0": {
            "result": false,
            "explanation": "No.\n\nThis Open Software License v. 3.0 (OSL-3.0) does not contain a copyleft clause. It grants a broad range of rights to use, modify, and distribute the Original Work and its derivatives, but it does not require that derivative works also be licensed under the same terms. The license allows for commercial use, incorporation into proprietary software, and distribution under different licenses, as long as certain attribution requirements are met. The license explicitly permits the creation of works under different licenses."
        },
        "PHP-3.01": {
            "result": false,
            "explanation": "No.\n\nThis license is a permissive license. It allows for the use, modification, and distribution of the software, including in derivative works, without requiring those derivative works to be licensed under the same terms. There is no copyleft clause."
        },
        "PostgreSQL": {
            "result": false,
            "explanation": "No."
        },
        "Python-2.0": {
            "result": false,
            "explanation": "No."
        },
        "Qhull": {
            "result": false,
            "explanation": "No"
        },
        "RSA-MD": {
            "result": false,
            "explanation": "No."
        },
        "Saxpath": {
            "result": false,
            "explanation": "No."
        },
        "SGI-B-2.0": {
            "result": false,
            "explanation": "No."
        },
        "Sleepycat": {
            "result": false,
            "explanation": "no"
        },
        "SMLNJ": {
            "result": false,
            "explanation": "No."
        },
        "Spencer-86": {
            "result": false,
            "explanation": "No"
        },
        "SSH-OpenSSH": {
            "result": false,
            "explanation": "No."
        },
        "SSH-short": {
            "result": false,
            "explanation": "No"
        },
        "SunPro": {
            "result": false,
            "explanation": "No."
        },
        "Unicode-DFS-2015": {
            "result": false,
            "explanation": "No.\n\n**Explanation:**\n\nThis license agreement is a permissive license. It grants broad rights to use, copy, modify, and distribute the Unicode data files and software, provided certain attribution requirements are met. However, it does *not* require that derivative works be released under the same license. This is the defining characteristic of a permissive license, and the absence of a copyleft clause is evident."
        },
        "Unicode-DFS-2016": {
            "result": false,
            "explanation": "No.\n\n**Explanation:**\n\nThis license agreement is a permissive license. It grants broad rights to use, copy, modify, and distribute the Unicode data files and software without requiring derivative works to be licensed under the same terms. There is no copyleft clause present. It simply states that the original copyright and permission notices must be included with copies."
        },
        "Unlicense": {
            "result": false,
            "explanation": "No"
        },
        "UPL-1.0": {
            "result": false,
            "explanation": "No"
        },
        "W3C": {
            "result": false,
            "explanation": "No."
        },
        "W3C-19980720": {
            "result": false,
            "explanation": "No.\n\n**Explanation:**\n\nThis W3C license is a permissive license. It grants users broad rights to use, copy, modify, and distribute the software, including in derivative works, without requiring those derivative works to also be licensed under the same terms. There is no copyleft clause present. It simply requires attribution (including the original notice) and disclaims warranties."
        },
        "W3C-20150513": {
            "result": false,
            "explanation": "No."
        },
        "WTFPL": {
            "result": false,
            "explanation": "No"
        },
        "X11": {
            "result": false,
            "explanation": "No."
        },
        "XFree86-1.1": {
            "result": false,
            "explanation": "No."
        },
        "Zlib": {
            "result": false,
            "explanation": "No."
        },
        "zlib-acknowledgement": {
            "result": false,
            "explanation": "No."
        },
        "ZPL-2.0": {
            "result": false,
            "explanation": "No."
        }
    }
}