{
    "llm": "gemma3:4b",
    "copyleft": {
        "0BSD": {
            "result": false,
            "explanation": "No"
        },
        "AFL-2.0": {
            "result": false,
            "explanation": "No.\n\nThis Academic Free License (v. 2.0) does not contain a copyleft clause. It grants a broad range of rights to use, modify, and distribute the Original Work and its derivative works, but it does not require that derivative works be licensed under the same terms. The license allows for commercial use and modification without any restrictions beyond the attribution requirements outlined in Section 6 and the limitations of liability in Section 8."
        },
        "AFL-2.1": {
            "result": false,
            "explanation": "No.\n\nThis Academic Free License (v.2.1) is a permissive license. It grants broad rights to use, modify, and distribute the Original Work and its Derivative Works without requiring those derivative works to be licensed under the same terms. There is no copyleft clause present, meaning it doesn't mandate that modifications or derivative works also be licensed under this same license."
        },
        "AFL-3.0": {
            "result": false,
            "explanation": "No.\n\nThis Academic Free License (AFL) v. 3.0 does not contain a copyleft clause. It grants a broad range of permissions for using, modifying, and distributing the Original Work and Derivative Works, but it does not require that derivative works be licensed under the same terms. The license allows for commercial use, modification, and distribution under different licenses, as long as certain attribution and limitations are met."
        },
        "AGPL-3.0-only": {
            "result": true,
            "explanation": "Yes.\n\n**Explanation:**\n\nThis license, the GNU Affero General Public License (AGPL), is a strong copyleft license. Several key elements contribute to this determination:\n\n*   **\"The Free Software Foundation may publish revised and/or new versions of the GNU Affero General Public License from time to time.\"** This indicates ongoing maintenance and potential updates, preserving the core copyleft principles.\n*   **\\u201cYou have permission to link or combine any covered work with a work licensed under version 3 of the GNU General Public License into a single combined work, and to convey the resulting work.\\u201d** This extension of the license to combined works further reinforces the copyleft aspect.\n*   **The entire focus of the license is to ensure that the freedoms associated with the original work are maintained in derivative works.** The explicit language about distribution under the same license reinforces this core principle.\n\nThe AGPL is designed to prevent software from being \"applied to\" without sharing the source code, ensuring that derivative works also remain free software."
        },
        "AGPL-3.0-or-later": {
            "result": true,
            "explanation": "Yes.\n\n**Explanation:**\n\nThe GNU Affero General Public License (AGPL) is a copyleft license. Specifically, section 17 states: \\u201cIf the disclaimer of warranty and limitation of liability provided above cannot be given local legal effect according to their terms, reviewing courts shall apply local law that most closely approximates an absolute waiver of all civil liability in connection with the Program, unless a warranty or assumption of liability accompanies a copy of the Program in return for a fee.\\u201d This clause, combined with sections 15 and 16, which disclaim all liability and limit damages, underscores the AGPL's copyleft nature. The requirement to provide source code upon request, and the potential for derivative works to also be licensed under the AGPL, are core elements of its copyleft strategy."
        },
        "Apache-1.0": {
            "result": false,
            "explanation": "No."
        },
        "Apache-1.1": {
            "result": false,
            "explanation": "No."
        },
        "Apache-2.0": {
            "result": false,
            "explanation": "No."
        },
        "Artistic-1.0": {
            "result": false,
            "explanation": "No.\n\n**Explanation:**\n\nThis license, often referred to as the \"Artistic License,\" does *not* contain a copyleft clause. Here's why:\n\n*   **No Requirement for Derivative Works to be Licensed Under the Same Terms:** The license explicitly allows you to modify the package and distribute those modifications under different terms (as outlined in sections 3 and 4). There\\u2019s no requirement that any derivative work must also be licensed under this same license.\n*   **Freedom to Make Modifications & Distribute:** The core of the license grants significant freedom to modify and distribute the package, regardless of how those changes are licensed.\n*   **Lack of \"Share Alike\" Provision:** A key element of copyleft licenses is a \\u201cshare alike\\u201d provision \\u2013 that derivative works must be licensed under the same terms. This license lacks that provision.\n\nTherefore, it's a permissive license, not a copyleft license."
        },
        "Artistic-1.0-Perl": {
            "result": false,
            "explanation": "No.\n\nThis license is a permissive license, specifically the \"Artistic License.\" It grants users broad rights to copy, modify, and distribute the software, including derivative works, without requiring them to release their modifications under the same license. There is no requirement for derivative works to be licensed under the same terms, and therefore, no copyleft clause exists."
        },
        "Artistic-2.0": {
            "result": false,
            "explanation": "No.\n\nThe Artistic License 2.0 does not contain a copyleft clause. It permits the creation and distribution of modified versions under the same license or under different licenses, as long as certain conditions are met (e.g., documentation of differences, ensuring compatibility, or providing access to the source code). The license focuses on allowing use and modification while retaining some artistic control for the copyright holder, but it doesn\\u2019t impose reciprocal obligations on derivative works."
        },
        "Bitstream-Vera": {
            "result": false,
            "explanation": "No."
        },
        "blessing": {
            "result": false,
            "explanation": "No"
        },
        "BlueOak-1.0.0": {
            "result": false,
            "explanation": "No."
        },
        "BSD-1-Clause": {
            "result": false,
            "explanation": "No"
        },
        "BSD-2-Clause": {
            "result": false,
            "explanation": "No."
        },
        "BSD-2-Clause-Patent": {
            "result": false,
            "explanation": "No."
        },
        "BSD-3-Clause": {
            "result": false,
            "explanation": "No."
        },
        "BSD-3-Clause-Open-MPI": {
            "result": false,
            "explanation": "No."
        },
        "BSD-4-Clause": {
            "result": false,
            "explanation": "No"
        },
        "BSD-4-Clause-UC": {
            "result": false,
            "explanation": "No"
        },
        "BSD-4.3TAHOE": {
            "result": false,
            "explanation": "No."
        },
        "BSD-Source-Code": {
            "result": false,
            "explanation": "No"
        },
        "BSL-1.0": {
            "result": false,
            "explanation": "No."
        },
        "bzip2-1.0.5": {
            "result": false,
            "explanation": "No"
        },
        "bzip2-1.0.6": {
            "result": false,
            "explanation": "No"
        },
        "CC-BY-2.5": {
            "result": false,
            "explanation": "No.\n\nThis Creative Commons Attribution 2.5 Public License does not contain a copyleft clause. It grants a broad range of rights to use, adapt, and distribute the Work (and derivative works) under specific conditions (attribution), but it does not require that derivative works also be licensed under the same terms. The license is permissive, allowing for a wide variety of licensing options for derivative works."
        },
        "CC-BY-3.0": {
            "result": false,
            "explanation": "No.\n\nThis license is a standard, permissive Creative Commons Attribution-type license. It grants users the rights to use, adapt, and distribute the work, provided they give appropriate attribution to the original author. There is no requirement that derivative works also be licensed under the same terms \\u2013 a key characteristic of copyleft licenses."
        },
        "CDDL-1.0": {
            "result": false,
            "explanation": "No.\n\n**Explanation:**\n\nThis is a permissive open-source license (CDDL v1.0). It does *not* contain a copyleft clause. Here\\u2019s why:\n\n*   **Grant of Rights:** The license grants broad rights to use, modify, distribute, and sublicense the covered software under various conditions.\n*   **No Requirement for Derivative Works to be Licensed Under the Same Terms:** There is no clause stating that any modifications or derivative works must also be released under the CDDL. You can incorporate the CDDL-licensed code into a proprietary, closed-source product without having to release your own code under the CDDL.\n*   **Commercial Use Allowed:** The license explicitly permits commercial use.\n\nTo have a copyleft clause, the license would need to include a requirement that any derivative works must also be licensed under the same terms (CDDL in this case)."
        },
        "CDDL-1.1": {
            "result": false,
            "explanation": "No.\n\n**Explanation:**\n\nThis Common Development and Distribution License (CDDL) is a permissive open-source license. It does *not* contain a copyleft clause. Here\\u2019s why:\n\n*   **No Requirement for Derivative Works to be Licensed Under CDDL:** The license explicitly allows you to create derivative works and distribute them under a different license, including proprietary licenses.\n*   **No \\u201cShare Alike\\u201d Provision:** There is no clause requiring that modifications or derivative works be released under the CDDL.\n*   **Focus on Granting Rights:** The license primarily focuses on granting rights to use, modify, and distribute the software.\n\nA copyleft license, such as the GPL, would have provisions like \\u201cIf you modify this code, you must release your modified version under the GPL.\\u201d The CDDL lacks this fundamental aspect."
        },
        "CPL-1.0": {
            "result": false,
            "explanation": "No.\n\nThis is a permissive license, specifically the Common Public License version 1.0. It grants broad rights to use, modify, and distribute the software and its derivative works, without requiring those derivative works to be licensed under the same terms. There are no provisions for \"copyleft\" or any requirement that modifications be released under the same license. The license focuses on protecting the original contributor's rights and disclaiming liability, but doesn't impose any restrictions on how the software is used or modified."
        },
        "curl": {
            "result": false,
            "explanation": "No."
        },
        "ECL-1.0": {
            "result": false,
            "explanation": "No."
        },
        "ECL-2.0": {
            "result": false,
            "explanation": "No.\n\n**Explanation:**\n\nThe Educational Community License (ECL) 2.0 does *not* contain a copyleft clause. While it grants broad permissions for use, reproduction, and distribution, it doesn't mandate that derivative works must also be licensed under the ECL. The license allows you to add your own copyright statements and different license terms for your modifications. This is a key difference from copyleft licenses like the GPL, which require derivative works to be licensed under the same terms."
        },
        "EFL-2.0": {
            "result": false,
            "explanation": "No."
        },
        "EPL-1.0": {
            "result": false,
            "explanation": "No.\n\nThis Eclipse Public License (EPL) is a permissive license. It grants recipients broad rights to use, modify, and distribute the software, including derivative works, without requiring those derivative works to be licensed under the EPL. There is no copyleft clause present."
        },
        "EPL-2.0": {
            "result": false,
            "explanation": "No.\n\n**Explanation:**\n\nThis Eclipse Public License (v2.0) does *not* contain a copyleft clause. Here\\u2019s why:\n\n*   **Non-Exclusive Rights:** The license grants recipients non-exclusive rights to reproduce, distribute, and sublicense the Program. This is a key characteristic of non-copyleft licenses.\n*   **Derivative Works Not Required to be Licensed Under This License:** The license doesn't dictate that derivative works must be distributed under the same terms.\n*   **Commercial Use Permitted:** The license explicitly allows for commercial distribution, which is generally restricted under copyleft licenses.\n*   **No Requirements for Source Code Availability:** While it mandates making the program available as source code when distributed, it doesn't force derivative works to also be distributed under this license.\n\nA copyleft license would typically include requirements like requiring that any derivative works also be released under the same license, ensuring that the freedoms afforded by the original license are preserved in any modifications. This license does not."
        },
        "EUPL-1.1": {
            "result": true,
            "explanation": "Yes.\n\nThe EUPL contains a strong copyleft clause. Specifically, section 5 outlines the \"Copyleft clause,\" which mandates that any distribution or communication of the Original Work or Derivative Works must be done under the terms of the EUPL or a later version, preventing alterations or restrictions to the license terms. This aligns with the core principles of copyleft licensing."
        },
        "EUPL-1.2": {
            "result": true,
            "explanation": "Yes.\n\nThe EUPL contains a strong copyleft clause. Specifically, Article 5 outlines the \\u201cCompatible Licences\\u201d and states that Distribution or Communication of Derivative Works will be done under the terms of this License or a later version. Furthermore, Article 5 lists licenses considered \\u2018Compatible\\u2019 and emphasizes that these derivative works must maintain the same license terms. This directly addresses the definition of a copyleft clause \\u2013 requiring derivative works to maintain the freedoms granted by the original license."
        },
        "FSFAP": {
            "result": false,
            "explanation": "No"
        },
        "FSFUL": {
            "result": false,
            "explanation": "No."
        },
        "FSFULLR": {
            "result": false,
            "explanation": "No"
        },
        "FSFULLRWD": {
            "result": false,
            "explanation": "no"
        },
        "FTL": {
            "result": false,
            "explanation": "No."
        },
        "GPL-1.0-only": {
            "result": false,
            "explanation": "No."
        },
        "GPL-1.0-or-later": {
            "result": false,
            "explanation": "No."
        },
        "GPL-2.0-only": {
            "result": false,
            "explanation": "No.\n\n**Explanation:**\n\nThe GNU General Public License (GPL) v2 does *not* contain a strong copyleft clause in the same way as, for example, the GPLv3. While it does require that derivative works also be licensed under the GPL, it allows for non-free (proprietary) software to be used alongside the licensed software. The key condition is that any *derivative work* itself must also be licensed under the GPL. However, the original program itself can be used in a proprietary environment. The license emphasizes the freedom to use, modify, and redistribute, but doesn\\u2019t mandate that all derived works must also be free."
        },
        "GPL-2.0-only WITH Classpath-exception-2.0": {
            "result": false,
            "explanation": "No.\n\n**Explanation:**\n\nThe GNU General Public License (GPL) v2 does *not* have a strict, enforceable copyleft clause in the way some other licenses (like the GPLv3) do. While the license strongly encourages the sharing and reuse of software, it doesn't automatically make derivative works also GPL-licensed.\n\nHere's a breakdown of why it's not a strong copyleft license:\n\n*   **Section 4:**  This section explicitly allows you to combine the program with other modules *without* requiring those modules to be licensed under the GPL.  This is a key difference from licenses like GPLv3, which have a much stronger copyleft effect.\n*   **Section 9 (Class Path Exception):** This section further solidifies this point, granting permission to link the library with independent modules under different licenses.\n\nThe GPL v2 primarily focuses on ensuring that users of the original software retain their freedoms and that the source code is available. However, it doesn’t force derivative works to adopt the same licensing terms.\n\nTherefore, while the GPL v2 promotes open source, it doesn't create a rigid copyleft environment."
        },
        "GPL-2.0-or-later": {
            "result": false,
            "explanation": "No.\n\n**Explanation:**\n\nThe GNU General Public License (GPL) version 2 does *not* contain a strong copyleft clause in the traditional sense. While it strongly encourages derivative works to be licensed under the GPL, it doesn't *require* it.\n\nHere\\u2019s a breakdown of why I answer \"No\":\n\n*   **Section 4:** This section outlines the conditions under which you can copy, modify, and distribute the program. It allows you to distribute the program in object code or executable form, *without* requiring that derivative works also be GPL-licensed.\n*   **No Requirement for Derivative Works to be GPL:** The license explicitly states \\u201cYou may not copy, modify, sublicense, or distribute the Program except as expressly provided under this License.\\u201d This doesn\\u2019t mean you *can\\u2019t* distribute derivative works; it just means you don\\u2019t *have to* license them under the GPL.\n*   **Weak Copyleft:** The GPL does have a *weak* copyleft effect. This means that if you distribute a modified version of the program, recipients are required to receive the source code and be given a copy of the license. However, they are not obligated to license their own derivative works under the GPL.\n\nTherefore, despite its strong encouragement of open source principles, the GPL version 2 does not enforce a strict copyleft obligation."
        },
        "GPL-3.0-only": {
            "result": true,
            "explanation": "Yes.\n\n**Explanation:**\n\nThis license is a GNU General Public License (GPL), which *does* contain a strong copyleft clause. Here's why:\n\n*   **Section 13:** This section explicitly allows linking with other works licensed under the GPL, but it also dictates that the terms of the GPL will continue to apply to the combined work, specifically regarding interaction through a network. This is the core of the copyleft mechanism.\n*   **Overall Philosophy:** The GPL is designed to ensure that any derivative works remain free software and can be redistributed under the same terms. The entire document is structured around preserving these freedoms.\n\nThe key provisions related to the copyleft clause include:\n\n*   The requirement that any combined works (like linking with another GPL-licensed program) remain under the GPL.\n*   The extension of the license to derivative works created as a result of linking."
        },
        "GPL-3.0-or-later": {
            "result": true,
            "explanation": "Yes.\n\n**Explanation:**\n\nThis license, the GNU General Public License (GPL), contains a strong copyleft clause. Several sections explicitly address this:\n\n*   **Section 13:** Permits linking with other GPL-licensed works, but with specific conditions.\n*   **Section 17:** Addresses the interpretation of sections 15 and 16 (disclaimer of warranty and limitation of liability), aiming to provide a \"most closely approximates an absolute waiver of all civil liability,\" essentially ensuring that derivative works also benefit from these protections.\n*   **Overall Structure:** The entire license is designed to ensure that any derivative work remains under the control of the GPL, preventing it from being incorporated into proprietary software.\n\nThe key elements that establish a copyleft clause include the requirement for derivative works to be licensed under the GPL and the mechanisms outlined to maintain that licensing control."
        },
        "HPND": {
            "result": false,
            "explanation": "No."
        },
        "IBM-pibs": {
            "result": false,
            "explanation": "No"
        },
        "ICU": {
            "result": false,
            "explanation": "No"
        },
        "IJG": {
            "result": false,
            "explanation": "No."
        },
        "ImageMagick": {
            "result": false,
            "explanation": "No.\n\n**Explanation:**\n\nThe ImageMagick License is a permissive license. It grants broad rights to use, modify, and distribute the software and its derivatives. However, it does *not* contain a copyleft clause. The license explicitly allows for the addition of different license terms and conditions for derivative works, as outlined in section 4(d) of the license. This demonstrates that it does not mandate that derivative works also be licensed under the ImageMagick License."
        },
        "Info-ZIP": {
            "result": false,
            "explanation": "No."
        },
        "IPL-1.0": {
            "result": false,
            "explanation": "No.\n\nThis IBM Public License Version 1.0 is a permissive license. It grants recipients broad rights to use, modify, and distribute the program, including derivative works, without requiring those derivative works to be licensed under the same terms. There is no copyleft clause. It\\u2019s a classic example of a \"business-friendly\" license designed to encourage widespread adoption without imposing restrictions on how the software is used or modified."
        },
        "ISC": {
            "result": false,
            "explanation": "No."
        },
        "JasPer-2.0": {
            "result": false,
            "explanation": "No."
        },
        "LGPL-2.0-only": {
            "result": false,
            "explanation": "No.\n\n**Explanation:**\n\nThe GNU Library General Public License (LGPL) is a permissive license. While it allows linking to the library, it doesn't mandate that derivative works also be licensed under the LGPL. It's designed to encourage libraries to be used in both free and proprietary software. The license focuses on allowing redistribution of the library itself, with provisions for changes and derivative works to be under different licenses. The key difference from a strong copyleft license (like the GPL) is that it doesn't force modifications to the library itself to also be released under the LGPL."
        },
        "LGPL-2.0-or-later": {
            "result": false,
            "explanation": "No.\n\n**Explanation:**\n\nThe GNU Library General Public License (LGPL) is a *weak copyleft* license. This means it allows you to link LGPL-licensed libraries into proprietary software. However, if you *modify* the LGPL library itself, those modifications must still be distributed under the LGPL. It does *not* require that any software that uses the library also be licensed under the LGPL. It's a compromise designed to encourage widespread use of the library while still providing protection for its original developers. Because it does not mandate that derivative works also be licensed under the LGPL, it does not contain a strong copyleft clause."
        },
        "LGPL-2.1-only": {
            "result": false,
            "explanation": "No.\n\n**Explanation:**\n\nThis is the Lesser General Public License (LGPL). It is explicitly *not* a copyleft license. While it allows linking to the library, it does not require that derivative works also be licensed under the LGPL. It allows for proprietary software to incorporate the library without being obligated to release the entire derived work under the LGPL. The license\\u2019s protections focus on the library itself, rather than any software that uses it."
        },
        "LGPL-2.1-or-later": {
            "result": false,
            "explanation": "No.\n\n**Explanation:**\n\nThis is the Lesser General Public License (LGPL), and it does *not* contain a copyleft clause. The key phrase that indicates this is: \"You may not copy, modify, sublicense, link with, or distribute the Library except as expressly provided under this License.\" This explicitly restricts how the library can be used, but it doesn\\u2019t mandate that any derivative works also be licensed under the LGPL. It allows you to link the library with proprietary software. This is a key difference from copyleft licenses like the GPL, which require that all derivative works also be licensed under the GPL."
        },
        "LGPL-3.0-only": {
            "result": true,
            "explanation": "Yes.\n\n**Explanation:**\n\nThis license is a copyleft license, specifically the GNU General Public License (GPL). The core of a copyleft clause is the requirement that derivative works (modifications or extensions of the original program) must also be licensed under the GPL. This ensures that the freedoms granted by the license \\u2013 the right to use, study, modify, and distribute the software \\u2013 are preserved in any derivative works. The entire structure of the license, including sections 15-17, explicitly reinforces this principle."
        },
        "LGPL-3.0-or-later": {
            "result": true,
            "explanation": "Yes.\n\n**Explanation:**\n\nThis license, the GNU General Public License (GPL), contains a strong copyleft clause. Specifically, Section 13 allows linking with works licensed under the GPL Lesser General Public License (LGPL) but makes it clear that the core GPL terms *do* apply to the linked work. Section 9 outlines how a patent license is granted to further expand freedom. Sections 13 and 14 detail further extension of the license to derivative works. The overall structure and intent of the license \\u2013 requiring derivative works to also be licensed under the GPL \\u2013 firmly establishes it as a copyleft license. The inclusion of patent clauses further reinforces the copyleft nature by aiming to prevent patent restrictions from limiting the freedom of the software."
        },
        "Libpng": {
            "result": false,
            "explanation": "No"
        },
        "libpng-2.0": {
            "result": false,
            "explanation": "No"
        },
        "libtiff": {
            "result": false,
            "explanation": "No"
        },
        "LicenseRef-scancode-bsla-no-advert": {
            "result": false,
            "explanation": "No"
        },
        "LicenseRef-scancode-info-zip-2003-05": {
            "result": false,
            "explanation": "No"
        },
        "LicenseRef-scancode-ppp": {
            "result": false,
            "explanation": "No"
        },
        "Minpack": {
            "result": false,
            "explanation": "No."
        },
        "MirOS": {
            "result": false,
            "explanation": "No."
        },
        "MIT": {
            "result": false,
            "explanation": "No"
        },
        "MIT-0": {
            "result": false,
            "explanation": "No"
        },
        "MIT-CMU": {
            "result": false,
            "explanation": "No"
        },
        "MPL-1.1": {
            "result": false,
            "explanation": "No.\n\n**Explanation:**\n\nWhile the Mozilla Public License (MPL) is a copyleft license, it\\u2019s a *weak* copyleft license. This means that if you modify the Original Code and distribute the modified code, you don\\u2019t have to release *your* modifications under the MPL. You only need to release your modifications under the MPL if you include *unmodified* Original Code in your distribution. The key phrase that defines its weakness is \"You may distribute the covered code and derivative works under the MPL if and only if you include the MPL.\" This allows you to incorporate the Original Code into a proprietary application without being bound by the MPL terms for the changes you make."
        },
        "MPL-2.0": {
            "result": true,
            "explanation": "Yes.\n\n**Explanation:**\n\nThe Mozilla Public License v2.0 is a copyleft license. Several elements within the license strongly indicate this:\n\n*   **Section 2.1(a):** Grants the recipient the right to use, reproduce, and modify the Covered Software \"as part of a Larger Work\" \\u2013 this is a key characteristic of copyleft licenses.\n*   **Section 3.1:** Requires that all distribution of the Source Code Form must be under the terms of the license.\n*   **Section 10.2:** Details how subsequent versions of the license can be applied.\n\nThese provisions, combined, ensure that any derivative works based on the Covered Software will also be subject to the terms of the Mozilla Public License v2.0, effectively propagating the copyleft restrictions."
        },
        "MPL-2.0-no-copyleft-exception": {
            "result": false,
            "explanation": "No.\n\n**Explanation:**\n\nWhile the Mozilla Public License v2.0 grants significant rights to users, it does *not* contain a strict copyleft clause. This means that derived works (modifications or combinations with other software) can be licensed under different terms, including proprietary licenses, without requiring those derivative works to also be licensed under the MPL.\n\nThe license provides a \\u201cnon-copyleft\\u201d license, offering significant freedoms while still protecting the original contributor\\u2019s rights. The key phrases like \"limitations on grant scope\" and \"limitation of liability\" further reinforce this non-copyleft nature."
        },
        "MS-PL": {
            "result": false,
            "explanation": "No."
        },
        "MS-RL": {
            "result": false,
            "explanation": "No."
        },
        "NBPL-1.0": {
            "result": false,
            "explanation": "No.\n\n**Explanation:**\n\nThis license, the Net Boolean Public License, does *not* contain a copyleft clause. Here's why:\n\n*   **Flexibility in Derivative Works:** Paragraphs 3 and 4 grant significant flexibility to modify and distribute derivative works without requiring adherence to the same licensing terms. You can use the modified code in proprietary software, sell it, or incorporate it into a larger commercial product without obligation.\n*   **No Requirement for Source Code Distribution:** There\\u2019s no provision requiring you to release your modified source code under the same license.\n*   **\\u201cAS IS\\u201d Warranty:** The \\u201cAS IS\\u201d warranty clause further reinforces the lack of any obligation on your part to maintain or distribute the code under a copyleft scheme.\n\nCopyleft licenses, on the other hand, impose conditions on derivative works \\u2013 typically requiring them to be released under the same or a compatible license. The Net Boolean Public License lacks this crucial element."
        },
        "NCSA": {
            "result": false,
            "explanation": "No"
        },
        "NTP": {
            "result": false,
            "explanation": "No"
        },
        "OGC-1.0": {
            "result": false,
            "explanation": "No."
        },
        "OLDAP-2.8": {
            "result": false,
            "explanation": "No."
        },
        "OpenSSL": {
            "result": false,
            "explanation": "No."
        },
        "OSL-3.0": {
            "result": false,
            "explanation": "No.\n\nThis Open Software License v. 3.0 (OSL-3.0) does not contain a copyleft clause. It grants a broad range of permissions for using, modifying, and distributing the Original Work and its derivatives, but it does not require that derivative works also be licensed under the OSL-3.0. The license allows for commercial use and distribution of derivative works under different licenses."
        },
        "PHP-3.01": {
            "result": false,
            "explanation": "No.\n\nThe PHP License, version 3.01, is a permissive license. It allows for use, modification, and distribution of the software, including derivative works, without requiring those derivative works to be licensed under the same terms. There is no copyleft clause present."
        },
        "PostgreSQL": {
            "result": false,
            "explanation": "No."
        },
        "Python-2.0": {
            "result": false,
            "explanation": "No."
        },
        "Qhull": {
            "result": false,
            "explanation": "No"
        },
        "RSA-MD": {
            "result": false,
            "explanation": "No."
        },
        "Saxpath": {
            "result": false,
            "explanation": "No."
        },
        "SGI-B-2.0": {
            "result": false,
            "explanation": "No."
        },
        "Sleepycat": {
            "result": false,
            "explanation": "No.\n\n**Explanation:**\n\nThis license (Sleepycat License) is a permissive license. It allows for redistribution, modification, and incorporation into other software without requiring derivative works to be licensed under the same terms. There is no copyleft clause present. The license focuses on providing necessary copyright notices, disclaiming warranties, and specifying requirements for providing source code access."
        },
        "SMLNJ": {
            "result": false,
            "explanation": "No."
        },
        "Spencer-86": {
            "result": false,
            "explanation": "No"
        },
        "SSH-OpenSSH": {
            "result": false,
            "explanation": "No."
        },
        "SSH-short": {
            "result": false,
            "explanation": "No"
        },
        "SunPro": {
            "result": false,
            "explanation": "No"
        },
        "Unicode-DFS-2015": {
            "result": false,
            "explanation": "No."
        },
        "Unicode-DFS-2016": {
            "result": false,
            "explanation": "No.\n\n**Explanation:**\n\nThe provided license agreement is a permissive license. It grants broad rights to use, copy, modify, and distribute the Unicode data files and software, as long as the copyright notice is included. There's no requirement for derivative works to be licensed under the same terms (copyleft). The license explicitly states \\u201cwithout restriction\\u201d and doesn\\u2019t include any clauses that would enforce a copyleft approach."
        },
        "Unlicense": {
            "result": false,
            "explanation": "No"
        },
        "UPL-1.0": {
            "result": false,
            "explanation": "No"
        },
        "W3C": {
            "result": false,
            "explanation": "No."
        },
        "W3C-19980720": {
            "result": false,
            "explanation": "No."
        },
        "W3C-20150513": {
            "result": false,
            "explanation": "No."
        },
        "WTFPL": {
            "result": false,
            "explanation": "No."
        },
        "X11": {
            "result": false,
            "explanation": "No."
        },
        "XFree86-1.1": {
            "result": false,
            "explanation": "No."
        },
        "Zlib": {
            "result": false,
            "explanation": "No."
        },
        "zlib-acknowledgement": {
            "result": false,
            "explanation": "No."
        },
        "ZPL-2.0": {
            "result": false,
            "explanation": "No.\n\n**Explanation:**\n\nThis license, the Zope Public License (ZPL) Version 2.0, does not contain a copyleft clause. It is a permissive license. Permissive licenses like ZPL allow you to use, modify, and distribute the software (including derivative works) under different license terms. The conditions primarily focus on attribution and disclaimer requirements, but they don\\u2019t mandate that derivative works must also be licensed under the ZPL."
        }
    }
}