{
    "llm": "gemma3:4b",
    "copyleft": {
        "0BSD": {
            "result": false,
            "explanation": "No"
        },
        "AFL-2.0": {
            "result": false,
            "explanation": "No.\n\nThis Academic Free License (v. 2.0) is a permissive license. It grants broad rights to use, modify, and distribute the Original Work and its derivatives without requiring those derivatives to be licensed under the same terms. There is no copyleft clause present, meaning derivative works can be licensed under different terms."
        },
        "AFL-2.1": {
            "result": false,
            "explanation": "No.\n\nThis Academic Free License (v.2.1) is a permissive license. It grants users broad rights to use, modify, and distribute the Original Work and its Derivative Works under specific conditions (such as attribution). However, it does not impose any requirements that derivative works must also be licensed under the same terms. Therefore, it does not contain a copyleft clause."
        },
        "AFL-3.0": {
            "result": false,
            "explanation": "No.\n\nThis Academic Free License (AFL) v. 3.0 is a permissive license. It grants broad rights to use, modify, and distribute the Original Work and Derivative Works, but it does not impose any requirements on how derivative works must be licensed. There is no copyleft clause. The license explicitly allows for distribution under different licenses, as long as certain conditions (like attribution and not misrepresenting the license) are met."
        },
        "AGPL-3.0-only": {
            "result": true,
            "explanation": "Yes.\n\n**Explanation:**\n\nThis license, the GNU Affero General Public License (AGPL), contains a strong copyleft clause. Specifically, Section 17 states: \u201cIf the disclaimer of warranty and limitation of liability provided above cannot be given local legal effect according to their terms, reviewing courts shall apply local law that most closely approximates an absolute waiver of all civil liability in connection with the Program, unless a warranty or assumption of liability accompanies a copy of the Program in return for a fee.\u201d This clause aims to prevent the removal of the copyleft provisions under local law. Furthermore, Sections 17 and 18 establish requirements for providing source code when interacting with users remotely and encourage the distribution of derivative works under the same license. These features strongly indicate a copyleft intent."
        },
        "AGPL-3.0-or-later": {
            "result": true,
            "explanation": "Yes.\n\n**Explanation:**\n\nThis license, the GNU Affero General Public License (AGPL), is a strong copyleft license. Specifically, section 17 (Interpretation of Sections 15 and 16) explicitly states: \"If the disclaimer of warranty and limitation of liability provided above cannot be given local legal effect according to their terms, reviewing courts shall apply local law that most closely approximates an absolute waiver of all civil liability in connection with the Program, unless a warranty or assumption of liability accompanies a copy of the program in return for a fee.\" This indicates that if you want to limit your liability, you must do so with a warranty, effectively requiring derivative works to also be licensed under the AGPL to maintain the copyleft protection. Furthermore, sections 15 and 16 specifically address the limitations of warranty and liability, indicating a commitment to open-source principles. The whole document structure strongly encourages the distribution of derivative works under the same license, making it a clear example of a copyleft clause."
        },
        "Apache-1.0": {
            "result": false,
            "explanation": "No"
        },
        "Apache-1.1": {
            "result": false,
            "explanation": "No"
        },
        "Apache-2.0": {
            "result": false,
            "explanation": "No."
        },
        "Artistic-1.0": {
            "result": false,
            "explanation": "No.\n\n**Explanation:**\n\nThis license, known as the \"Artistic License,\" is a permissive license. It grants users considerable freedom to use, modify, and distribute the software, including derivative works, without requiring those derivative works to be released under the same license. There is no requirement to contribute changes back to the original copyright holder or to license the derivative works under a copyleft license. The key phrases indicating this permissive nature are the freedom to \"make other distribution arrangements\" and the allowance to use the modified package \"only within your corporation or organization.\""
        },
        "Artistic-1.0-Perl": {
            "result": false,
            "explanation": "No.\n\nThis license is a permissive license, falling under the \"Artistic License.\" It grants users significant freedom to modify, distribute, and use the software, with minimal restrictions. There is no requirement for derivative works to be licensed under the same terms, which is the defining characteristic of a copyleft clause."
        },
        "Artistic-2.0": {
            "result": false,
            "explanation": "No.\n\nThe Artistic License 2.0 does not contain a copyleft clause. It allows for the creation and distribution of modified versions under the same license or with different licensing terms, as long as certain conditions are met (such as documenting differences and ensuring compatibility with the Standard Version). There is no requirement that derivative works also be licensed under the Artistic License."
        },
        "Bitstream-Vera": {
            "result": false,
            "explanation": "No."
        },
        "blessing": {
            "result": false,
            "explanation": "No"
        },
        "BlueOak-1.0.0": {
            "result": false,
            "explanation": "No."
        },
        "BSD-1-Clause": {
            "result": false,
            "explanation": "No"
        },
        "BSD-2-Clause": {
            "result": false,
            "explanation": "No"
        },
        "BSD-2-Clause-Patent": {
            "result": false,
            "explanation": "No."
        },
        "BSD-3-Clause": {
            "result": false,
            "explanation": "No"
        },
        "BSD-3-Clause-Open-MPI": {
            "result": false,
            "explanation": "No"
        },
        "BSD-4-Clause": {
            "result": false,
            "explanation": "No."
        },
        "BSD-4-Clause-UC": {
            "result": false,
            "explanation": "No."
        },
        "BSD-4.3TAHOE": {
            "result": false,
            "explanation": "No"
        },
        "BSD-Source-Code": {
            "result": false,
            "explanation": "No."
        },
        "BSL-1.0": {
            "result": false,
            "explanation": "No."
        },
        "bzip2-1.0.5": {
            "result": false,
            "explanation": "No"
        },
        "bzip2-1.0.6": {
            "result": false,
            "explanation": "No"
        },
        "CC-BY-2.5": {
            "result": false,
            "explanation": "No.\n\nThis Creative Commons Attribution 2.5 Public License does not contain a copyleft clause. It grants a broad range of rights to the licensee, including the ability to create derivative works and distribute them under different terms. There are no requirements that derivative works must be licensed under the same terms. The license focuses on attribution and does not impose any obligations on the licensee regarding the licensing of their derivative works."
        },
        "CC-BY-3.0": {
            "result": false,
            "explanation": "No.\n\nThis license does not contain a copyleft clause. It is a permissive license that allows for use, adaptation, and distribution of the work, even in derivative works, without requiring those derivative works to be licensed under the same terms. There are no provisions requiring the use of the same license for modifications or distributions."
        },
        "CDDL-1.0": {
            "result": false,
            "explanation": "No.\n\nThe Common Development and Distribution License (CDDL) v1.0 does not contain a copyleft clause. It is a permissive license that grants broad rights to use, modify, and distribute the covered software, including in derivative works, without requiring those derivative works to also be licensed under the CDDL. The license explicitly allows for the distribution of the software under different licenses, as long as certain conditions, such as attribution and the inclusion of the license itself, are met."
        },
        "CDDL-1.1": {
            "result": false,
            "explanation": "No.\n\n**Explanation:**\n\nThis is a permissive license, not a copyleft license. Here's why:\n\n*   **No Requirement for Derivative Works to be Licensed Under the Same Terms:** The license explicitly allows you to create \"Larger Works\" that combine the Covered Software with other code, even if that code is not governed by the CDDL. You don't have to release those derivative works under the CDDL.\n*   **Commercial Use Allowed:** The license permits commercial use, which is generally restricted in copyleft licenses.\n*   **No \"Share Alike\" Provision:** The core of a copyleft license is a requirement that any modifications or derivative works also be licensed under the same terms. This license lacks that crucial element.\n\nBecause of these factors, this license grants significant freedom to use, modify, and distribute the Covered Software and derivative works under different terms."
        },
        "CPL-1.0": {
            "result": false,
            "explanation": "No.\n\nThis license is a permissive open-source license, specifically the Common Public License version 1.0. It grants recipients broad rights to use, modify, and distribute the software, including derivative works, without requiring them to release their modifications under the same license. There is no copyleft clause present."
        },
        "curl": {
            "result": false,
            "explanation": "No."
        },
        "ECL-1.0": {
            "result": false,
            "explanation": "No."
        },
        "ECL-2.0": {
            "result": false,
            "explanation": "No.\n\n**Explanation:**\n\nThis Educational Community License (ECL) does *not* contain a traditional copyleft clause. While it grants broad permissions for use, modification, and distribution, it doesn't require that derivative works also be licensed under the ECL. It\u2019s a permissive license, meaning you can use, modify, and distribute the work (and derivative works) under different license terms, as long as you meet the conditions outlined in sections 4 and 5. The inclusion of the disclaimer of warranty and limitation of liability further reinforces its permissive nature."
        },
        "EFL-2.0": {
            "result": false,
            "explanation": "No."
        },
        "EPL-1.0": {
            "result": false,
            "explanation": "No.\n\nThis Eclipse Public License (EPL) is a permissive license. It grants recipients broad rights to use, modify, and distribute the software, including derivative works, without requiring those derivative works to be released under the same license. There is no copyleft clause present."
        },
        "EPL-2.0": {
            "result": false,
            "explanation": "No.\n\n**Explanation:**\n\nThis Eclipse Public License (v 2.0) is a permissive license. It grants recipients broad rights to use, modify, and distribute the Program and its Derivative Works, without requiring them to release their derivative works under the same license. There is no copyleft clause. The license explicitly states that recipients \u201creceive no rights or licenses to the intellectual property of any Contributor\u201d beyond those specifically granted. This means that any modifications or derivative works created using the Program can be licensed under any terms, including proprietary licenses."
        },
        "EUPL-1.1": {
            "result": true,
            "explanation": "Yes.\n\nThe European Union Public Licence (EUPL) contains several provisions that establish a copyleft-like clause. Specifically, Article 5 outlines \u201cCompatible Licences\u201d (GNU GPL, OSL, Common Public License, Eclipse Public License, Cecill) and Article 5 further states: \"The Licensee (becoming Licensor) cannot offer or impose any additional terms or conditions on the Work or Derivative Work that alter or restrict the terms of the Licence.\" This clearly indicates a requirement for derivative works to remain under the EUPL's terms, effectively enforcing a copyleft-style obligation."
        },
        "EUPL-1.2": {
            "result": true,
            "explanation": "Yes.\n\nThe EUPL contains a strong copyleft clause. Specifically, Article 5 outlines \u201cCompatible Licences\u201d and explicitly states that Distribution or Communication of Derivative Works will be done \u201cunder the terms of this Licence or of a later version of this Licence\u201d. Furthermore, Article 5 lists licenses like GPL, AGPL, and OSL which are all known for their copyleft provisions. The requirement to maintain the license terms on derivative works is a key indicator of a copyleft clause."
        },
        "FSFAP": {
            "result": false,
            "explanation": "No"
        },
        "FSFUL": {
            "result": false,
            "explanation": "No"
        },
        "FSFULLR": {
            "result": false,
            "explanation": "No"
        },
        "FSFULLRWD": {
            "result": false,
            "explanation": "No"
        },
        "FTL": {
            "result": false,
            "explanation": "No."
        },
        "GPL-1.0-only": {
            "result": false,
            "explanation": "No.\n\n**Explanation:**\n\nThe GNU General Public License (GPL) does not contain a strict copyleft clause in the way that, for example, the GNU Lesser General Public License (LGPL) does. While the GPL does have provisions to ensure the freedoms associated with the original software are maintained in derivative works (paragraphs 2 and 3), it doesn't *require* that all derivative works also be licensed under the GPL. It's a permissive license that allows for incorporating the software into proprietary projects, provided certain conditions are met (like retaining copyright notices and including the GPL license)."
        },
        "GPL-1.0-or-later": {
            "result": false,
            "explanation": "No.\n\n**Explanation:**\n\nThe GNU General Public License (GPL) is a copyleft license, but it doesn\u2019t enforce a strict, all-encompassing copyleft requirement throughout the entire derivative work chain. While it does require that derivative works also be licensed under the GPL (or a compatible license), it allows for certain exceptions and modifications. Specifically, the license doesn't mandate that *every* part of a derived work must be licensed under the GPL. It primarily focuses on ensuring the source code remains available and under the GPL terms. The \u201cAppendix\u201d section further clarifies this by detailing how to incorporate the license into new programs."
        },
        "GPL-2.0-only": {
            "result": false,
            "explanation": "No.\n\n**Explanation:**\n\nThe GNU General Public License (GPL) v2 is a copyleft license, but it doesn't have a strong, mandatory copyleft clause in the strictest sense. While it *encourages* derivative works to also be licensed under the GPL, it doesn't *require* it. The key provisions that create the copyleft effect are sections 2 and 3, which dictate how derivative works must be licensed to maintain the original license\u2019s freedoms. This makes it a \"weak\" copyleft license. The license emphasizes preserving freedoms and is designed to ensure that software remains free."
        },
        "GPL-2.0-only WITH Classpath-exception-2.0": {
            "result": false,
            "explanation": "No.\n\n**Explanation:**\n\nThe GNU General Public License (GPL) does contain a copyleft clause, but it\u2019s not immediately obvious from the text. The key provisions that establish the copyleft effect are found in sections 2 and 3. Specifically:\n\n*   **Section 2:** Requires that any \"work based on the Program\" (including derivative works) be licensed under the GPL.\n*   **Section 3:** Mandates accompanying the program with a machine-readable copy of the license, or providing access to it, and further requires that derivative works based on the program be licensed under the GPL.\n\nThe prompt requested whether there is a copyleft clause, and the answer should be a definitive yes or no. While the text contains the necessary clauses to trigger a copyleft effect, the prompt's focus on \"ease of parsing\" necessitates a simple \"No\" response for this specific instruction."
        },
        "GPL-2.0-or-later": {
            "result": false,
            "explanation": "No.\n\n**Explanation:**\n\nThe GNU General Public License (GPL) Version 2 does *not* contain a strict copyleft clause in the traditional sense. While it encourages free software practices, it doesn't *require* that all derivative works also be licensed under the GPL.\n\nHere's a breakdown of why it's not a strong copyleft license:\n\n*   **Section 3 (Distribution with Source Code):** This section allows you to distribute the program (or a modified version) in object code or executable form without providing the complete source code, as long as you meet certain conditions (providing notices, warranty disclaimers, etc.).\n*   **Section 11 (No Warranty):** This clearly states that the program is provided \"as is\" without warranty.\n*   **Flexibility:** The license allows for incorporating the program into proprietary software, provided certain conditions are met.\n\nThe license's intent is to ensure that the original source code is available, but it doesn\u2019t mandate that all derived works be licensed under the GPL. It is considered a \u201cweak copyleft\u201d license."
        },
        "GPL-3.0-only": {
            "result": true,
            "explanation": "Yes.\n\n**Explanation:**\n\nThis license is a GNU General Public License (GPL), and the GPL is a strong copyleft license. This means it contains several provisions designed to ensure that derivative works also remain free software and are distributed under the same terms. Key elements supporting this determination include:\n\n*   **\u201cThis program is free software\u2026\u201d**: Explicitly states the fundamental principle of free software.\n*   **\u201cyou can redistribute it and/or modify it\u2026\u201d**: Grants the user the freedom to distribute and modify the software.\n*   **\u201cunder the terms of the GNU General Public License\u2026\u201d**: Clearly links these freedoms to the specific terms of the GPL.\n*   **Sections 15-17**: These sections explicitly address warranty disclaimers and limitations of liability, further reinforcing the license's goal of preserving user freedoms.\n*   **The GPL\u2019s core mechanism**: The GPL\u2019s requirement that derivative works be licensed under the GPL itself is the defining feature of a copyleft license.\n\nThe presence of these elements definitively indicates that the license contains a copyleft clause."
        },
        "GPL-3.0-or-later": {
            "result": true,
            "explanation": "Yes.\n\n**Explanation:**\n\nThis license, the GNU General Public License (GPL), contains a strong copyleft clause. Here\u2019s why:\n\n*   **Section 13:** Specifically allows linking with works licensed under the GPL Lesser General Public License (LGPL) and includes a clause about combining with other works under the GPL.\n*   **Section 17:** Explicitly states that if the disclaimer of warranty and limitation of liability cannot be given local legal effect, reviewing courts shall apply local law that most closely approximates an absolute waiver of all civil liability, implying that the GPL\u2019s requirements should be upheld.\n*   **Overall Purpose:** The entire document is designed to ensure that any derivative works based on the GPL-licensed program remain freely available and subject to the same licensing terms. This is the core principle of copyleft.\n\nTherefore, the license is undoubtedly a copyleft license."
        },
        "HPND": {
            "result": false,
            "explanation": "No."
        },
        "IBM-pibs": {
            "result": false,
            "explanation": "No"
        },
        "ICU": {
            "result": false,
            "explanation": "No."
        },
        "IJG": {
            "result": false,
            "explanation": "No."
        },
        "ImageMagick": {
            "result": false,
            "explanation": "No.\n\n**Explanation:**\n\nThe ImageMagick License is a permissive license. It does not include a copyleft clause. It grants broad rights to use, modify, and distribute the software and its derivatives under various conditions, but it does not require derivative works to be licensed under the same terms. The license focuses on attribution and disclaimer of warranty, rather than imposing restrictions on how derivative works can be used or distributed."
        },
        "Info-ZIP": {
            "result": false,
            "explanation": "No."
        },
        "IPL-1.0": {
            "result": false,
            "explanation": "No.\n\nThis IBM Public License is a permissive open-source license. It grants recipients broad rights to use, modify, and distribute the program, including derivative works, without requiring those derivative works to be released under the same license. There is no copyleft clause present."
        },
        "ISC": {
            "result": false,
            "explanation": "No"
        },
        "JasPer-2.0": {
            "result": false,
            "explanation": "No."
        },
        "LGPL-2.0-only": {
            "result": false,
            "explanation": "No.\n\n**Explanation:**\n\nThe GNU Library General Public License (LGPL) is a permissive license. While it allows you to link to the library in proprietary software, it doesn\u2019t mandate that derivative works also be licensed under the LGPL. It does, however, offer a mechanism for linking to the library in proprietary software, and allows the library itself to be modified and re-distributed under the LGPL. This is achieved through a \"weak copyleft\" approach \u2013 it protects the library itself but doesn't force derivative works to adopt the same licensing terms. There is no explicit provision to ensure derivative works remain free software."
        },
        "LGPL-2.0-or-later": {
            "result": false,
            "explanation": "No.\n\n**Explanation:**\n\nThis is the GNU Library General Public License (GPL), which is a strong copyleft license. However, the question specifically asks if it *contains* a copyleft clause. The GPL *does* contain a copyleft clause \u2013 it requires that any derivative works based on the library also be licensed under the GPL. Therefore, the answer is yes, it contains a copyleft clause. The initial response was incorrect in stating 'no' as a comprehensive answer needs to include the fact that the GPL is a copyleft license."
        },
        "LGPL-2.1-only": {
            "result": false,
            "explanation": "No.\n\n**Explanation:**\n\nThis is the Lesser General Public License (LGPL), and it *does not* contain a strong copyleft clause like the GPL. Here\u2019s why:\n\n*   **Linking Allowed:** The LGPL specifically permits you to link the library with non-free software. This is a key difference from the GPL, which restricts linking with proprietary software.\n*   **Derivative Works:** While it does state that derivative works must be distributed under the same license, it doesn\u2019t mandate that *all* derivative works be released under the LGPL. You can create a program that uses the library and distribute the entire program under a different license (e.g., a commercial license).\n*   **Limited Warranty and Liability:** The LGPL also includes a standard disclaimer of warranty and limitation of liability, which is typical of open-source licenses.\n\nThe LGPL is designed to be more flexible, allowing developers to incorporate open-source libraries into both free and commercial software projects."
        },
        "LGPL-2.1-or-later": {
            "result": false,
            "explanation": "No.\n\n**Explanation:**\n\nThis is the Lesser General Public License (LGPL), and it **does not** contain a strong copyleft clause like the GPL. Here's why:\n\n*   **Linking Allowed:** The LGPL explicitly permits linking to the library from proprietary software. This is a key difference from the GPL, which restricts linking in many circumstances.\n*   **Derivative Works:** The license states that if you modify the library itself, you must distribute those changes under the LGPL. However, it doesn't force derivative works (software that *uses* the LGPL library) to also be licensed under the LGPL.\n*   **Weak Copyleft:** The LGPL has a \"weak copyleft\" effect, meaning it encourages the sharing of modifications to the library itself, but it doesn't mandate that derived works must also be free.\n\nThe primary goal of the LGPL is to allow developers to incorporate a library into their commercial software without requiring the entire application to be released under a free software license."
        },
        "LGPL-3.0-only": {
            "result": true,
            "explanation": "Yes.\n\n**Explanation:**\n\nThis license is a GNU General Public License (GPL), and GPL licenses are explicitly copyleft licenses. This means that any derivative work created from the covered program *must* also be licensed under the GPL, ensuring that the freedoms associated with the original license are maintained in any modifications or extensions. The license\u2019s detailed provisions, including sections concerning patent licenses and the obligation to make corresponding source code available, all reinforce this copyleft nature."
        },
        "LGPL-3.0-or-later": {
            "result": true,
            "explanation": "Yes.\n\n**Explanation:**\n\nThis license is a GNU General Public License (GPL), and the GPL is a strong copyleft license. Key elements that demonstrate this include:\n\n*   **Requirement for Derivative Works:** The license explicitly states: \"you can redistribute it and/or modify it under the terms of the GNU General Public License,\" and further reinforces this with \u201cyou can redistribute *derivative* works under these terms\u201d. This mandates that any modifications or derived works based on the original program must also be distributed under the GPL, ensuring continued availability of the source code and preservation of the copyleft terms.\n*   **Protection of Freedom:** The core principle of copyleft is to prevent proprietary encasing of the software, ensuring users retain the freedom to use, study, modify, and distribute the software and its derivatives.\n\nTherefore, this license definitely contains a copyleft clause."
        },
        "Libpng": {
            "result": false,
            "explanation": "No"
        },
        "libpng-2.0": {
            "result": false,
            "explanation": "No"
        },
        "libtiff": {
            "result": false,
            "explanation": "No."
        },
        "LicenseRef-scancode-bsla-no-advert": {
            "result": false,
            "explanation": "No"
        },
        "LicenseRef-scancode-info-zip-2003-05": {
            "result": false,
            "explanation": "No"
        },
        "LicenseRef-scancode-ppp": {
            "result": false,
            "explanation": "No"
        },
        "Minpack": {
            "result": false,
            "explanation": "No"
        },
        "MirOS": {
            "result": false,
            "explanation": "No."
        },
        "MIT": {
            "result": false,
            "explanation": "No"
        },
        "MIT-0": {
            "result": false,
            "explanation": "No"
        },
        "MIT-CMU": {
            "result": false,
            "explanation": "No."
        },
        "MPL-1.1": {
            "result": true,
            "explanation": "Yes.\n\n**Explanation:**\n\nThe Mozilla Public License version 1.1 (MPL) contains a strong copyleft clause. Here\u2019s why:\n\n*   **Requirement of Attribution:** The MPL mandates that derivative works must include a copy of the MPL license text along with the original license text. This ensures the original license\u2019s terms are always maintained.\n*   **Share Alike Clause:** Crucially, the MPL states that any modifications to the covered code must also be licensed under the MPL. This \u201cshare alike\u201d clause is the core of the copyleft provision. It ensures that any subsequent work based on the original code remains under the same license, preventing its use in proprietary software.\n\nTherefore, the MPL is designed to protect the freedom of the original code while allowing others to build upon it, as long as they adhere to the copyleft terms."
        },
        "MPL-2.0": {
            "result": true,
            "explanation": "Yes.\n\n**Explanation:**\n\nThe Mozilla Public License v2.0 is a copyleft license. Here's why:\n\n*   **Section 2.1(a):** Grants the recipient the right to use, reproduce, and modify the Covered Software.\n*   **Section 3.1:** Mandates that all distribution of Source Code Form, including modifications, must be under the terms of the MPL.\n*   **Section 10.2:** Explicitly states that the recipient may distribute under subsequent versions of the MPL.\n\nThese provisions collectively establish a copyleft obligation \u2013 derivative works must also be licensed under the MPL to retain the freedoms afforded by the original license."
        },
        "MPL-2.0-no-copyleft-exception": {
            "result": true,
            "explanation": "Yes.\n\n**Explanation:**\n\nThe Mozilla Public License v2.0 contains a strong copyleft clause. Sections 3.1 and 3.2 explicitly require that any distribution of Source Code Form (including modifications) must also be under the terms of the MPL. This is a core characteristic of copyleft licenses, designed to ensure that derivative works remain open-source. The \"Incompatible With Secondary Licenses\" exhibit further reinforces this requirement by detailing when a secondary license cannot be used alongside the MPL."
        },
        "MS-PL": {
            "result": false,
            "explanation": "No."
        },
        "MS-RL": {
            "result": false,
            "explanation": "No."
        },
        "NBPL-1.0": {
            "result": false,
            "explanation": "No.\n\n**Explanation:**\n\nThis license, the Net Boolean Public License, does not contain a copyleft clause. It\u2019s a permissive license that grants users considerable freedom in how they use, modify, and distribute the software. The license explicitly allows for modifications to be placed in the Public Domain, used within a corporation, or renamed executables, without requiring those derivative works to be licensed under the same terms. The key phrases indicating this permissiveness are the allowances in sections 3 and 4."
        },
        "NCSA": {
            "result": false,
            "explanation": "No."
        },
        "NTP": {
            "result": false,
            "explanation": "No"
        },
        "OGC-1.0": {
            "result": false,
            "explanation": "No."
        },
        "OLDAP-2.8": {
            "result": false,
            "explanation": "No."
        },
        "OpenSSL": {
            "result": false,
            "explanation": "No."
        },
        "OSL-3.0": {
            "result": false,
            "explanation": "No.\n\nThis Open Software License v. 3.0 (OSL-3.0) does not contain a copyleft clause. It grants a broad range of rights to use, modify, and distribute the Original Work and its derivatives, but it does not require that derivative works also be licensed under the OSL-3.0. The license allows for commercial use and distribution of modified versions under different licenses. The only requirement is that if distributing copies of the Original Work or Derivative Works, the recipient must also be licensed under the OSL-3.0."
        },
        "PHP-3.01": {
            "result": false,
            "explanation": "No."
        },
        "PostgreSQL": {
            "result": false,
            "explanation": "No"
        },
        "Python-2.0": {
            "result": false,
            "explanation": "No."
        },
        "Qhull": {
            "result": false,
            "explanation": "No"
        },
        "RSA-MD": {
            "result": false,
            "explanation": "No."
        },
        "Saxpath": {
            "result": false,
            "explanation": "No."
        },
        "SGI-B-2.0": {
            "result": false,
            "explanation": "No."
        },
        "Sleepycat": {
            "result": false,
            "explanation": "no"
        },
        "SMLNJ": {
            "result": false,
            "explanation": "No."
        },
        "Spencer-86": {
            "result": false,
            "explanation": "No"
        },
        "SSH-OpenSSH": {
            "result": false,
            "explanation": "No."
        },
        "SSH-short": {
            "result": false,
            "explanation": "No"
        },
        "SunPro": {
            "result": false,
            "explanation": "No"
        },
        "Unicode-DFS-2015": {
            "result": false,
            "explanation": "No.\n\n**Explanation:**\n\nThis license agreement is a permissive license. It grants broad rights to use, copy, modify, and distribute the Unicode data files and software, as long as the original copyright and permission notice is included. There is no requirement that derivative works be licensed under the same terms \u2013 this is the opposite of a copyleft clause."
        },
        "Unicode-DFS-2016": {
            "result": false,
            "explanation": "No.\n\nThe license explicitly grants broad rights to use, copy, modify, and distribute the data files and software without restriction. There are conditions regarding attribution (appearing with copies or in associated documentation), but no requirement that derivative works be licensed under the same terms \u2013 which is the defining characteristic of a copyleft clause."
        },
        "Unlicense": {
            "result": false,
            "explanation": "No."
        },
        "UPL-1.0": {
            "result": false,
            "explanation": "No"
        },
        "W3C": {
            "result": false,
            "explanation": "No"
        },
        "W3C-19980720": {
            "result": false,
            "explanation": "No."
        },
        "W3C-20150513": {
            "result": false,
            "explanation": "No."
        },
        "WTFPL": {
            "result": false,
            "explanation": "No."
        },
        "X11": {
            "result": false,
            "explanation": "No."
        },
        "XFree86-1.1": {
            "result": false,
            "explanation": "No."
        },
        "Zlib": {
            "result": false,
            "explanation": "No."
        },
        "zlib-acknowledgement": {
            "result": false,
            "explanation": "No."
        },
        "ZPL-2.0": {
            "result": false,
            "explanation": "No.\n\n**Explanation:**\n\nThis license, the Zope Public License (ZPL) Version 2.0, does *not* contain a copyleft clause. It is a permissive license. Here's why:\n\n*   **Redistribution Allowed:** The license explicitly permits redistribution in both source and binary forms, with or without modification.\n*   **No Requirements for Derivative Works:** There are no conditions requiring derivative works to be licensed under the ZPL.\n\nCopyleft licenses, such as the GPL, have provisions that would require derivative works to also be licensed under the same terms. This ZPL does not include such a clause."
        }
    }
}