{
    "llm": "gemma3:4b",
    "copyleft": {
        "0BSD": {
            "result": false,
            "explanation": "No"
        },
        "AFL-2.0": {
            "result": false,
            "explanation": "No.\n\nThis Academic Free License (v. 2.0) is a permissive license. It grants broad rights to use, modify, and distribute the Original Work and Derivative Works, without requiring those derivative works to be licensed under the same terms. There is no provision for copyleft, which would necessitate derivative works being licensed under the same terms. It allows for commercial use, private distribution, and integration into proprietary software."
        },
        "AFL-2.1": {
            "result": false,
            "explanation": "No.\n\nThis Academic Free License (v.2.1) does not contain a copyleft clause. It grants a broad range of rights to use, modify, and distribute the Original Work and its derivative works, but it does not require that derivative works be licensed under the same terms. The license allows for commercial use and distribution of modified versions under different terms, as long as the attribution requirements are met."
        },
        "AFL-3.0": {
            "result": false,
            "explanation": "No.\n\nThis Academic Free License (AFL) v. 3.0 is a permissive license. It grants a wide range of rights to use, modify, and distribute the Original Work and Derivative Works without requiring those derivative works to be licensed under the same terms. There is no copyleft clause present. The license does include provisions regarding attribution and preventing the use of the Licensor\u2019s name for endorsement, but these do not impose any further licensing requirements on derivative works."
        },
        "AGPL-3.0-only": {
            "result": true,
            "explanation": "Yes.\n\n**Explanation:**\n\nThis license, the GNU Affero General Public License (AGPL), contains a strong copyleft clause. Specifically, Section 17 explicitly states: \"If the disclaimer of warranty and limitation of liability provided above cannot be given local legal effect according to their terms, reviewing courts shall apply local law that most closely approximates an absolute waiver of all civil liability in connection with the Program...\" This clause is a fundamental aspect of copyleft licenses. Furthermore, sections 15 and 16, while limiting liability, are inextricably linked to the core copyleft principles. The license\u2019s aim is to ensure that anyone who modifies or distributes the software (including via a network service) must also release their changes under the AGPL, preventing proprietary derivatives."
        },
        "AGPL-3.0-or-later": {
            "result": true,
            "explanation": "Yes.\n\n**Explanation:**\n\nThis license, the GNU Affero General Public License (AGPL), contains a strong copyleft clause. Specifically, Section 17 states: \u201cIf the disclaimer of warranty and limitation of liability provided above cannot be given local legal effect according to their terms, reviewing courts shall apply local law that most closely approximates an absolute waiver of all civil liability in connection with the Program, unless a warranty or assumption of liability accompanies a copy of the program in return for a fee.\u201d\n\nFurthermore, Sections 15 and 16 (Disclaimer of Warranty and Limitation of Liability) are included to emphasize that the user assumes all risk related to the program's use.\n\nSections 17 and 16 explicitly point to a legal effect of a disclaimer to ensure that derivative works must also be licensed under the same terms, mirroring the core principles of copyleft licenses. This ensures that any modifications or adaptations of the original work remain freely available under the AGPL. This is a clear indication of a copyleft clause."
        },
        "Apache-1.0": {
            "result": false,
            "explanation": "No"
        },
        "Apache-1.1": {
            "result": false,
            "explanation": "No"
        },
        "Apache-2.0": {
            "result": false,
            "explanation": "No.\n\n**Explanation:**\n\nThe Apache License 2.0 does *not* contain a copyleft clause. It is a permissive license, meaning that you can use, modify, and distribute the work (or derivative works) for any purpose, including commercial use, without being required to release your derivative works under the same license. The key features that demonstrate this are:\n\n*   **No requirement for derivative works to be licensed under the Apache License.**\n*   **The ability to include the Apache License notice in your derivative work's documentation or source code.**\n\nA copyleft license, such as the GPL, would have provisions that dictate how derivative works must be licensed."
        },
        "Artistic-1.0": {
            "result": false,
            "explanation": "No.\n\n**Explanation:**\n\nThis license, known as the \"Artistic License,\" is a permissive license. It grants users considerable freedom to modify, distribute, and use the software without requiring them to release their derivative works under the same license. There is no requirement for derivative works to be licensed under the same terms, which is the defining characteristic of a copyleft clause. The license focuses on attribution and preventing misuse of the Copyright Holder's name, but doesn't impose any restrictions on the licensing of derivative works."
        },
        "Artistic-1.0-Perl": {
            "result": false,
            "explanation": "No.\n\nThis license is a permissive license, specifically the \"Artistic License.\" It grants users broad rights to copy, modify, and distribute the software, including derivative works, without requiring them to release their modifications under the same license. There is no requirement for derivative works to be licensed under the same terms, and therefore, no copyleft clause exists."
        },
        "Artistic-2.0": {
            "result": false,
            "explanation": "No.\n\nThis Artistic License 2.0 does not contain a copyleft clause. It permits the creation and distribution of modified versions under the same license, but it does not require that derivative works also be licensed under the Artistic License 2.0. The license focuses on allowing flexibility in use and distribution without imposing restrictions on subsequent modifications or distributions of those modified versions."
        },
        "Bitstream-Vera": {
            "result": false,
            "explanation": "No.\n\n**Explanation:**\n\nThis license is a proprietary license provided by Bitstream Inc. It grants permission for reproduction and distribution but does not include any copyleft provisions. There are restrictions on modifications (requiring a change of name if modifying the font) and limitations on usage (selling fonts alone), but it doesn\u2019t mandate that derivative works also use the same license. Therefore, it does not contain a copyleft clause."
        },
        "blessing": {
            "result": false,
            "explanation": "No"
        },
        "BlueOak-1.0.0": {
            "result": false,
            "explanation": "No"
        },
        "BSD-1-Clause": {
            "result": false,
            "explanation": "No"
        },
        "BSD-2-Clause": {
            "result": false,
            "explanation": "No."
        },
        "BSD-2-Clause-Patent": {
            "result": false,
            "explanation": "No."
        },
        "BSD-3-Clause": {
            "result": false,
            "explanation": "No"
        },
        "BSD-3-Clause-Open-MPI": {
            "result": false,
            "explanation": "No"
        },
        "BSD-4-Clause": {
            "result": false,
            "explanation": "No."
        },
        "BSD-4-Clause-UC": {
            "result": false,
            "explanation": "No."
        },
        "BSD-4.3TAHOE": {
            "result": false,
            "explanation": "No"
        },
        "BSD-Source-Code": {
            "result": false,
            "explanation": "No."
        },
        "BSL-1.0": {
            "result": false,
            "explanation": "No."
        },
        "bzip2-1.0.5": {
            "result": false,
            "explanation": "No"
        },
        "bzip2-1.0.6": {
            "result": false,
            "explanation": "No"
        },
        "CC-BY-2.5": {
            "result": false,
            "explanation": "No.\n\nThis Creative Commons Attribution 2.5 Public License does not contain a copyleft clause. It grants a broad range of rights to use, modify, and distribute the Work and derivative works, but it does not require that these rights be preserved in subsequent versions or distributions. The license focuses on attribution and does not impose any conditions on how the Work or its derivatives are used or shared."
        },
        "CC-BY-3.0": {
            "result": false,
            "explanation": "No.\n\nThis license does not contain a copyleft clause. It is a permissive license that allows for use, adaptation, and distribution of the Work, including derivative works, under different terms or licenses. There are no requirements that derivative works must be licensed under the same terms. The license explicitly grants rights to use, adapt, and distribute the Work, and does not impose any conditions on subsequent modifications or distributions."
        },
        "CDDL-1.0": {
            "result": false,
            "explanation": "No.\n\n**Explanation:**\n\nThis is the Common Development and Distribution License (CDDL) version 1.0. The CDDL is a permissive license, meaning it allows for commercial use, modification, and distribution of the software, even in proprietary applications. It does *not* include any copyleft provisions. There are no clauses requiring derivative works to be licensed under the CDDL. It explicitly states that you can incorporate the covered software into proprietary applications."
        },
        "CDDL-1.1": {
            "result": false,
            "explanation": "No.\n\nThe Common Development and Distribution License (CDDL) is a permissive open-source license. It does not contain a copyleft clause. It grants broad rights to use, modify, and distribute the software, including in commercial products, without requiring derivative works to be licensed under the same terms. While it requires attribution and includes certain provisions regarding liability and warranties, it doesn't impose any restrictions on how the software can be used or distributed in derivative works."
        },
        "CPL-1.0": {
            "result": false,
            "explanation": "No.\n\nThis is a permissive license (specifically, the Common Public License version 1.0). It grants recipients broad rights to use, modify, and distribute the software, including derivative works, without requiring those derivative works to be licensed under the same terms. There is no copyleft clause."
        },
        "curl": {
            "result": false,
            "explanation": "No."
        },
        "ECL-1.0": {
            "result": false,
            "explanation": "No."
        },
        "ECL-2.0": {
            "result": false,
            "explanation": "No.\n\n**Explanation:**\n\nThe Educational Community License (ECL) 2.0 does not contain a traditional copyleft clause. While it grants broad permissions for use, modification, and distribution, it doesn\u2019t require that derivative works also be licensed under the ECL 2.0. The license allows you to add your own copyright statements, license terms, or other conditions for your modifications or derivative works. This is a permissive license, offering greater flexibility than a copyleft license."
        },
        "EFL-2.0": {
            "result": false,
            "explanation": "No."
        },
        "EPL-1.0": {
            "result": false,
            "explanation": "No.\n\nThis Eclipse Public License (EPL) is a permissive license. It grants recipients broad rights to use, modify, and distribute the program, including derivative works, without requiring those derivative works to be licensed under the same terms. There is no copyleft provision or requirement for derivative works to be released under the EPL."
        },
        "EPL-2.0": {
            "result": false,
            "explanation": "No.\n\nThis Eclipse Public License v 2.0 does not contain a copyleft clause. It grants recipients a broad range of rights to use, modify, and distribute the Program and its derivative works under relatively permissive terms. While it requires making source code available under the same license, it doesn\u2019t mandate that all derivative works must also be licensed under the Eclipse Public License. The license encourages sharing but doesn\u2019t enforce it."
        },
        "EUPL-1.1": {
            "result": true,
            "explanation": "Yes.\n\nThe EUPL contains a strong copyleft clause. Specifically, section 5 outlines the \u201cCopyleft clause\u201d which states: \u201cIf the Licensee distributes and/or communicates copies of the Original Works or Derivative Works based upon the Original Work, this Distribution and/or Communication will be done under the terms of this Licence or of a later version of this Licence unless the Original Work is expressly distributed only under this version of the Licence.\u201d This clearly mandates that derivative works must also be licensed under the EUPL, thus fulfilling the definition of a copyleft clause."
        },
        "EUPL-1.2": {
            "result": true,
            "explanation": "Yes.\n\nThe EUPL contains a strong copyleft clause. Specifically, Article 5 outlines \u201cCompatible Licences\u201d which include licenses like GPL, AGPL, OSL, EPL, CeCILL, MPL, and LGPL. Article 5 further states, \u201cThe Licensee (becoming Licensor) cannot offer or impose any additional terms or conditions on the Work or Derivative Work that alter or restrict the terms of the Licence.\u201d This clearly indicates a requirement for derivative works to remain under the EUPL, effectively ensuring the preservation of the license's freedoms."
        },
        "FSFAP": {
            "result": false,
            "explanation": "No"
        },
        "FSFUL": {
            "result": false,
            "explanation": "No."
        },
        "FSFULLR": {
            "result": false,
            "explanation": "No"
        },
        "FSFULLRWD": {
            "result": false,
            "explanation": "no"
        },
        "FTL": {
            "result": false,
            "explanation": "No."
        },
        "GPL-1.0-only": {
            "result": false,
            "explanation": "No.\n\n**Explanation:**\n\nThe GNU General Public License (GPL) is a strong copyleft license. However, this specific excerpt does not explicitly state the copyleft requirements. The sections outlining the terms and conditions (paragraphs 1-8) describe the rights granted to users, but they don't detail the obligations for derivative works. To fully confirm, one would need to examine the entire GPL text. This excerpt focuses on the core freedoms and limitations, but the copyleft aspect is not directly present in this provided snippet."
        },
        "GPL-1.0-or-later": {
            "result": false,
            "explanation": "No.\n\n**Explanation:**\n\nThe GNU General Public License (GPL) is a strong copyleft license. However, the provided text excerpt does *not* explicitly state the copyleft clause. It focuses on describing the license's terms and conditions, including the rights granted to users and the responsibilities of distributors. The copyleft clause itself (requiring derivative works to also be licensed under the GPL) is not explicitly stated in this excerpt. To fully confirm the presence of the copyleft clause, one would need to review the full text of the GPL version 1."
        },
        "GPL-2.0-only": {
            "result": false,
            "explanation": "No.\n\n**Explanation:**\n\nThe GNU General Public License (GPL) v2 does *not* contain a strict, enforced copyleft clause in the way some other licenses (like the GPLv3) do. While the GPLv2 encourages derivative works to be licensed under the GPL, it doesn't automatically make them so. The key clauses that create the copyleft effect are:\n\n*   **Section 2(b):** This clause states that if you distribute a work based on the GPL-licensed program, you *must* license that work under the terms of the GPL. This is the core of the copyleft effect.\n*   **Section 7:** This section clarifies that if a court or agreement imposes conditions that contradict the GPL, you must still comply with the GPL.\n\nHowever, it's important to note that this is a weaker form of copyleft than some more recent GPL versions. It relies on the user\u2019s choice to license their derivative work under the GPL. The prompt asks specifically about the *presence* of a copyleft clause, and while the sections above create the potential for copyleft, the license itself doesn't enforce it."
        },
        "GPL-2.0-only WITH Classpath-exception-2.0": {
            "result": false,
            "explanation": "No.\n\n**Explanation:**\n\nThe GNU General Public License (GPL) is a strong copyleft license. However, this specific text excerpt doesn't explicitly detail the full implications of the copyleft clause. It focuses on the core rights granted to users and distributors, including the obligation to provide source code and include the license notice. The presence of clauses related to derivative works and ensuring those works remain under the GPL indicates its copyleft nature, but the excerpt itself doesn't explicitly state this."
        },
        "GPL-2.0-or-later": {
            "result": false,
            "explanation": "No.\n\n**Explanation:**\n\nThe GNU General Public License (GPL) v2 does *not* contain a strict copyleft clause requiring all derivative works to be licensed under the GPL. While the GPL encourages and promotes free software, it allows for certain exceptions. Specifically, sections 3(c) and 10 address the use of the program in other software that may have different licensing terms. The license explicitly permits incorporating the program into other software under different terms, provided certain conditions are met (such as providing attribution and including the GPL notice). This flexibility is a key characteristic of the GPL."
        },
        "GPL-3.0-only": {
            "result": true,
            "explanation": "Yes.\n\n**Explanation:**\n\nThis license is a GNU General Public License (GPL), and GPL licenses are fundamentally copyleft licenses. This means that any derivative work based on the program *must* also be licensed under the GPL. The entire document is built around this core principle: preserving the freedoms associated with the original work through derivative works. The extensive sections detailing how to apply the license, including the warnings about not incorporating the program into proprietary software, further reinforce this copyleft nature. The requirement to include the GPL notice in derivative works and the prohibition against using it in proprietary software are key indicators of a copyleft clause."
        },
        "GPL-3.0-or-later": {
            "result": true,
            "explanation": "Yes.\n\n**Explanation:**\n\nThis license is a copyleft license, specifically the GNU General Public License (GPL). The GPL\u2019s core characteristic is its copyleft clause. It mandates that any derivative works based on the licensed program must also be released under the GPL. This ensures that the freedoms associated with the original program are maintained and passed on to subsequent modifications and versions. The sections detailing patent licenses, especially regarding ensuring downstream recipients also have the freedom to use the code, further reinforce this copyleft intention."
        },
        "HPND": {
            "result": false,
            "explanation": "No."
        },
        "IBM-pibs": {
            "result": false,
            "explanation": "No"
        },
        "ICU": {
            "result": false,
            "explanation": "No."
        },
        "IJG": {
            "result": false,
            "explanation": "No."
        },
        "ImageMagick": {
            "result": false,
            "explanation": "No.\n\n**Explanation:**\n\nThe ImageMagick License is a permissive license. It grants broad rights to use, modify, and distribute the software and its derivatives. There is no requirement that derivative works must also be licensed under the ImageMagick License. This is in contrast to copyleft licenses (like the GPL) which *do* require derivative works to be licensed under the same terms."
        },
        "Info-ZIP": {
            "result": false,
            "explanation": "No."
        },
        "IPL-1.0": {
            "result": false,
            "explanation": "No.\n\nThis IBM Public License Version 1.0 is a permissive license. It grants recipients a broad range of rights to use, modify, and distribute the Program, including derivative works, without requiring those derivative works to be licensed under the same terms. There is no copyleft clause present."
        },
        "ISC": {
            "result": false,
            "explanation": "No."
        },
        "JasPer-2.0": {
            "result": false,
            "explanation": "No."
        },
        "LGPL-2.0-only": {
            "result": false,
            "explanation": "No.\n\n**Explanation:**\n\nThis is the GNU Library General Public License (LGPL), which is a *weak* copyleft license. It does *not* require that derivative works be licensed under the LGPL itself. Instead, it allows you to link LGPL-licensed libraries into proprietary software. The key provision is that if you modify the LGPL-licensed library itself, those modifications must be released under the LGPL. However, if you simply link the library into your own code, your code can remain under a different license (e.g., a commercial license). This makes it a more permissive license than a strong copyleft license like the GPL."
        },
        "LGPL-2.0-or-later": {
            "result": false,
            "explanation": "No.\n\n**Explanation:**\n\nThe GNU Library General Public License (LGPL) is a permissive license, meaning it allows you to use, modify, and distribute the library (and derivative works) under different licenses, including proprietary licenses. It does *not* require that derivative works also be licensed under the LGPL. While the LGPL does have some provisions to encourage its use in larger projects, it doesn't enforce a copyleft requirement. The key phrase indicating this is the clause stating that \"You may not copy, modify, sublicense, link with, or distribute the Library except as expressly provided under this License. Any attempt otherwise to copy, modify, sublicense, link with, or distribute the Library is void, and will automatically terminate your rights under this License.\" This explicitly allows linking with the library in proprietary code."
        },
        "LGPL-2.1-only": {
            "result": false,
            "explanation": "No.\n\n**Explanation:**\n\nThis is the Lesser General Public License (LGPL), and it does *not* contain a strong copyleft clause like the GPL. Here's a breakdown of why:\n\n*   **Permissive Licensing:** The LGPL is designed to be more permissive than the GPL. It allows you to link your code with the LGPL-licensed library without requiring you to license your entire project under the LGPL.\n*   **No Requirement for Derivative Works:** The key provision is that if you modify the LGPL library itself, you *must* release those changes under the LGPL. However, if you link your application to the LGPL library without modifying it, you are not obligated to release your entire application under the LGPL.\n*   **\"No Requirement for Derivative Works\"**: The text explicitly states \u201cYou can link your code with the LGPL library without requiring you to license your entire project under the LGPL.\u201d\n\nBecause of this, it's a \"weak copyleft\" license, offering some protection for the library's source code but not demanding that all derived works adhere to the same licensing terms."
        },
        "LGPL-2.1-or-later": {
            "result": false,
            "explanation": "No.\n\n**Explanation:**\n\nThe Lesser General Public License (LGPL) is a permissive license. It allows you to use, modify, and distribute the library in your own projects, even if those projects are proprietary. However, it does have a key provision: if you *modify* the LGPL-licensed library itself, you must make those modifications available under the LGPL. If you link the LGPL library with proprietary code, the LGPL requires you to allow users to replace the LGPL library with a modified version. This is distinct from copyleft licenses like the GPL, which require *all* derivative works to be licensed under the GPL."
        },
        "LGPL-3.0-only": {
            "result": true,
            "explanation": "Yes.\n\n**Explanation:**\n\nThis license is the GNU General Public License (GPL), which *does* contain a strong copyleft clause. Specifically, sections 13, 14, and 15 all contribute to this. Here\u2019s a breakdown of why:\n\n*   **Section 13:** Allows linking the covered work with other GPL-licensed works, but automatically extends the GPL terms to the combined work.\n*   **Section 14:** This section specifies how version numbers are handled, effectively maintaining the core copyleft principles.\n*   **Section 15:** Explicitly states \u201cTHERE IS NO WARRANTY,\u201d and clearly outlines the risk assumption, which aligns with the GPL\u2019s intent to preserve the source code and prevent proprietary derivatives.\n\nThe entire structure and numerous provisions reinforce the copyleft nature of the GPL."
        },
        "LGPL-3.0-or-later": {
            "result": true,
            "explanation": "Yes.\n\n**Explanation:**\n\nThis license is the GNU General Public License (GPL), which is a strong copyleft license. Here\u2019s why:\n\n*   **Copyleft Clause:** The core of the GPL is its copyleft provision. It states that any derivative works based on the licensed program must also be licensed under the GPL (or a compatible license). This ensures that subsequent modifications and distributions remain free and open-source, preserving the freedoms granted by the original license.\n*   **Requirement for Derivative Works:** The license explicitly mandates that any modifications or derivative works must be distributed under the same terms, thus enforcing the copyleft effect.\n\nThe intention of the GPL is to prevent proprietary modifications of the software and ensure that the freedoms of the original code are maintained throughout its entire lifecycle."
        },
        "Libpng": {
            "result": false,
            "explanation": "No"
        },
        "libpng-2.0": {
            "result": false,
            "explanation": "No"
        },
        "libtiff": {
            "result": false,
            "explanation": "No."
        },
        "LicenseRef-scancode-bsla-no-advert": {
            "result": false,
            "explanation": "No"
        },
        "LicenseRef-scancode-info-zip-2003-05": {
            "result": false,
            "explanation": "No"
        },
        "LicenseRef-scancode-ppp": {
            "result": false,
            "explanation": "No"
        },
        "Minpack": {
            "result": false,
            "explanation": "No."
        },
        "MirOS": {
            "result": false,
            "explanation": "No."
        },
        "MIT": {
            "result": false,
            "explanation": "No"
        },
        "MIT-0": {
            "result": false,
            "explanation": "No"
        },
        "MIT-CMU": {
            "result": false,
            "explanation": "No."
        },
        "MPL-1.1": {
            "result": false,
            "explanation": "No.\n\n**Explanation:**\n\nWhile the Mozilla Public License (MPL) does have some copyleft elements (requiring derivative works to also be licensed under the MPL), it is not a strong copyleft license like the GPL. It includes a significant exception: you can combine the MPL-licensed code with code licensed under other terms (like the BSD license or MIT license) without having to release your entire derivative work under the MPL. This makes it a \"weak copyleft\" license. The key point is the ability to mix it with other licenses, which distinguishes it from a strong copyleft license."
        },
        "MPL-2.0": {
            "result": true,
            "explanation": "Yes.\n\n**Justification:**\n\nThe Mozilla Public License v2.0 is a copyleft license. Several elements demonstrate this:\n\n*   **Section 2.1(a):** Grants the recipient the right to \"modify, display, perform, distribute, and otherwise exploit\" the Covered Software, which implies the ability to create derivative works.\n*   **Section 3.1:** Mandates that all distribution of Source Code Form, including modifications, must be under the terms of this License.\n*   **Section 10.2:**  Specifies that the recipient may distribute the Covered Software under a subsequent version of the license, further reinforcing the copyleft nature.\n\nThese provisions ensure that any derivative works based on the Covered Software must also be licensed under the Mozilla Public License v2.0, preserving the original license's freedoms."
        },
        "MPL-2.0-no-copyleft-exception": {
            "result": true,
            "explanation": "Yes.\n\n**Explanation:**\n\nThe Mozilla Public License v2.0 is a copyleft license. Here's why:\n\n*   **Section 2.1(a):** Grants recipients the right to use, modify, and distribute the Covered Software, including modifications.\n*   **Section 3.1:** Requires that all distribution of Source Code Form (including modifications) must be under the terms of the MPL.\n*   **Section 10.2:** Allows distributing versions of the license, ensuring consistent terms.\n\nThese provisions collectively ensure that derivative works remain under the terms of the MPL, thus fulfilling the core requirements of a copyleft license."
        },
        "MS-PL": {
            "result": false,
            "explanation": "No."
        },
        "MS-RL": {
            "result": false,
            "explanation": "No."
        },
        "NBPL-1.0": {
            "result": false,
            "explanation": "No.\n\n**Explanation:**\n\nThis license, the Net Boolean Public License, does not contain a copyleft clause. It\u2019s a permissive license that grants users significant freedom to use, modify, and distribute the software, even in commercial products, without requiring derivative works to be licensed under the same terms. The license explicitly allows for incorporating the code into proprietary software and charging fees for distribution or support. The key phrase \"You may... distribute this Package in aggregate with other (possibly commercial) programs...\" demonstrates this permissive nature."
        },
        "NCSA": {
            "result": false,
            "explanation": "No."
        },
        "NTP": {
            "result": false,
            "explanation": "No"
        },
        "OGC-1.0": {
            "result": false,
            "explanation": "No."
        },
        "OLDAP-2.8": {
            "result": false,
            "explanation": "No."
        },
        "OpenSSL": {
            "result": false,
            "explanation": "No."
        },
        "OSL-3.0": {
            "result": false,
            "explanation": "No.\n\n**Explanation:**\n\nThis Open Software License v. 3.0 (OSL-3.0) does *not* contain a copyleft clause. It\u2019s a permissive license. Here\u2019s why:\n\n*   **Grant of Rights:** It explicitly grants the licensee (You) broad rights to reproduce, modify, distribute, and even sell the Original Work and Derivative Works.\n*   **No Requirement for Derivative Works to be Licensed Under OSL-3.0:** There\u2019s no clause that demands any modifications or derivative works be released under the OSL-3.0 license.\n*   **Attribution Notice:** The license *does* require attribution (keeping the original copyright notices), but this is a standard requirement in many permissive licenses and doesn't force derivative works to adopt the same license.\n\nCopyleft licenses, on the other hand, would typically include clauses like \"all derivative works must be licensed under the same terms\" or \u201cviral\u201d provisions. The OSL-3.0 allows for significant freedom in how the original work and its derivatives are used and distributed."
        },
        "PHP-3.01": {
            "result": false,
            "explanation": "No.\n\nThe PHP License, version 3.01, is a permissive license. It allows for the use, modification, and distribution of the software and its derivatives under different licenses. There is no copyleft clause requiring derivative works to be licensed under the same terms."
        },
        "PostgreSQL": {
            "result": false,
            "explanation": "No"
        },
        "Python-2.0": {
            "result": false,
            "explanation": "No.\n\nHere's an analysis of each license to confirm this answer:\n\n*   **Python Software Foundation License (v2):** This license is a permissive license. It grants broad rights to use, modify, and distribute Python, but requires retaining the PSF\u2019s copyright notice. It contains no copyleft provisions.\n*   **BEOPEN Python Open Source License Agreement (v1):** This is also a permissive license, similar to the PSF license. It grants similar rights and includes no copyleft clauses.\n*   **CNRI Open Source License Agreement (for Python 1.6b1):** This is a permissive license.\n*   **CWI License Agreement for Python 0.9.0 through 1.2:** This license grants permission for use, copying, and modification, but does not include any copyleft provisions.\n\nTherefore, none of these licenses contain a copyleft clause."
        },
        "Qhull": {
            "result": false,
            "explanation": "No"
        },
        "RSA-MD": {
            "result": false,
            "explanation": "No."
        },
        "Saxpath": {
            "result": false,
            "explanation": "No."
        },
        "SGI-B-2.0": {
            "result": false,
            "explanation": "No."
        },
        "Sleepycat": {
            "result": false,
            "explanation": "no"
        },
        "SMLNJ": {
            "result": false,
            "explanation": "No."
        },
        "Spencer-86": {
            "result": false,
            "explanation": "No"
        },
        "SSH-OpenSSH": {
            "result": false,
            "explanation": "No."
        },
        "SSH-short": {
            "result": false,
            "explanation": "No"
        },
        "SunPro": {
            "result": false,
            "explanation": "No."
        },
        "Unicode-DFS-2015": {
            "result": false,
            "explanation": "No."
        },
        "Unicode-DFS-2016": {
            "result": false,
            "explanation": "No.\n\n**Explanation:**\n\nThe license explicitly grants broad rights to use, copy, modify, and distribute the Unicode Data Files and Software. There\u2019s no requirement that derivative works also be licensed under this same agreement. This lack of a requirement for derivative works to carry the same license terms indicates the absence of a copyleft clause."
        },
        "Unlicense": {
            "result": false,
            "explanation": "No."
        },
        "UPL-1.0": {
            "result": false,
            "explanation": "No"
        },
        "W3C": {
            "result": false,
            "explanation": "No."
        },
        "W3C-19980720": {
            "result": false,
            "explanation": "No.\n\n**Explanation:**\n\nThis W3C license is a permissive license. It grants broad rights to use, copy, modify, and distribute the software, including in derivative works, without requiring those derivative works to also be licensed under the same terms. There is no copyleft clause present. The license focuses on attribution requirements (including the full text of the notice) but doesn't impose any further restrictions on how the software is used or distributed."
        },
        "W3C-20150513": {
            "result": false,
            "explanation": "No"
        },
        "WTFPL": {
            "result": false,
            "explanation": "No."
        },
        "X11": {
            "result": false,
            "explanation": "No."
        },
        "XFree86-1.1": {
            "result": false,
            "explanation": "No."
        },
        "Zlib": {
            "result": false,
            "explanation": "No."
        },
        "zlib-acknowledgement": {
            "result": false,
            "explanation": "No"
        },
        "ZPL-2.0": {
            "result": false,
            "explanation": "No."
        }
    }
}