{
    "llm": "gemma3:4b",
    "copyleft": {
        "0BSD": {
            "result": false,
            "explanation": "No"
        },
        "AFL-2.0": {
            "result": false,
            "explanation": "No.\n\nThis Academic Free License (v. 2.0) is a permissive license. It grants broad rights to use, modify, and distribute the Original Work and Derivative Works, without requiring that derivative works also be licensed under the same terms. There is no copyleft provision."
        },
        "AFL-2.1": {
            "result": false,
            "explanation": "No.\n\nThis Academic Free License (v.2.1) is a permissive license. It grants broad rights to use, modify, and distribute the Original Work and its derivative works without requiring those derivative works to be licensed under the same terms. There is no provision that mandates copyleft behavior or requires derivative works to be licensed under the same terms as the original."
        },
        "AFL-3.0": {
            "result": false,
            "explanation": "No.\n\nThis Academic Free License (AFL) v. 3.0 does not contain a copyleft clause. It grants a broad range of rights to use, modify, and distribute the Original Work and Derivative Works under specific conditions, but it does not require that derivative works also be licensed under the AFL. The license allows for commercial use and incorporation into proprietary software, which is a key characteristic of non-copyleft licenses."
        },
        "AGPL-3.0-only": {
            "result": true,
            "explanation": "Yes.\n\n**Explanation:**\n\nThe GNU Affero General Public License (AGPL) is a copyleft license. Specifically, it includes several provisions that enforce a copyleft clause:\n\n*   **Section 7:** Addresses the scenario where the Corresponding Source is not available for free copying. It mandates actions to either ensure availability or deprive the party of the patent license.\n*   **Section 8:** This section outlines discriminatory patent licenses, which are closely tied to the copyleft requirements.\n*   **Overall Structure:** The license\u2019s fundamental goal is to ensure that any derivative works also remain freely available under the AGPL, preventing proprietary restrictions from being imposed. The detailed sections regarding source availability and patent licensing reinforce this core copyleft principle."
        },
        "AGPL-3.0-or-later": {
            "result": true,
            "explanation": "Yes.\n\n**Explanation:**\n\nThis document is the GNU Affero General Public License (AGPL), version 3. The AGPL is a copyleft license. Specifically, it includes the clause: \u201cYou may not convey a covered work if you are a party to an arrangement with a third party that is in the business of distributing software, under which you make payment to the third party based on the extent of your activity of conveying the work, and under which the third party grants, to any of the parties who would receive the covered work from you, a discriminatory patent license (a) in connection with copies of the covered work conveyed by you (or copies made from those copies), or (b) primarily for and in connection with specific products or compilations that contain the covered work, unless you entered into that arrangement, or that patent license was granted, prior to 28 March 2007.\u201d\n\nThis language explicitly demands that derivative works also be licensed under the AGPL, ensuring that the freedoms afforded by the original license are maintained. This is a key characteristic of a copyleft license."
        },
        "Apache-1.0": {
            "result": false,
            "explanation": "No"
        },
        "Apache-1.1": {
            "result": false,
            "explanation": "No."
        },
        "Apache-2.0": {
            "result": false,
            "explanation": "No.\n\n**Explanation:**\n\nThe Apache License 2.0 does *not* contain a copyleft clause. It's a permissive license, meaning you can use, modify, and distribute the work (including derivative works) for any purpose, under any license terms, without needing to release your derivative works under the same license. The license grants broad rights without imposing obligations to share modifications."
        },
        "Artistic-1.0": {
            "result": false,
            "explanation": "No.\n\n**Explanation:**\n\nThis license is a permissive license, often referred to as a \"non-copyleft\" or \"weak copyleft\" license. It grants users considerable freedom to modify, distribute, and incorporate the package's code into other projects, even commercial ones, without requiring those derivative works to also be licensed under the same terms. There is no requirement for derivative works to be released under the same license, thus lacking a copyleft clause."
        },
        "Artistic-1.0-Perl": {
            "result": false,
            "explanation": "No.\n\nThis license, known as the \"Artistic License,\" does not contain a copyleft clause. It grants significant freedoms to users, including the ability to modify, distribute, and even commercialize the software, as long as certain conditions are met (such as preserving copyright notices and providing attribution). There's no requirement that derivative works also be licensed under this same license."
        },
        "Artistic-2.0": {
            "result": false,
            "explanation": "No.\n\nThe Artistic License 2.0 does not contain a copyleft clause. It allows for the creation and distribution of modified versions under the same license or under a different license, as long as certain conditions are met (such as documentation of differences and ensuring the standard version can still be installed). The license prioritizes flexibility and commercial use, explicitly permitting changes and distribution under different terms."
        },
        "Bitstream-Vera": {
            "result": false,
            "explanation": "No.\n\n**Explanation:**\n\nThis license is a proprietary license provided by Bitstream, Inc. It grants permission to use, modify, and sell the fonts, but it does not include any copyleft provisions. There are no requirements for derivative works to be licensed under the same terms. The restrictions on renaming and the disclaimer of warranties further indicate a proprietary license."
        },
        "blessing": {
            "result": false,
            "explanation": "No"
        },
        "BlueOak-1.0.0": {
            "result": false,
            "explanation": "No."
        },
        "BSD-1-Clause": {
            "result": false,
            "explanation": "No."
        },
        "BSD-2-Clause": {
            "result": false,
            "explanation": "No"
        },
        "BSD-2-Clause-Patent": {
            "result": false,
            "explanation": "No."
        },
        "BSD-3-Clause": {
            "result": false,
            "explanation": "No"
        },
        "BSD-3-Clause-Open-MPI": {
            "result": false,
            "explanation": "No."
        },
        "BSD-4-Clause": {
            "result": false,
            "explanation": "No."
        },
        "BSD-4-Clause-UC": {
            "result": false,
            "explanation": "No"
        },
        "BSD-4.3TAHOE": {
            "result": false,
            "explanation": "No"
        },
        "BSD-Source-Code": {
            "result": false,
            "explanation": "No."
        },
        "BSL-1.0": {
            "result": false,
            "explanation": "No."
        },
        "bzip2-1.0.5": {
            "result": false,
            "explanation": "No"
        },
        "bzip2-1.0.6": {
            "result": false,
            "explanation": "No"
        },
        "CC-BY-2.5": {
            "result": false,
            "explanation": "No.\n\nThis Creative Commons Attribution 2.5 Public License does not contain a copyleft clause. It grants a wide range of permissions for reproduction, distribution, and derivative works, but it does not require that these derivative works also be licensed under the same terms. The license focuses on attribution and does not impose any restrictions on how the work or its derivatives can be used or distributed."
        },
        "CC-BY-3.0": {
            "result": false,
            "explanation": "No.\n\nThis license is a permissive Creative Commons Attribution-NonCommercial-ShareAlike 4.0 International (CC BY-NC-SA 4.0) license. It does not contain a copyleft clause. It grants users the rights to use, adapt, and share the work, provided they give appropriate attribution, do not use it for commercial purposes, and license their derivative works under the same terms."
        },
        "CDDL-1.0": {
            "result": false,
            "explanation": "No.\n\nThis Common Development and Distribution License (CDDL) version 1.0 does not contain a copyleft clause. It's a permissive license that grants broad rights to use, modify, and distribute the software, including in derivative works, without requiring those derivative works to be licensed under the same terms. The key provisions regarding distribution and attribution are present, but there's no requirement for derivative works to be licensed under the CDDL."
        },
        "CDDL-1.1": {
            "result": false,
            "explanation": "No.\n\n**Explanation:**\n\nThis is a permissive open-source license, specifically the Common Development and Distribution License (CDDL). It does *not* contain a copyleft clause. Here's why:\n\n*   **No Requirement for Derivative Works to be Licensed Under CDDL:** The license explicitly grants you the freedom to use, modify, and distribute the software (or derivative works) under different licenses. It doesn't force you to release derivative works under the CDDL.\n*   **Focus on Attribution:** The primary requirement is attribution \u2013 you must include copyright notices and a license copy with any distribution.\n*   **Permissive Use:** The license allows for commercial use, private use, and integration into proprietary software, all without the obligation to release derivative works under the CDDL.\n\nTo illustrate, a copyleft license like the GPL would require that any software built upon the CDDL-licensed code also be licensed under the GPL. This CDDL license doesn't have this restriction."
        },
        "CPL-1.0": {
            "result": false,
            "explanation": "No.\n\nThis license is a permissive open-source license, often referred to as an \"IBM Common Public License\" or \"IPL\". It grants recipients broad rights to use, modify, and distribute the program, including derivative works, without requiring those derivative works to be licensed under the same terms. There is no requirement for copyleft \u2013 meaning that modifications or distributions of the software, or software incorporating it, can be under different licenses."
        },
        "curl": {
            "result": false,
            "explanation": "No."
        },
        "ECL-1.0": {
            "result": false,
            "explanation": "No."
        },
        "ECL-2.0": {
            "result": false,
            "explanation": "No.\n\n**Explanation:**\n\nThe Educational Community License (ECL) 2.0 does *not* contain a copyleft clause. Here's why:\n\n*   **Permissive License:** The ECL 2.0 is a permissive license. It grants broad rights to use, modify, and distribute the work, including derivative works, without requiring those derivative works to be licensed under the same terms.\n*   **Redistribution Terms:** Sections 4 and 5 outline the conditions for redistribution but don\u2019t impose any requirements that derivative works must also be licensed under the ECL 2.0.\n*   **No \u201cShare Alike\u201d Requirement:** Unlike copyleft licenses (e.g., GPL), there's no explicit \"share alike\" provision in the ECL 2.0.\n\nTherefore, a developer could take the code covered by the ECL 2.0 and incorporate it into a proprietary software project without having to release the entire project under the ECL 2.0."
        },
        "EFL-2.0": {
            "result": false,
            "explanation": "No."
        },
        "EPL-1.0": {
            "result": false,
            "explanation": "No.\n\nThis Eclipse Public License (EPL) is a permissive license. It grants recipients broad rights to use, modify, and distribute the software, including derivative works, without requiring them to release their modifications under the same license. There is no copyleft provision; the license does not mandate that changes or derivative works be released under the EPL."
        },
        "EPL-2.0": {
            "result": false,
            "explanation": "No.\n\nThis Eclipse Public License v 2.0 is a permissive license. It grants recipients broad rights to use, modify, and distribute the Program and its derivative works, without requiring those derivative works to be licensed under the same terms. There are no provisions that would trigger a copyleft effect. The license explicitly states that recipients are responsible for securing any other intellectual property rights needed."
        },
        "EUPL-1.1": {
            "result": true,
            "explanation": "Yes.\n\nThe EUPL contains several provisions that clearly establish a copyleft clause. Specifically, section 5 outlines the \u201cCopyleft clause,\u201d requiring that any distribution or communication of the Original Works or Derivative Works be done under the terms of this License or a later version, and further prohibiting the offering or imposition of additional terms that alter or restrict the license. This directly aligns with the core principles of copyleft licensing."
        },
        "EUPL-1.2": {
            "result": true,
            "explanation": "Yes.\n\nThe EUPL contains a strong copyleft clause. Specifically, Article 5 lists \u2018Compatible Licences\u2019 which include several copyleft licenses (GPL, AGPL, OSL, EPL, CeCILL, MPL, LGPL). Furthermore, Article 5 states that \u201cDistribution or Communication by You will be done under the terms of this Licence or of a later version of this Licence unless the Original Work is expressly distributed only under this version of the Licence \u2014 for example by communicating \u2018EUPL v. 1.2 only\u2019\u201d. This clearly establishes that derivative works must be licensed under the EUPL, ensuring the continued availability of the freedoms granted by the license."
        },
        "FSFAP": {
            "result": false,
            "explanation": "No"
        },
        "FSFUL": {
            "result": false,
            "explanation": "No"
        },
        "FSFULLR": {
            "result": false,
            "explanation": "No."
        },
        "FSFULLRWD": {
            "result": false,
            "explanation": "no"
        },
        "FTL": {
            "result": false,
            "explanation": "No."
        },
        "GPL-1.0-only": {
            "result": false,
            "explanation": "No.\n\n**Explanation:**\n\nThe GNU General Public License (GPL) is a copyleft license, but it doesn't have a *strong* copyleft clause like the GPLv3. Here's why:\n\n*   **Paragraph 1:** This section allows for the distribution of the program as is, or with modifications, as long as certain notices are included.\n*   **Paragraph 2:** Requires that any derivative work also be licensed under the GPL, but this is a condition for modifying and distributing the original program.\n*   **Paragraph 4:** Explicitly prohibits certain actions that would attempt to avoid the GPL's terms.\n\nWhile it does have a copyleft component, the restrictions are not as strict as a fully enforced copyleft license (like GPLv3) requiring that any derivative works also be licensed under the GPL. It\u2019s a \u201cweak\u201d copyleft, primarily relying on the user's understanding and compliance with the license terms."
        },
        "GPL-1.0-or-later": {
            "result": false,
            "explanation": "No.\n\n**Explanation:**\n\nThe GNU General Public License (GPL) is a strong copyleft license. However, this specific excerpt doesn't explicitly detail the copyleft provisions. The Appendix provides guidance on how to include the GPL's terms in new software, and the core terms themselves (paragraphs 1-7) establish the requirements for derivative works \u2013 namely that they must also be licensed under the GPL. The lengthy sections on warranty and liability further reinforce the license's intent to ensure the freedom and open nature of the software. While the excerpt doesn't state this directly, its content strongly implies and relies on the copyleft clause."
        },
        "GPL-2.0-only": {
            "result": false,
            "explanation": "No.\n\n**Explanation:**\n\nThe GNU General Public License (GPL) is a copyleft license. However, this particular excerpt doesn't explicitly detail the copyleft requirements. It focuses on the foundational rights granted to users and distributors. The core principles of the GPL (requiring derivative works to also be licensed under the GPL) are not explicitly stated in this document. To fully understand the copyleft nature of the GPL, you would need to review the complete text of the license, which contains detailed sections outlining those requirements."
        },
        "GPL-2.0-only WITH Classpath-exception-2.0": {
            "result": false,
            "explanation": "No.\n\n**Explanation:**\n\nThe GNU General Public License (GPL) version 2 does *not* explicitly contain a strong copyleft clause like the GPLv3. While the license encourages free software practices, it doesn't mandate that derivative works *must* be licensed under the GPL.  The core principles of the GPL \u2013 freedom to copy, modify, and distribute \u2013 apply to derivative works as long as certain conditions are met (like preserving copyright notices and license terms).  The \"Class Path Exception\" section further reinforces this by allowing linking with other modules under different licenses, as long as those modules themselves comply with the GPL terms.  This makes the license more permissive than a strict copyleft license."
        },
        "GPL-2.0-or-later": {
            "result": false,
            "explanation": "No.\n\n**Explanation:**\n\nThe GNU General Public License (GPL) v2 does *not* contain a strict, mandatory copyleft clause that forces all derivative works to be licensed under the GPL. While the GPL encourages open source development and aims to prevent proprietary forks, it allows for some flexibility. Specifically:\n\n*   **Section 2(c)** mandates that derivative works be licensed as a whole under the GPL if they \"contain or are derived from\" the original Program. This is a key part of the copyleft effect.\n*   However, the licensing of the *entire* work, not just the derivative components, is required.\n*   Additionally, the license allows for the exclusion of certain components (like standard system libraries) from the GPL's scope.\n\nThe core intent of the GPL is to ensure that the *source code* of derivative works is available, but it does not strictly require *all* derivative works to be licensed as GPL. It\u2019s a permissive license with a strong encouragement toward open source."
        },
        "GPL-3.0-only": {
            "result": true,
            "explanation": "Yes.\n\n**Explanation:**\n\nThis license is a GNU General Public License (GPL), which *does* contain a strong copyleft clause. Specifically, Section 13 allows linking with other works licensed under the GPL, and sections 2, 4, and 6 all reinforce the requirement that derivative works also be licensed under the GPL. This ensures that any modifications or additions to the original program remain free and open-source, preserving the freedoms granted by the license. The entire document is structured around this copyleft principle."
        },
        "GPL-3.0-or-later": {
            "result": true,
            "explanation": "Yes.\n\n**Explanation:**\n\nThis license is a copyleft license, specifically the GNU General Public License (GPL). The core of a copyleft clause is the requirement that any derivative works (modifications or extensions) of the original software *must* also be licensed under the GPL. This ensures that the freedoms granted by the license\u2014the rights to use, study, share, and modify the software\u2014are preserved in any subsequent versions or adaptations. The license explicitly states \u201cyou can redistribute it and/or modify it under the terms of the GNU General Public License\u201d which firmly establishes this copyleft nature."
        },
        "HPND": {
            "result": false,
            "explanation": "No."
        },
        "IBM-pibs": {
            "result": false,
            "explanation": "No"
        },
        "ICU": {
            "result": false,
            "explanation": "No."
        },
        "IJG": {
            "result": false,
            "explanation": "No."
        },
        "ImageMagick": {
            "result": false,
            "explanation": "No.\n\n**Explanation:**\n\nThe ImageMagick License is a permissive license. It grants broad rights to use, modify, and distribute the software and its derivatives. However, it *does not* include a copyleft clause. There is no requirement that derivative works be released under the same license. The license clearly states that you can add your own copyright statements and license terms for your modifications. This lack of a copyleft provision is a key characteristic of the license's permissive nature."
        },
        "Info-ZIP": {
            "result": false,
            "explanation": "No."
        },
        "IPL-1.0": {
            "result": false,
            "explanation": "No.\n\nThis IBM Public License Version 1.0 is a permissive license. It grants recipients broad rights to use, modify, and distribute the Program, including derivative works, without requiring those derivative works to be released under the same license. There is no copyleft clause or any provision that would force derivative works to be licensed under this same agreement."
        },
        "ISC": {
            "result": false,
            "explanation": "No"
        },
        "JasPer-2.0": {
            "result": false,
            "explanation": "No."
        },
        "LGPL-2.0-only": {
            "result": false,
            "explanation": "No.\n\n**Explanation:**\n\nThe GNU Library General Public License (LGPL) is a *weak* copyleft license. This means it allows linking to the library from proprietary software. While it requires derivative works that *rely* on the library to be licensed under the LGPL, it doesn't force *all* derivative works to be licensed under the LGPL. This is a key distinction from stronger copyleft licenses like the GPL, which demand that *all* derivative works are also licensed under the GPL. The LGPL is designed to be more permissive, allowing for greater integration with commercial software."
        },
        "LGPL-2.0-or-later": {
            "result": false,
            "explanation": "No.\n\n**Explanation:**\n\nThe GNU Library General Public License (LGPL) is a permissive license, meaning it allows you to use, modify, and distribute the library (or derivative works) under different license terms, including proprietary licenses. It does *not* enforce a copyleft clause, requiring derivative works to also be licensed under the LGPL. The license explicitly allows you to link with the library in proprietary software. This is a key distinction from more restrictive copyleft licenses like the GPL."
        },
        "LGPL-2.1-only": {
            "result": false,
            "explanation": "No.\n\n**Explanation:**\n\nThis is the Lesser General Public License (LGPL), and it does *not* contain a strong copyleft clause like the GPL. Here's why:\n\n*   **Linking Allowed:** The LGPL explicitly permits linking to the library from proprietary software. This is a key difference from the GPL, which restricts linking.\n*   **Derivative Works:** While the license states that derivative works *must* be distributed under the same terms, it doesn\u2019t require *all* derivative works to be licensed under the LGPL itself. It only mandates that those portions of the derivative work that utilize the LGPL library are also distributed under the LGPL.\n*   **No requirement for the entire derivative work to be LGPL:** This is the crucial point. The LGPL is designed to be more permissive than the GPL, allowing its library to be used in a wider range of software projects.\n\nTherefore, the license doesn\u2019t impose a copyleft requirement on the *entire* derivative work."
        },
        "LGPL-2.1-or-later": {
            "result": false,
            "explanation": "No.\n\n**Explanation:**\n\nThis is the Lesser General Public License (LGPL), and it does **not** contain a strong copyleft clause like the GPL. While it encourages free software practices, it allows you to link LGPL-licensed libraries into proprietary software. The key difference is that you can modify and redistribute the LGPL library itself under the LGPL license, but you don\u2019t have to release your entire application under the LGPL if you link it. The restrictions primarily apply to modifications *to the LGPL library itself*."
        },
        "LGPL-3.0-only": {
            "result": true,
            "explanation": "Yes.\n\n**Explanation:**\n\nThis license is a copyleft license, specifically the GNU General Public License (GPL). This is clearly indicated by several key elements:\n\n*   **\u201cThis program is free software: you can redistribute it and/or modify it under the terms of the GNU General Public License\u2026\u201d** This explicitly states the copyleft nature of the license.\n*   **Requirement for Derivative Works:** The license mandates that any derivative works must also be licensed under the GPL.\n*   **The GPL\u2019s core principle** is to ensure that the freedoms granted by the license are preserved in any derivative works.\n\nThe inclusion of these elements demonstrates the license's copyleft clause, making it a strong tool for promoting free and open-source software."
        },
        "LGPL-3.0-or-later": {
            "result": true,
            "explanation": "Yes.\n\n**Explanation:**\n\nThis license is a GNU General Public License (GPL), which *does* contain a copyleft clause. Here\u2019s how it manifests:\n\n*   **\u201cThis program is free software: you can redistribute it and/or modify it under the terms of the GNU General Public License\u2026\u201d** \u2013 This explicitly states the terms under which you can share and modify the software.\n*   **\u201c\u2026or (at your option) any later version.\u201d** \u2013 This indicates that any derivative works must also be licensed under the GPL (or a later version).\n*   The entire structure of the license\u2014requiring attribution and ensuring that modifications are also available under the same terms\u2014is fundamentally a copyleft mechanism. It\u2019s designed to prevent the software from being incorporated into proprietary software, preserving the freedom for users to redistribute and modify it.\n\nThe inclusion of the GPL clearly establishes a copyleft clause, ensuring that any derivative works remain free and open-source."
        },
        "Libpng": {
            "result": false,
            "explanation": "No"
        },
        "libpng-2.0": {
            "result": false,
            "explanation": "No"
        },
        "libtiff": {
            "result": false,
            "explanation": "No."
        },
        "LicenseRef-scancode-bsla-no-advert": {
            "result": false,
            "explanation": "No"
        },
        "LicenseRef-scancode-info-zip-2003-05": {
            "result": false,
            "explanation": "No"
        },
        "LicenseRef-scancode-ppp": {
            "result": false,
            "explanation": "No"
        },
        "Minpack": {
            "result": false,
            "explanation": "No."
        },
        "MirOS": {
            "result": false,
            "explanation": "No."
        },
        "MIT": {
            "result": false,
            "explanation": "No"
        },
        "MIT-0": {
            "result": false,
            "explanation": "No"
        },
        "MIT-CMU": {
            "result": false,
            "explanation": "No."
        },
        "MPL-1.1": {
            "result": true,
            "explanation": "Yes.\n\n**Explanation:**\n\nThis Mozilla Public License (MPL) version 1.1 contains a strong copyleft clause. Here's why:\n\n*   **Section 9 (LIMITATION OF LIABILITY):** This section explicitly limits liability, a common characteristic of copyleft licenses.\n*   **Section 13 (Multiple-licensed code):** This section reinforces the copyleft nature by providing an option to use the code under the MPL, but also detailing how modifications should be handled.\n*   **The MPL's core philosophy:** The MPL requires that any derivative works (modifications or extensions) are also licensed under the MPL. This is the defining feature of a copyleft license, ensuring that the freedoms granted by the original license are preserved in all subsequent versions.\n\nThe license explicitly states that modifications must be distributed under the MPL, effectively ensuring that the code's freedoms are maintained throughout its lifecycle."
        },
        "MPL-2.0": {
            "result": false,
            "explanation": "No.\n\n**Reasoning:**\n\nThe Mozilla Public License v2.0 does not contain a traditional copyleft clause. While it grants significant rights to users, it allows for the creation and distribution of derivative works under different licenses, including proprietary licenses. The license emphasizes that the covered software can be used in a wider variety of contexts without forcing derivative works to adopt the same licensing terms. The \"Incompatible With Secondary Licenses\" clause specifically addresses situations where a work is distributed under a license that would restrict the freedoms granted by the MPL."
        },
        "MPL-2.0-no-copyleft-exception": {
            "result": true,
            "explanation": "Yes.\n\n**Explanation:**\n\nThe Mozilla Public License v2.0 is a copyleft license. Several key elements indicate this:\n\n*   **Section 2.1(a):** Grants the recipient the right to \"modify, display, perform, distribute, and otherwise exploit\" the Covered Software, even as part of a Larger Work. This is a core element of copyleft.\n*   **Section 3.1:** Mandates that any distribution of the Source Code Form *must* be under the terms of the MPL. This is the fundamental requirement of a copyleft license.\n*   **Exhibit A and Exhibit B:** The presence of these exhibits specifically relate to the license terms and reinforce the copyleft nature by detailing how the Source Code Form must be distributed and notifying recipients of compatibility constraints.\n\nThe license's goal is to ensure that any derivative works also remain freely available under the MPL, furthering the freedoms granted by the original license."
        },
        "MS-PL": {
            "result": false,
            "explanation": "No."
        },
        "MS-RL": {
            "result": false,
            "explanation": "No.\n\n**Explanation:**\n\nThe Microsoft Reciprocal License (Ms-RL) is a permissive license. It grants broad rights to use, modify, and distribute the software and its derivatives. However, it *does not* include a copyleft clause. The reciprocal nature of the license\u2014requiring you to provide source code for files containing the software\u2014does not constitute a copyleft provision. Derivative works can be licensed under different terms, as long as the original license\u2019s conditions are met (specifically, providing the source code)."
        },
        "NBPL-1.0": {
            "result": false,
            "explanation": "No.\n\n**Explanation:**\n\nThis Net Boolean Public License does *not* contain a copyleft clause. A copyleft clause would require derivative works to be licensed under the same terms. This license grants significant freedom to modify and redistribute the package, including incorporating it into proprietary software, without requiring those derivative works to be released under the same license. The key phrases indicating this lack of a copyleft clause are the ability to use the package in proprietary software, and the freedom to charge a reasonable copying fee."
        },
        "NCSA": {
            "result": false,
            "explanation": "No"
        },
        "NTP": {
            "result": false,
            "explanation": "No."
        },
        "OGC-1.0": {
            "result": false,
            "explanation": "No."
        },
        "OLDAP-2.8": {
            "result": false,
            "explanation": "No."
        },
        "OpenSSL": {
            "result": false,
            "explanation": "No."
        },
        "OSL-3.0": {
            "result": false,
            "explanation": "No.\n\nThis Open Software License v. 3.0 (OSL-3.0) does not contain a copyleft clause. It grants a broad range of rights to use, modify, and distribute the Original Work and Derivative Works, but it does not require that any derivative works be licensed under the same terms. The license allows for commercial use and distribution, and does not impose any restrictions on how derivative works are licensed. The key phrases that indicate this are the allowance for sublicensing, the non-exclusive nature of the rights granted, and the explicit permission to use the work under different licenses."
        },
        "PHP-3.01": {
            "result": false,
            "explanation": "No."
        },
        "PostgreSQL": {
            "result": false,
            "explanation": "No"
        },
        "Python-2.0": {
            "result": false,
            "explanation": "No.\n\nBased on the provided license texts, none of them contain a copyleft clause. Here\u2019s a breakdown of why:\n\n*   **Python Software Foundation License (v2):** This license is a permissive license with standard disclaimers and no requirements for derivative works to be licensed under the same terms.\n*   **BEOPEN Python Open Source License Agreement:** Similar to the PSF license, this is a permissive license with standard disclaimers.\n*   **CNRI Open Source License Agreement (for Python 1.6b1):** This is also a permissive license.\n*   **CWI License Agreement for Python 0.9.0 through 1.2:** This license grants permission for use, copying, and modification but does not impose any restrictions on derivative works.\n\nThese licenses focus on granting broad rights to use, modify, and distribute the software without requiring derivative works to be subject to the same licensing terms."
        },
        "Qhull": {
            "result": false,
            "explanation": "No"
        },
        "RSA-MD": {
            "result": false,
            "explanation": "No"
        },
        "Saxpath": {
            "result": false,
            "explanation": "No."
        },
        "SGI-B-2.0": {
            "result": false,
            "explanation": "No."
        },
        "Sleepycat": {
            "result": false,
            "explanation": "No.\n\n**Explanation:**\n\nThis license is a permissive license (specifically, a variation of the BSD license). It allows for the use, modification, and distribution of the software (including in derivative works) without requiring those derivative works to be released under the same license. There is no requirement for \"copyleft\" provisions, which are characteristic of licenses like the GPL. The license focuses on attribution and disclaimers of warranty and liability, but doesn't impose any conditions on derivative works."
        },
        "SMLNJ": {
            "result": false,
            "explanation": "No."
        },
        "Spencer-86": {
            "result": false,
            "explanation": "No"
        },
        "SSH-OpenSSH": {
            "result": false,
            "explanation": "No."
        },
        "SSH-short": {
            "result": false,
            "explanation": "No"
        },
        "SunPro": {
            "result": false,
            "explanation": "No"
        },
        "Unicode-DFS-2015": {
            "result": false,
            "explanation": "No."
        },
        "Unicode-DFS-2016": {
            "result": false,
            "explanation": "No.\n\nThe license clearly grants broad permissions for use, copying, modification, and distribution of the Unicode data files and software. There is no requirement that derivative works be licensed under the same terms, and therefore, no copyleft clause is present."
        },
        "Unlicense": {
            "result": false,
            "explanation": "No."
        },
        "UPL-1.0": {
            "result": false,
            "explanation": "No"
        },
        "W3C": {
            "result": false,
            "explanation": "No."
        },
        "W3C-19980720": {
            "result": false,
            "explanation": "No.\n\n**Explanation:**\n\nThis W3C license is a permissive license. It grants broad rights to use, copy, modify, and distribute the software and its documentation without requiring derivative works to be licensed under the same terms. There is no copyleft clause present. It focuses on attribution and preservation of original notices, but doesn't impose any restrictions on how derivative works are licensed."
        },
        "W3C-20150513": {
            "result": false,
            "explanation": "No."
        },
        "WTFPL": {
            "result": false,
            "explanation": "No."
        },
        "X11": {
            "result": false,
            "explanation": "No."
        },
        "XFree86-1.1": {
            "result": false,
            "explanation": "No."
        },
        "Zlib": {
            "result": false,
            "explanation": "No."
        },
        "zlib-acknowledgement": {
            "result": false,
            "explanation": "No."
        },
        "ZPL-2.0": {
            "result": false,
            "explanation": "No.\n\n**Explanation:**\n\nThis license, the Zope Public License (ZPL) Version 2.0, does not contain a copyleft clause. It\u2019s a permissive license. Here\u2019s why:\n\n*   **Redistribution Permissions:** The license explicitly allows redistribution in source and binary forms with or without modification.\n*   **No Requirements for Derivative Works:** There are no conditions requiring derivative works to be licensed under the ZPL itself. This is the defining characteristic of a permissive license, as opposed to a copyleft license (like GPL) which does mandate this."
        }
    }
}