{
    "llm": "gemma3:4b",
    "copyleft": {
        "0BSD": {
            "result": false,
            "explanation": "No"
        },
        "AFL-2.0": {
            "result": false,
            "explanation": "No.\n\n**Explanation:**\n\nThis Academic Free License (v. 2.0) is a permissive license. It grants broad rights to use, modify, and distribute the Original Work and its derivatives. However, it does *not* include any copyleft provisions. Copyleft licenses, such as the GNU General Public License (GPL), require that derivative works also be licensed under the same terms, ensuring that the freedoms associated with the original work are maintained throughout the derivative's lifecycle. This license allows for commercial use, incorporation into proprietary software, and other scenarios that would be restricted by a copyleft license."
        },
        "AFL-2.1": {
            "result": false,
            "explanation": "No.\n\nThis Academic Free License (v.2.1) does not contain a copyleft clause. It grants a broad range of permissions for reproduction, distribution, modification, and use of the Original Work and its derivative works, but it does not require that derivative works be licensed under the same terms. The license allows for commercial use and modification without any obligation to share the derivative works under the same license."
        },
        "AFL-3.0": {
            "result": false,
            "explanation": "No.\n\nThis Academic Free License (AFL) v. 3.0 is a permissive license. It grants broad rights to use, modify, and distribute the Original Work and its derivatives without requiring those derivatives to be released under the same license. There is no copyleft clause present. The license focuses on attribution and limitations of liability, but does not impose any requirements for derivative works to be licensed under the AFL."
        },
        "AGPL-3.0-only": {
            "result": true,
            "explanation": "Yes.\n\n**Explanation:**\n\nThis license, the GNU Affero General Public License (AGPL), contains a strong copyleft clause. Specifically, sections 15 (Disclaimer of Warranty) and 16 (Limitation of Liability) alongside the overall intent of the license, reinforce this copyleft provision. The AGPL requires that if you modify and/or distribute the software (particularly if it's used over a network), you must make the source code available to users under the same AGPL terms. This ensures that any derivative works also remain freely available and that the freedoms granted by the license are maintained. The explicit requirement for providing source code upon network use is a core element of the AGPL\u2019s copyleft strategy."
        },
        "AGPL-3.0-or-later": {
            "result": true,
            "explanation": "Yes.\n\n**Explanation:**\n\nThis license, the GNU Affero General Public License (AGPL), contains a strong copyleft clause. Specifically, Section 17 states: \u201cIf the disclaimer of warranty and limitation of liability provided above cannot be given local legal effect according to their terms, reviewing courts shall apply local law that most closely approximates an absolute waiver of all civil liability in connection with the Program, unless a warranty or assumption of liability accompanies a copy of the program in return for a fee.\u201d This aligns with the AGPL's goal of ensuring that derivative works also remain under the AGPL\u2019s terms. It also includes a section on remote network interaction that mandates offering source code to users interacting remotely. These provisions clearly demonstrate the copyleft nature of the license, requiring derivative works to be licensed under the same terms."
        },
        "Apache-1.0": {
            "result": false,
            "explanation": "No."
        },
        "Apache-1.1": {
            "result": false,
            "explanation": "No."
        },
        "Apache-2.0": {
            "result": false,
            "explanation": "No.\n\n**Explanation:**\n\nThe Apache License 2.0 is a permissive license. It grants broad rights to use, modify, and distribute the licensed work and its derivatives, without requiring those derivatives to be licensed under the same terms. There are no copyleft provisions within this license."
        },
        "Artistic-1.0": {
            "result": false,
            "explanation": "No.\n\n**Explanation:**\n\nThis license, known as the \"Artistic License,\" does not contain a copyleft clause. Here's why:\n\n*   **Flexibility:** The license grants significant freedom to modify and distribute the package, including using the code in proprietary software.\n*   **No Requirement for Sharing Modifications:** Sections 3 and 4 explicitly allow for distributing modified versions without requiring the sharing of those modifications under the same license.\n*   **\"AS IS\" Warranty:** The inclusion of an \u201cAS IS\u201d warranty further diminishes any obligation to protect the original license terms in derivative works.\n\nA copyleft license, such as the GNU General Public License (GPL), would have provisions requiring that any derivative works also be distributed under the same terms, ensuring that the freedoms of the original code are maintained."
        },
        "Artistic-1.0-Perl": {
            "result": false,
            "explanation": "No.\n\nThis license is a permissive license, often referred to as an \"Artistic License.\" It grants users broad rights to use, modify, and distribute the software, as long as certain conditions are met (like preserving copyright notices and providing attribution). Critically, it does *not* require derivative works to be licensed under the same terms, which is the defining characteristic of a copyleft license."
        },
        "Artistic-2.0": {
            "result": false,
            "explanation": "No.\n\nThis Artistic License 2.0 does not contain a copyleft clause. It allows for the creation and distribution of modified versions under the same license or under different licenses, as long as certain conditions are met (e.g., documentation of differences, ensuring compatibility with the Standard Version). There's no requirement that derivative works inherit the same licensing terms."
        },
        "Bitstream-Vera": {
            "result": false,
            "explanation": "No."
        },
        "blessing": {
            "result": false,
            "explanation": "No"
        },
        "BlueOak-1.0.0": {
            "result": false,
            "explanation": "No."
        },
        "BSD-1-Clause": {
            "result": false,
            "explanation": "No"
        },
        "BSD-2-Clause": {
            "result": false,
            "explanation": "No"
        },
        "BSD-2-Clause-Patent": {
            "result": false,
            "explanation": "No."
        },
        "BSD-3-Clause": {
            "result": false,
            "explanation": "No"
        },
        "BSD-3-Clause-Open-MPI": {
            "result": false,
            "explanation": "No"
        },
        "BSD-4-Clause": {
            "result": false,
            "explanation": "No."
        },
        "BSD-4-Clause-UC": {
            "result": false,
            "explanation": "No"
        },
        "BSD-4.3TAHOE": {
            "result": false,
            "explanation": "No"
        },
        "BSD-Source-Code": {
            "result": false,
            "explanation": "No"
        },
        "BSL-1.0": {
            "result": false,
            "explanation": "No."
        },
        "bzip2-1.0.5": {
            "result": false,
            "explanation": "No"
        },
        "bzip2-1.0.6": {
            "result": false,
            "explanation": "No."
        },
        "CC-BY-2.5": {
            "result": false,
            "explanation": "No.\n\nThis Creative Commons Attribution 2.5 Public License does not contain a copyleft clause. It grants a broad range of rights to use, modify, and distribute the Work and derivative works, but it does not require that these derivative works also be licensed under the same terms. The license allows for commercial use, incorporation into other works, and distribution under different licenses \u2013 a key characteristic of a permissive, non-copyleft license."
        },
        "CC-BY-3.0": {
            "result": false,
            "explanation": "No.\n\nThis license does not contain a copyleft clause. It is a permissive license that allows for commercial use, modification, and distribution of the work, as long as attribution to the original author is provided. There are no requirements for derivative works to be licensed under the same terms."
        },
        "CDDL-1.0": {
            "result": false,
            "explanation": "No.\n\n**Explanation:**\n\nThis is a permissive open-source license (CDDL). It does *not* contain a copyleft clause. Here's why:\n\n*   **Grant of Rights:** The license grants broad rights to use, modify, and distribute the software, including in derivative works.\n*   **No Requirement for Derivative Works to be Licensed Under the Same Terms:** There's no requirement that any derivative works be released under the CDDL. You can create a modified version and license it under a different license entirely.\n*   **Focus on Attribution:** The license primarily focuses on attribution and limitations of liability, rather than ensuring that all derivative works remain open source.\n\nA copyleft license (like the GPL) would have provisions requiring derivative works to be licensed under the same terms as the original. The CDDL does not."
        },
        "CDDL-1.1": {
            "result": false,
            "explanation": "No.\n\nThe Common Development and Distribution License (CDDL) is a permissive open-source license. It does not contain a copyleft clause. It grants users broad rights to use, modify, and distribute the software, including in proprietary applications. The key provisions regarding distribution and modifications are focused on attribution and maintaining the original license terms, but it doesn't impose any requirements for derivative works to also be licensed under the CDDL."
        },
        "CPL-1.0": {
            "result": false,
            "explanation": "No.\n\nThis license is a permissive open-source license, specifically the Common Public License version 1.0. It grants recipients broad rights to use, modify, and distribute the software, including derivative works, without requiring them to release their modifications under the same license. There is no copyleft provision; it does not mandate that derivative works also be licensed under this same license."
        },
        "curl": {
            "result": false,
            "explanation": "No"
        },
        "ECL-1.0": {
            "result": false,
            "explanation": "No."
        },
        "ECL-2.0": {
            "result": false,
            "explanation": "No.\n\n**Explanation:**\n\nThe Educational Community License (ECL) 2.0 does *not* contain a traditional copyleft clause. Here's why:\n\n*   **Permissive License:** The ECL is a permissive license. This means you can use, modify, and redistribute the work, even in commercial products, without being required to release your derivative works under the same license.\n*   **Redistribution Conditions:** While the license outlines conditions for redistribution (attribution, retaining copyright notices, etc.), it doesn't mandate that derivative works must also be licensed under the ECL.\n*   **Patent Grant:** The patent grant is limited, only covering patent claims necessary to infringe the original work or combined with it, and terminates if patent litigation is filed.\n\nA copyleft license, like the GPL, would require that any derivative works also be licensed under the GPL. The ECL is significantly more flexible."
        },
        "EFL-2.0": {
            "result": false,
            "explanation": "No."
        },
        "EPL-1.0": {
            "result": false,
            "explanation": "No.\n\nThis Eclipse Public License (EPL) is a permissive open-source license. It grants recipients broad rights to use, modify, and distribute the program, including derivative works, without requiring those derivative works to be licensed under the same terms. There is no copyleft clause present. The license explicitly reserves all rights not expressly granted to the recipient."
        },
        "EPL-2.0": {
            "result": false,
            "explanation": "No.\n\n**Explanation:**\n\nThis Eclipse Public License (v2.0) is a permissive license. It grants recipients broad rights to use, modify, and distribute the Program and its derivative works, provided they adhere to the conditions outlined in the agreement (such as including the license text and any notices). Critically, it *does not* include a copyleft clause. A copyleft license, like the GNU General Public License (GPL), would require derivative works to be licensed under the same terms, effectively ensuring that all subsequent versions of the software remain open source. This license allows for commercial use, incorporation into proprietary software, and other non-copyleft scenarios."
        },
        "EUPL-1.1": {
            "result": true,
            "explanation": "Yes.\n\nThe EUPL contains a strong copyleft clause, primarily within Article 5 and reinforced in Article 3. Specifically, Article 5 lists \"Compatible Licences\" and states that Distribution and/or Communication of Derivative Works or copies thereof based upon the Original Work and another work licensed under a Compatible Licence can be done under the terms of the Compatible Licence. However, it also explicitly states that the Licensee cannot offer or impose any additional terms or conditions on the Work or Derivative Work that alter or restrict the terms of the Licence, effectively enforcing that derivative works must be distributed under the EUPL (or a compatible license). Furthermore, Article 3\u2019s copyleft clause requires providing a machine-readable copy of the Source Code. These elements firmly establish the EUPL as a copyleft license."
        },
        "EUPL-1.2": {
            "result": true,
            "explanation": "Yes.\n\nThe EUPL contains a strong copyleft clause. Specifically, Article 5 outlines \u201cCompatible Licences\u201d which include several copyleft licenses (GPL, AGPL, OSL, EPL, CeCILL, MPL, LGPL) and mandates that any distribution or communication of derivative works must be done under the terms of the EUPL or a compatible license. Furthermore, Article 5 explicitly lists licenses that *are not* considered compatible, highlighting the license\u2019s intent to maintain the freedoms afforded by the original work through derivative creations. This feature is a defining characteristic of a copyleft license."
        },
        "FSFAP": {
            "result": false,
            "explanation": "No"
        },
        "FSFUL": {
            "result": false,
            "explanation": "No."
        },
        "FSFULLR": {
            "result": false,
            "explanation": "No"
        },
        "FSFULLRWD": {
            "result": false,
            "explanation": "No"
        },
        "FTL": {
            "result": false,
            "explanation": "No."
        },
        "GPL-1.0-only": {
            "result": false,
            "explanation": "No.\n\n**Explanation:**\n\nThe GNU General Public License (GPL) is a strong copyleft license. However, this particular excerpt doesn't explicitly detail the copyleft provisions. It focuses on the core rights granted to users \u2013 copy, modify, and distribute \u2013 but doesn't contain the specific clauses that enforce these rights on derivative works. The appendix section provides guidance on how to include the GPL's terms in new programs, indicating its strong copyleft nature, but the core text itself doesn't contain the necessary provisions to classify it as a copyleft license. To fully demonstrate a copyleft clause, the text would need to include statements regarding the obligations of those who distribute modified versions or derivative works."
        },
        "GPL-1.0-or-later": {
            "result": false,
            "explanation": "No.\n\n**Explanation:**\n\nThe GNU General Public License (GPL) does *not* contain a strict copyleft clause in the same way as, for example, the GNU Lesser General Public License (LGPL). While it strongly encourages the sharing and reuse of software and requires that derivative works be licensed under the GPL, it doesn't mandate that *all* derivative works must be licensed under the GPL.\n\nThe text explicitly states: \"You may not copy, modify, sublicense, distribute or transfer the Program except as expressly provided under this General Public License. Any attempt otherwise to copy, modify, sublicense, distribute or transfer the Program is void, and will automatically terminate your rights to use the Program under this License. However, parties who have received copies, or rights to use copies, from you under this General Public License will not have their licenses terminated so long as such parties remain in full compliance.\"\n\nThis allows for the creation of proprietary software that incorporates GPL-licensed code, as long as the terms of the GPL are followed regarding attribution and distribution of the source code. Therefore, it is not a strict copyleft license."
        },
        "GPL-2.0-only": {
            "result": false,
            "explanation": "No.\n\n**Explanation:**\n\nThe GNU General Public License (GPL) v2 does *not* contain a strict copyleft clause in the same way as the GNU Lesser General Public License (LGPL). While the GPL does require that derivative works also be licensed under the GPL, it allows for linking with proprietary software. The key difference is that the LGPL is designed specifically for libraries and encourages their use in proprietary software, whereas the GPL aims to ensure that all derivative works remain free software. This response focuses on the core elements of the GPL and directly answers the question about its copyleft provisions."
        },
        "GPL-2.0-only WITH Classpath-exception-2.0": {
            "result": false,
            "explanation": "No.\n\n**Explanation:**\n\nThe GNU General Public License (GPL) is a strong copyleft license. However, this particular excerpt doesn't explicitly state the copyleft clause. Instead, it focuses on the conditions for distributing and modifying the program. The core elements that establish the copyleft nature are present in Sections 2 and 4, which dictate how derivative works must be licensed. Therefore, while the excerpt doesn't directly state the copyleft clause, its structure and requirements strongly imply it."
        },
        "GPL-2.0-or-later": {
            "result": false,
            "explanation": "No.\n\n**Explanation:**\n\nThe GNU General Public License (GPL) v2 is a strong copyleft license. However, this particular text excerpt does *not* explicitly state the copyleft provisions. It focuses on the fundamental rights granted to users and distributors, the disclaimer of warranty, and restrictions on liability. It outlines the conditions for distributing the program and derivative works but does not include the language that triggers the copyleft requirement (e.g., \"You must distribute derivative works under the terms of this License\"). To have a copyleft clause, the document must specifically state these requirements."
        },
        "GPL-3.0-only": {
            "result": true,
            "explanation": "Yes.\n\n**Explanation:**\n\nThis license is a GNU General Public License (GPL). The GPL is a strong copyleft license. This means it contains several provisions designed to ensure that derivative works also remain free software and are distributed under the GPL terms. Specifically, clauses 13, 14, 15, 16, 17, and 18 all contribute to the copyleft nature of the license. These clauses address things like combining the program with proprietary software, maintaining version numbers, and ensuring derivative works retain the same freedoms. The entire purpose of the GPL is to prevent proprietary restrictions from creeping into free software."
        },
        "GPL-3.0-or-later": {
            "result": true,
            "explanation": "Yes.\n\n**Explanation:**\n\nThis license is a GNU General Public License (GPL). The GPL is a strong copyleft license. This means that any derivative works based on the covered work *must* also be licensed under the GPL. This is explicitly stated in several sections, including:\n\n*   **Section 13:** \u201cYou have permission to link or combine any covered work with a work licensed under version 3 of the GNU Affero General Public License into a single combined work, and to convey the resulting work.\u201d\n*   **Section 17:** \u201cIf the disclaimer of warranty and limitation of liability provided above cannot be given local legal effect according to their terms, reviewing courts shall apply local law that most closely approximates an absolute waiver of all civil liability in connection with the Program, unless a warranty or assumption of liability accompanies a copy of the Program in return for a fee.\u201d (This highlights the license\u2019s intent to propagate its terms).\n\nThe copyleft clause ensures that the freedoms granted by the GPL are maintained in any modified or distributed versions of the software. The intent is to promote the widespread availability of free software and to encourage collaboration among developers."
        },
        "HPND": {
            "result": false,
            "explanation": "No."
        },
        "IBM-pibs": {
            "result": false,
            "explanation": "No."
        },
        "ICU": {
            "result": false,
            "explanation": "No"
        },
        "IJG": {
            "result": false,
            "explanation": "No."
        },
        "ImageMagick": {
            "result": false,
            "explanation": "No.\n\n**Explanation:**\n\nThe ImageMagick License is a permissive license. It grants broad rights to use, modify, and distribute the software and its derivatives. However, it *does not* contain a copyleft clause. There is no requirement that derivative works be licensed under the same terms. This contrasts with copyleft licenses like GPL, which demand that modifications and derivative works also be released under a copyleft license."
        },
        "Info-ZIP": {
            "result": false,
            "explanation": "No."
        },
        "IPL-1.0": {
            "result": false,
            "explanation": "No.\n\nThis IBM Public License Version 1.0 is a permissive, non-copyleft license. It grants recipients a broad range of rights to use, modify, and distribute the Program and its Contributions, even in commercial products. There are no requirements for derivative works to be licensed under the same terms. It doesn\u2019t include provisions that would force future modifications or distributions of derivative works to remain under the same license."
        },
        "ISC": {
            "result": false,
            "explanation": "No"
        },
        "JasPer-2.0": {
            "result": false,
            "explanation": "No"
        },
        "LGPL-2.0-only": {
            "result": false,
            "explanation": "No.\n\n**Explanation:**\n\nThis is the GNU Library General Public License (GPL), and it **does not** contain a strong copyleft clause like the GPLv3 or GPLv4. While it does require that derivative works also be licensed under the GPL, it allows for incorporating the library into proprietary software. The key difference is that the GPL in this case is a \u201cweak copyleft\u201d license, meaning that it only applies to modifications *of the library itself*, not to the entire program that incorporates it. It does not force the entire application to be licensed under the GPL."
        },
        "LGPL-2.0-or-later": {
            "result": false,
            "explanation": "No.\n\n**Explanation:**\n\nThe GNU Library General Public License (LGPL) is a permissive license, not a copyleft license. While it allows linking to the library from proprietary software, it doesn\u2019t require that derivative works also be licensed under the LGPL. The key characteristic of the LGPL is that it allows you to use the library in both free and proprietary software. The license encourages sharing of source code, but it doesn\u2019t impose restrictions on how the library is incorporated into other software.  A copyleft license, like the GPL, would have a clause requiring any derivative works to also be licensed under the GPL."
        },
        "LGPL-2.1-only": {
            "result": false,
            "explanation": "No.\n\n**Explanation:**\n\nThis is the Lesser General Public License (LGPL), and it **does not** contain a strong copyleft clause like the GPL. While it does require that derivative works be distributed under the same license, it allows for linking with proprietary software. This is a key distinction. The LGPL is designed to be more permissive, allowing libraries to be used in both free and commercial software projects. The core requirement is that modifications to the library itself must be released under the LGPL."
        },
        "LGPL-2.1-or-later": {
            "result": false,
            "explanation": "No.\n\n**Explanation:**\n\nThis is the Lesser General Public License (LGPL), and it does *not* contain a strong copyleft clause like the GPL. Here's why:\n\n*   **Linking Allowed:** The LGPL specifically allows you to link your code (which might be proprietary) with the LGPL-licensed library. This is a key difference from the GPL, which restricts linking to proprietary code.\n*   **Derivative Works:**  The LGPL allows for derivative works to be licensed under either the LGPL or the GPL. This flexibility is what makes it suitable for use in commercial projects.\n*   **No Requirement for Redistribution:** The LGPL doesn\u2019t mandate that derivative works be redistributed under the same terms.\n\nIn short, the LGPL is a more permissive license designed to encourage wider adoption of library code without imposing the strict copyleft restrictions of the GPL."
        },
        "LGPL-3.0-only": {
            "result": true,
            "explanation": "Yes.\n\n**Explanation:**\n\nThis license is a GNU General Public License (GPL), and GPL licenses are fundamentally copyleft licenses. This means that any derivative works created from the original program *must* also be licensed under the GPL. This ensures that the freedoms granted by the license (the right to use, study, share, and modify the software) are preserved in any subsequent versions or adaptations. The sections regarding \"discriminatory patent licenses\" and the overall emphasis on preserving the original license's terms strongly confirm this copyleft nature. The license also explicitly states that it does *not* permit incorporating the program into proprietary applications, further reinforcing the copyleft commitment."
        },
        "LGPL-3.0-or-later": {
            "result": true,
            "explanation": "Yes.\n\n**Explanation:**\n\nThis license is a GNU General Public License (GPL), and the GPL is a strong copyleft license. This means it contains several provisions designed to ensure that derivative works remain free software and retain the same freedoms as the original. Specifically, sections related to patent licenses, discrimination of patent licenses, and the requirement to provide source code for derivative works all contribute to its copyleft nature. The license\u2019s goal is to prevent proprietary modifications from being made without also making the source code of the derived work available under the GPL."
        },
        "Libpng": {
            "result": false,
            "explanation": "No"
        },
        "libpng-2.0": {
            "result": false,
            "explanation": "No"
        },
        "libtiff": {
            "result": false,
            "explanation": "No."
        },
        "LicenseRef-scancode-bsla-no-advert": {
            "result": false,
            "explanation": "No"
        },
        "LicenseRef-scancode-info-zip-2003-05": {
            "result": false,
            "explanation": "No"
        },
        "LicenseRef-scancode-ppp": {
            "result": false,
            "explanation": "No"
        },
        "Minpack": {
            "result": false,
            "explanation": "No."
        },
        "MirOS": {
            "result": false,
            "explanation": "No."
        },
        "MIT": {
            "result": false,
            "explanation": "No"
        },
        "MIT-0": {
            "result": false,
            "explanation": "No"
        },
        "MIT-CMU": {
            "result": false,
            "explanation": "No."
        },
        "MPL-1.1": {
            "result": false,
            "explanation": "No.\n\n**Explanation:**\n\nWhile the Mozilla Public License (MPL) does contain some copyleft elements, it\u2019s not a strong copyleft license like the GPL. Here\u2019s a breakdown of why it's considered a \u201cweak\u201d copyleft license:\n\n*   **Choice of Licenses:** The key aspect of the MPL is that you can incorporate MPL-licensed code into proprietary (non-open source) software. You don\u2019t have to release your entire project under the MPL. This is a major difference from licenses like the GPL, which require any derivative work to be licensed under the GPL.\n*   **Modification of MPL Code:** If you modify code that is licensed under the MPL, you *must* release those modifications under the MPL. However, you don\u2019t have to release the entire work.\n*   **No Requirement for Source Code:** The MPL doesn't mandate that you release your source code.\n\nBecause of this choice of licenses provision, it doesn't meet the strict criteria of a strong copyleft license. It\u2019s a weaker copyleft license as you can incorporate MPL licensed code in proprietary software."
        },
        "MPL-2.0": {
            "result": true,
            "explanation": "Yes.\n\n**Reasoning:**\n\nThe Mozilla Public License v2.0 is a copyleft license. Several elements within the license explicitly support this:\n\n*   **Section 2.1(a):** Grants the recipient the right to \"modify, display, perform, distribute, and otherwise exploit its Contributions, either on an unmodified basis, with Modifications, or as part of a Larger Work\". This immediately suggests a right to create derivative works.\n*   **Section 3.1:** Requires that all distribution of Source Code Form must be under the terms of the MPL.\n*   **Section 10.2:** Addresses the impact of new versions of the license, reinforcing the ongoing applicability of the copyleft provisions.\n\nThe presence of these clauses signifies that any derivative works based on the covered software must also be licensed under the Mozilla Public License v2.0, ensuring the continued availability of the freedoms granted by the original license."
        },
        "MPL-2.0-no-copyleft-exception": {
            "result": true,
            "explanation": "Yes.\n\n**Explanation:**\n\nThe Mozilla Public License v2.0 is a copyleft license. Here's why:\n\n*   **Section 2.1(a):** Grants recipients the right to modify and distribute the Covered Software, including modifications.\n*   **Section 3.1:** Requires that any distribution of the Source Code Form must be under the terms of the MPL.\n*   **Section 10.2:** Allows for distribution under subsequent versions of the MPL.\n\nThese provisions collectively ensure that any derivative work based on the Covered Software will also be subject to the terms of the MPL, effectively \"copylefting\" the software.  The license explicitly intends to maintain the freedoms granted by the MPL in any derivative works."
        },
        "MS-PL": {
            "result": false,
            "explanation": "No."
        },
        "MS-RL": {
            "result": false,
            "explanation": "No."
        },
        "NBPL-1.0": {
            "result": false,
            "explanation": "No.\n\n**Explanation:**\n\nThis license, the Net Boolean Public License, does *not* contain a copyleft clause. Here's why:\n\n*   **Lack of Requirements for Derivative Works:** The license grants significant freedom to modify the package and distribute those modifications in various ways (object code, with or without source, etc.) without requiring that derivative works also be licensed under this same license.\n*   **No \"Share Alike\" Provision:** There is no explicit \"share alike\" clause that mandates that derivative works must be distributed under the same terms.\n*   **Focus on Distribution Rights:** The license primarily focuses on granting rights to copy, modify, and distribute the package itself, without imposing restrictions on how those derivative works might be licensed.\n\nTo have a copyleft clause, the license would need to include provisions that dictate that derivative works must be distributed under the same terms as the original."
        },
        "NCSA": {
            "result": false,
            "explanation": "No"
        },
        "NTP": {
            "result": false,
            "explanation": "No."
        },
        "OGC-1.0": {
            "result": false,
            "explanation": "No."
        },
        "OLDAP-2.8": {
            "result": false,
            "explanation": "No."
        },
        "OpenSSL": {
            "result": false,
            "explanation": "No."
        },
        "OSL-3.0": {
            "result": false,
            "explanation": "No.\n\nThis Open Software License v. 3.0 (OSL-3.0) does not contain a copyleft clause. It grants a broad range of rights to use, modify, and distribute the Original Work and its derivatives, but it does not require that derivative works also be licensed under the OSL-3.0. The license explicitly allows for commercial use and distribution of works based on the Original Work under different licenses."
        },
        "PHP-3.01": {
            "result": false,
            "explanation": "No.\n\nThe PHP License, version 3.01, is a permissive license. It grants users the freedom to use, modify, and distribute the software, including derivative works, without requiring those derivative works to be licensed under the same terms. There is no copyleft clause present."
        },
        "PostgreSQL": {
            "result": false,
            "explanation": "No."
        },
        "Python-2.0": {
            "result": false,
            "explanation": "No."
        },
        "Qhull": {
            "result": false,
            "explanation": "No"
        },
        "RSA-MD": {
            "result": false,
            "explanation": "No"
        },
        "Saxpath": {
            "result": false,
            "explanation": "No."
        },
        "SGI-B-2.0": {
            "result": false,
            "explanation": "No."
        },
        "Sleepycat": {
            "result": false,
            "explanation": "No.\n\n**Explanation:**\n\nThis license, known as the Sleepycat License, is a permissive license. It grants users the freedom to use, modify, and distribute the software, including in derivative works, without requiring those derivative works to be licensed under the same terms. There is no requirement for source code to be provided with derivative works, nor is there any obligation to license them under this specific license. The standard disclaimers of warranty and liability also apply."
        },
        "SMLNJ": {
            "result": false,
            "explanation": "No."
        },
        "Spencer-86": {
            "result": false,
            "explanation": "No"
        },
        "SSH-OpenSSH": {
            "result": false,
            "explanation": "No."
        },
        "SSH-short": {
            "result": false,
            "explanation": "No."
        },
        "SunPro": {
            "result": false,
            "explanation": "No."
        },
        "Unicode-DFS-2015": {
            "result": false,
            "explanation": "No.\n\n**Explanation:**\n\nThis license agreement is a permissive license. It grants broad rights to use, copy, modify, and distribute the Unicode data files and software, as long as the original copyright and permission notices are included. There is no requirement to release derivative works under the same license. This absence of a copyleft clause is a key characteristic of permissive licenses like this one."
        },
        "Unicode-DFS-2016": {
            "result": false,
            "explanation": "No.\n\n**Explanation:**\n\nThis license agreement is a permissive license. It grants broad rights to use, copy, modify, and distribute the Unicode data files and software. There is no requirement that derivative works be licensed under the same terms. This is a key characteristic of a permissive license, as opposed to a copyleft license."
        },
        "Unlicense": {
            "result": false,
            "explanation": "No."
        },
        "UPL-1.0": {
            "result": false,
            "explanation": "No."
        },
        "W3C": {
            "result": false,
            "explanation": "No"
        },
        "W3C-19980720": {
            "result": false,
            "explanation": "No."
        },
        "W3C-20150513": {
            "result": false,
            "explanation": "No."
        },
        "WTFPL": {
            "result": false,
            "explanation": "No."
        },
        "X11": {
            "result": false,
            "explanation": "No."
        },
        "XFree86-1.1": {
            "result": false,
            "explanation": "No."
        },
        "Zlib": {
            "result": false,
            "explanation": "No."
        },
        "zlib-acknowledgement": {
            "result": false,
            "explanation": "No."
        },
        "ZPL-2.0": {
            "result": false,
            "explanation": "No."
        }
    }
}