{
    "llm": "gemma3:4b",
    "copyleft": {
        "0BSD": {
            "result": false,
            "explanation": "No"
        },
        "AFL-2.0": {
            "result": false,
            "explanation": "No.\n\nThis Academic Free License (v. 2.0) is a permissive license. It grants a broad range of rights to use, modify, and distribute the Original Work and its derivative works without requiring those derivative works to be licensed under the same terms. There is no provision that mandates copyleft or any similar requirement to share modifications under the same license. It allows for commercial use, incorporation into proprietary software, and other scenarios where a copyleft license would not."
        },
        "AFL-2.1": {
            "result": false,
            "explanation": "No.\n\n**Explanation:**\n\nThis Academic Free License (v.2.1) is a permissive license. It grants broad rights to use, modify, and distribute the Original Work and its derivatives. It does *not* include any copyleft provisions. Copyleft licenses, such as the GPL, require that derivative works also be licensed under the same copyleft license. This license allows for the creation and distribution of derivative works under different licenses, including proprietary licenses."
        },
        "AFL-3.0": {
            "result": false,
            "explanation": "No.\n\nThis Academic Free License (AFL) v. 3.0 is a permissive license. It grants broad rights to use, modify, and distribute the Original Work and Derivative Works without requiring that those derivative works also be licensed under the AFL. There is no copyleft clause present. The license explicitly allows for using the work under different licenses, as long as certain conditions are met (like attribution and not misrepresenting the license)."
        },
        "AGPL-3.0-only": {
            "result": true,
            "explanation": "Yes.\n\n**Explanation:**\n\nThis license, the GNU Affero General Public License (AGPL), *does* contain a strong copyleft clause. Several key elements demonstrate this:\n\n*   **\"You have permission to link or combine any covered work with a work licensed under version 3 of the GNU General Public License into a single combined work, and to convey the resulting work.\"** - This allows linking, but crucially, it doesn't grant permission to use the AGPL-licensed code without making the combined work available under the AGPL.\n*   **\u201cYou have permission to link or combine any covered work with a work licensed under version 3 of the GNU General Public License into a single combined work, and to convey the resulting work.\u201d** - This is explicitly stated within the license.\n*   The entire design of the AGPL is built around ensuring that derivative works also carry the copyleft restrictions.\n\nTherefore, if you modify or distribute a work incorporating code licensed under the AGPL, you *must* also offer the source code of your derivative work under the AGPL. This is the core characteristic of a copyleft license."
        },
        "AGPL-3.0-or-later": {
            "result": true,
            "explanation": "Yes.\n\n**Explanation:**\n\nThis license, the GNU Affero General Public License (AGPL), is a copyleft license. Several key provisions demonstrate this:\n\n*   **Section 7:** This section explicitly addresses how derivative works should be handled, requiring that if the AGPL-licensed program is used in a network service, source code must be made available to users.\n*   **Section 9:** This section details the obligations regarding granting patent licenses and extends the license to any parties receiving the covered work and derivative works.\n*   **Overall Structure:** The license's structure\u2014with its emphasis on preserving freedoms and requiring source code availability\u2014is characteristic of copyleft licenses.\n\nEssentially, the AGPL aims to ensure that any modifications or derivatives of the software remain freely available under the same terms, preventing proprietary locking and promoting collaborative development."
        },
        "Apache-1.0": {
            "result": false,
            "explanation": "No."
        },
        "Apache-1.1": {
            "result": false,
            "explanation": "No."
        },
        "Apache-2.0": {
            "result": false,
            "explanation": "No."
        },
        "Artistic-1.0": {
            "result": false,
            "explanation": "No.\n\n**Explanation:**\n\nThis license, known as the \"Artistic License,\" is a permissive license. It grants users significant freedom to modify, distribute, and sell the software, provided they adhere to the outlined conditions (like retaining copyright notices and offering alternative distribution methods if they don't). It does *not* impose any requirements on derivative works \u2013 meaning a modified version doesn't need to be distributed under the same license. This is the defining characteristic of a permissive license, as opposed to a copyleft license."
        },
        "Artistic-1.0-Perl": {
            "result": false,
            "explanation": "No.\n\nThis license is a permissive license, often referred to as an \"Artistic License.\" It grants users broad rights to use, modify, and distribute the software, with minimal restrictions. Crucially, it lacks any copyleft provisions. There are no requirements for derivative works to be licensed under the same terms, and the Copyright Holder retains significant control over the development of the package."
        },
        "Artistic-2.0": {
            "result": false,
            "explanation": "No.\n\nThis Artistic License 2.0 does not contain a copyleft clause. It permits the creation and distribution of modified versions under its terms without requiring derivative works to be licensed under the same terms. The license focuses on granting broad usage rights while retaining some control for the copyright holder."
        },
        "Bitstream-Vera": {
            "result": false,
            "explanation": "No."
        },
        "blessing": {
            "result": false,
            "explanation": "No"
        },
        "BlueOak-1.0.0": {
            "result": false,
            "explanation": "No."
        },
        "BSD-1-Clause": {
            "result": false,
            "explanation": "No"
        },
        "BSD-2-Clause": {
            "result": false,
            "explanation": "No"
        },
        "BSD-2-Clause-Patent": {
            "result": false,
            "explanation": "No."
        },
        "BSD-3-Clause": {
            "result": false,
            "explanation": "No"
        },
        "BSD-3-Clause-Open-MPI": {
            "result": false,
            "explanation": "No"
        },
        "BSD-4-Clause": {
            "result": false,
            "explanation": "No."
        },
        "BSD-4-Clause-UC": {
            "result": false,
            "explanation": "No."
        },
        "BSD-4.3TAHOE": {
            "result": false,
            "explanation": "No"
        },
        "BSD-Source-Code": {
            "result": false,
            "explanation": "No."
        },
        "BSL-1.0": {
            "result": false,
            "explanation": "No."
        },
        "bzip2-1.0.5": {
            "result": false,
            "explanation": "No"
        },
        "bzip2-1.0.6": {
            "result": false,
            "explanation": "No"
        },
        "CC-BY-2.5": {
            "result": false,
            "explanation": "No.\n\nThis Creative Commons Attribution 2.5 Public License does not contain a copyleft clause. It grants a wide range of permissions for use, adaptation, and distribution of the Work, but it does not require that derivative works also be licensed under the same terms. The license focuses on attribution and does not impose any restrictions on how the Work can be used or modified, as long as proper credit is given."
        },
        "CC-BY-3.0": {
            "result": false,
            "explanation": "No.\n\nThis license does not contain a copyleft clause. It\u2019s a permissive license, meaning it allows for use, distribution, and modification of the work, even in derivative works, without requiring those derivative works to be licensed under the same terms. The license explicitly states that the recipient has a license to the original work, regardless of whether the derivative work is subject to the same terms."
        },
        "CDDL-1.0": {
            "result": false,
            "explanation": "No.\n\n**Explanation:**\n\nThis is the Common Development and Distribution License (CDDL) Version 1.0. The CDDL is a permissive license, meaning it grants broad rights to use, modify, and distribute the covered software. It does *not* contain a copyleft clause. There are no requirements that derivative works must be licensed under the same terms. The license allows for commercial use, incorporation into proprietary software, and distribution under different licenses, as long as the original license terms are preserved."
        },
        "CDDL-1.1": {
            "result": false,
            "explanation": "No.\n\nThe Common Development and Distribution License (CDDL) is a permissive open-source license. It does *not* contain a copyleft clause. It grants broad rights to use, modify, and distribute the software, including in commercial products. While it requires certain notices and attribution, it does not impose restrictions on derivative works. The licensee is free to license their modifications under any terms they choose, including proprietary licenses."
        },
        "CPL-1.0": {
            "result": false,
            "explanation": "No.\n\n**Explanation:**\n\nThis is a permissive license, specifically the Common Public License version 1.0. It does *not* contain a copyleft clause. Here's why:\n\n*   **Grant of Rights:** Sections 2(a) and 2(b) explicitly grant recipients broad rights to use, modify, and distribute the program, including derivative works, without requiring them to release their modifications under the same license.\n*   **No Requirement for Derivative Works to be Licensed Under the Same Terms:** The license doesn't dictate that any derivative works must be distributed under the same terms.\n*   **Permissive Distribution:** The license allows for distribution under different licenses, as long as the terms of the Common Public License are followed for the original code.\n\nA copyleft license, such as the GNU General Public License (GPL), would have provisions requiring derivative works to be licensed under the same terms, ensuring that the freedoms associated with the original work are preserved."
        },
        "curl": {
            "result": false,
            "explanation": "No."
        },
        "ECL-1.0": {
            "result": false,
            "explanation": "No."
        },
        "ECL-2.0": {
            "result": false,
            "explanation": "No.\n\n**Explanation:**\n\nThe Educational Community License (ECL) 2.0 does not contain a copyleft clause. It allows for the creation and distribution of derivative works under different license terms, as long as certain conditions (like attribution) are met. The license grants broad permissions for use, modification, and distribution, without mandating that derivative works also be licensed under the ECL. This makes it a permissive license, rather than a copyleft license."
        },
        "EFL-2.0": {
            "result": false,
            "explanation": "No."
        },
        "EPL-1.0": {
            "result": false,
            "explanation": "No.\n\nThis Eclipse Public License (EPL) is a permissive license. It grants recipients broad rights to use, modify, and distribute the program, including derivative works, without requiring those derivative works to be released under the same license. There is no copyleft clause."
        },
        "EPL-2.0": {
            "result": false,
            "explanation": "No.\n\n**Explanation:**\n\nThis Eclipse Public License (v2.0) is a permissive license. It grants recipients broad rights to use, modify, and distribute the program, including derivative works, without requiring those derivative works to be released under the same license. There is no copyleft clause present. It\u2019s designed to encourage widespread adoption and use of the software."
        },
        "EUPL-1.1": {
            "result": true,
            "explanation": "Yes.\n\n**Explanation:**\n\nThe EUPL contains several clauses that strongly indicate a copyleft-like provision. Specifically, section 5 outlines the \u201cCopyleft clause\u201d:\n\n\u201cIf the Licensee distributes and/or communicates copies of the Original Works or Derivative Works based upon the Original Work, this Distribution and/or Communication will be done under the terms of this Licence or of a later version of this Licence unless the Original Work is expressly distributed only under this version of the Licence. The Licensee (becoming Licensor) cannot offer or impose any additional terms or conditions on the Work or Derivative Work that alter or restrict the terms of the Licence.\u201d\n\nThis clause mandates that any derivative works also be distributed under the EUPL, effectively requiring that the freedoms granted by the original license be preserved in subsequent versions. The \u201cCompatibility clause\u201d further reinforces this requirement by specifying a list of \u201cCompatible Licenses,\u201d which further demonstrates the intent of maintaining the license terms."
        },
        "EUPL-1.2": {
            "result": true,
            "explanation": "Yes.\n\nThe EUPL contains a strong copyleft clause. Specifically, Article 5 outlines \u201cCompatible Licences\u201d which include licenses like GPL, AGPL, OSL, EPL, CeCILL, MPL, and LGPL. Article 5 further mandates that any Distribution or Communication of the Work or Derivative Works must be done under the terms of this Licence or a Compatible Licence, preventing alterations to the license terms. This mechanism ensures that derivative works remain subject to the EUPL\u2019s terms, effectively preserving the copyleft nature of the original work."
        },
        "FSFAP": {
            "result": false,
            "explanation": "No"
        },
        "FSFUL": {
            "result": false,
            "explanation": "No."
        },
        "FSFULLR": {
            "result": false,
            "explanation": "No"
        },
        "FSFULLRWD": {
            "result": false,
            "explanation": "No"
        },
        "FTL": {
            "result": false,
            "explanation": "No."
        },
        "GPL-1.0-only": {
            "result": false,
            "explanation": "No.\n\n**Explanation:**\n\nThe GNU General Public License (GPL) is a strong copyleft license. However, this specific excerpt does *not* explicitly detail the copyleft provisions. It focuses on the fundamental rights granted to users \u2013 the right to copy, modify, and distribute, along with the crucial disclaimer of warranty. The presence of the warranty disclaimer is a key element of the GPL, but the absence of detailed clauses about derivative works indicates that this excerpt alone doesn't represent the full copyleft nature of the GPL. A full GPL license would include paragraphs outlining how derivative works must be licensed to maintain the freedoms of the original work."
        },
        "GPL-1.0-or-later": {
            "result": false,
            "explanation": "No.\n\nThe GNU General Public License (GPL) does not contain a strict copyleft clause in the same way as, for example, the GNU Lesser General Public License (LGPL). While the GPL strongly encourages derivative works to also be licensed under the GPL, it doesn\u2019t *require* it. The license grants significant freedoms, including the ability to incorporate the code into proprietary software. The key safeguards within the GPL are the copyright notices, the disclaimer of warranty, and the requirement to provide recipients with a copy of the license. The text explicitly states \"You may not copy, modify, sublicense, distribute or transfer the Program except as expressly provided under this General Public License.\" However, this doesn't mandate that derivative works must also be GPL."
        },
        "GPL-2.0-only": {
            "result": false,
            "explanation": "No.\n\n**Explanation:**\n\nThe GNU General Public License (GPL) version 2 does *not* contain a strong copyleft clause in the way that, for example, the GNU Lesser General Public License (LGPL) does. While it does require that derivative works be licensed under the GPL, it doesn't mandate that *all* derived works must be licensed under the GPL. It focuses on ensuring that the original program\u2019s freedoms are preserved and that any modifications are also freely available. The key element is the requirement to keep the original license and disclaimer notices intact in any derived work."
        },
        "GPL-2.0-only WITH Classpath-exception-2.0": {
            "result": false,
            "explanation": "No.\n\n**Explanation:**\n\nThe GNU General Public License (GPL) version 2 does *not* explicitly contain a strong copyleft clause in the way some other licenses (like the GPLv3) do. While it requires certain conditions to be met when distributing the program or derivative works, it doesn't mandate that *all* derivative works also be licensed under the GPL. The key provision regarding derivative works is Section 2, which states that you must \"cause any work that you distribute or publish, that in whole or in part contains or is derived from the Program or any part thereof, to be licensed as a whole at no charge to all third parties under the terms of this License.\" This effectively ensures that the core program remains freely available, but doesn't force all modifications to also be GPL-licensed. It allows for linking with non-GPL code."
        },
        "GPL-2.0-or-later": {
            "result": false,
            "explanation": "No.\n\n**Explanation:**\n\nThe GNU General Public License (GPL) Version 2 does *not* contain a strict copyleft clause in the way some other licenses (like the GPLv3) do. While it encourages free software practices, it doesn't mandate that derivative works *must* be licensed under the GPL.\n\nHere's a breakdown of why this is a permissive license:\n\n*   **Section 3(c):** Allows you to distribute the program in object code or executable form as long as you provide one of the following:\n    *   Include the complete source code.\n    *   Offer a written offer to provide the source code on request.\n*   **No requirement for derivative works to be GPL:**  The license allows you to create proprietary software that incorporates parts of the GPL-licensed program without being required to release the entire work under the GPL.\n*   **Weak Copyleft:** The license's \"copyleft\" effect is weak.  It primarily protects the original program itself, ensuring that anyone who distributes the original program (or a derivative work) must also provide the source code.\n\nTherefore, while the GPL promotes free software, it doesn\u2019t force derivative works into a copyleft situation."
        },
        "GPL-3.0-only": {
            "result": true,
            "explanation": "Yes.\n\n**Explanation:**\n\nThis license is a copyleft license, specifically the GNU General Public License (GPL). Here\u2019s why:\n\n*   **Copyleft Clause:** The GPL\u2019s core principle is its \"copyleft\" clause. It states that any derivative works based on the original program must also be licensed under the GPL. This ensures that the freedoms associated with the original program (the right to use, study, modify, and redistribute it) are maintained in any derived works.\n*   **Requirement for Derivative Works:** The license explicitly requires that if you modify or create a derivative work, you must distribute it under the terms of the GPL. This is a fundamental characteristic of copyleft licenses.\n*   **Protection of Freedoms:** The GPL's goal is to ensure that software remains free and that users retain control over their software. The copyleft clause is a critical component of this objective.\n\nThis license is commonly used for software that developers want to ensure remains open-source and freely available."
        },
        "GPL-3.0-or-later": {
            "result": true,
            "explanation": "Yes.\n\n**Explanation:**\n\nThis license, the GNU General Public License (GPL), is explicitly a copyleft license. Several key provisions demonstrate this:\n\n*   **\u201cThis program is free software: you can redistribute it and/or modify it under the terms of the GNU General Public License\u2026\u201d** \u2013 This directly states the requirement for derivative works to be licensed under the GPL.\n*   **\u201cIt is safest to attach them to the start of each source file to most effectively state the exclusion of warranty; and each file should have at least the \u201ccopyright\u201d line and a pointer to where the full notice is found.\u201d** \u2013 This encourages the inclusion of the GPL terms in all derivative works.\n*   The entire structure of the license is built around ensuring that freedoms are preserved through derivative works.\n\nThe copyleft clause is fundamental to the GPL\u2019s purpose \u2013 to ensure that software remains free and open."
        },
        "HPND": {
            "result": false,
            "explanation": "No."
        },
        "IBM-pibs": {
            "result": false,
            "explanation": "No"
        },
        "ICU": {
            "result": false,
            "explanation": "No"
        },
        "IJG": {
            "result": false,
            "explanation": "No."
        },
        "ImageMagick": {
            "result": false,
            "explanation": "No.\n\n**Explanation:**\n\nThis ImageMagick license is a permissive license, not a copyleft license. It grants broad rights to use, modify, and distribute the software, including derivative works, under certain conditions (attribution and inclusion of the license text). However, it does *not* require that derivative works also be licensed under the ImageMagick License. This is a key distinction from copyleft licenses like the GPL, which mandate that any work based on the original must also be licensed under the GPL."
        },
        "Info-ZIP": {
            "result": false,
            "explanation": "No."
        },
        "IPL-1.0": {
            "result": false,
            "explanation": "No.\n\nThis IBM Public License Version 1.0 is a permissive license. It grants recipients broad rights to use, modify, and distribute the Program, including derivative works, without requiring those derivative works to be licensed under the same terms. There is no copyleft clause or any provision that mandates derivative works to be released under the same license."
        },
        "ISC": {
            "result": false,
            "explanation": "No."
        },
        "JasPer-2.0": {
            "result": false,
            "explanation": "No."
        },
        "LGPL-2.0-only": {
            "result": false,
            "explanation": "No.\n\n**Explanation:**\n\nThis is the GNU Library General Public License (GPL), and it does *not* contain a copyleft clause. The license explicitly states that \"You may not copy, modify, sublicense, link with, or distribute the Library except as expressly provided under this License.\" This limitation prevents linking the library with proprietary software, but it doesn't require that derivative works also be licensed under the GPL.  A copyleft clause would have required any software that incorporated this library to be released under the GPL."
        },
        "LGPL-2.0-or-later": {
            "result": false,
            "explanation": "No.\n\n**Explanation:**\n\nThis is the GNU Library General Public License (GPL), and it does *not* contain a copyleft clause. The license allows you to use, modify, and distribute the library, even in proprietary software. However, if you *distribute* a modified version of the library, you *must* provide the original license and copyright notice. It\u2019s a permissive license allowing use in both open-source and closed-source projects, as long as the original license and copyright notice are included."
        },
        "LGPL-2.1-only": {
            "result": false,
            "explanation": "No.\n\n**Explanation:**\n\nThis is the Lesser General Public License (LGPL), and it does *not* contain a strong copyleft clause like the GPL. Here's a breakdown of why:\n\n*   **Weak Copyleft:** The LGPL is considered a \"weak copyleft\" license. It allows you to link LGPL-licensed libraries into proprietary software.\n*   **No Requirement for Derivative Works to be LGPL:** The key difference from the GPL is that if you modify the LGPL library itself, you don't have to release your entire program under the LGPL. You can keep your modifications proprietary.\n*   **LGPL Library Modifications:** You *must* release the source code of *any* modifications you make to the LGPL library itself under the LGPL.\n*   **Commercial Use:** The LGPL is designed to encourage commercial use of libraries.\n\nTherefore, because it does not require derivative works to be licensed under the same terms, it does not contain a copyleft clause."
        },
        "LGPL-2.1-or-later": {
            "result": false,
            "explanation": "No.\n\n**Explanation:**\n\nThis is the Lesser General Public License (LGPL), and it **does not** contain a copyleft clause. The key phrase that demonstrates this is: \"You may not copy, modify, sublicense, link with, or distribute the Library except as expressly provided under this License. Any attempt otherwise to copy, modify, sublicense, link with, or distribute the Library is void, and will automatically terminate your rights under this License.\"\n\nThis clause explicitly restricts how the library can be used, but it doesn't require that derivative works also be licensed under the LGPL. This makes it a permissive license, allowing the library to be used in proprietary software."
        },
        "LGPL-3.0-only": {
            "result": true,
            "explanation": "Yes.\n\n**Explanation:**\n\nThis license is a GNU General Public License (GPL). The GPL is a strong copyleft license. This means that if you modify or distribute a work derived from the GPL-licensed program, you *must* release your derivative work under the same GPL license. This ensures that the freedoms granted by the GPL are preserved in any derivative works, effectively spreading the copyleft effect. The document explicitly states this obligation in sections 13, 15, and 17. The inclusion of the GPL\u2019s core tenets around distributing source code and preventing proprietary derivatives are strong indicators of a copyleft clause."
        },
        "LGPL-3.0-or-later": {
            "result": true,
            "explanation": "Yes.\n\n**Explanation:**\n\nThis license is a version of the GNU General Public License (GPL), and the GPL is explicitly a copyleft license. The key elements that indicate a copyleft clause include:\n\n*   **\u201cThis program is free software: you can redistribute it and/or modify it under the terms of the GNU General Public License\u2026\u201d**: This clearly states the conditions for distributing and modifying the program.\n*   **Requirement for derivative works**: The license dictates that any derivative works must also be licensed under the GPL, ensuring that the freedoms granted by the license are maintained.\n\nTherefore, the license contains a strong copyleft clause designed to protect the freedom to use, study, share, and modify the software and its derivatives."
        },
        "Libpng": {
            "result": false,
            "explanation": "no"
        },
        "libpng-2.0": {
            "result": false,
            "explanation": "No"
        },
        "libtiff": {
            "result": false,
            "explanation": "No."
        },
        "LicenseRef-scancode-bsla-no-advert": {
            "result": false,
            "explanation": "No"
        },
        "LicenseRef-scancode-info-zip-2003-05": {
            "result": false,
            "explanation": "No"
        },
        "LicenseRef-scancode-ppp": {
            "result": false,
            "explanation": "No"
        },
        "Minpack": {
            "result": false,
            "explanation": "No"
        },
        "MirOS": {
            "result": false,
            "explanation": "No."
        },
        "MIT": {
            "result": false,
            "explanation": "No."
        },
        "MIT-0": {
            "result": false,
            "explanation": "No"
        },
        "MIT-CMU": {
            "result": false,
            "explanation": "No."
        },
        "MPL-1.1": {
            "result": false,
            "explanation": "No.\n\n**Explanation:**\n\nWhile the Mozilla Public License (MPL) has elements that promote open source development, it does *not* contain a strong copyleft clause like the GPL. Here\u2019s why:\n\n*   **Optional Choice of Licenses:** The MPL allows you to use portions of the code under the MPL or an alternative license. This flexibility is a key difference from GPL-style licenses.\n*   **No Requirement for Derivative Works to be MPL Licensed:** You are not required to release your modifications or derivative works under the MPL. You can choose a different license, even a proprietary one, for your changes.\n\nTherefore, it's a permissive license, not a copyleft one."
        },
        "MPL-2.0": {
            "result": true,
            "explanation": "Yes.\n\n**Explanation:**\n\nThe Mozilla Public License v2.0 is a copyleft license. Here's why:\n\n*   **Section 2.1(a):** Grants a wide range of rights to use, modify, and distribute the Covered Software, even as part of a larger work.\n*   **Section 3.1:** Requires that all distribution of Source Code Form, including modifications, must be under the terms of this License.\n*   **Section 10.2:**  Addresses new versions, stating that You may distribute the Covered Software under the terms of the version You originally received *or* under any subsequent version published by the license steward. This reinforces the idea that derivative works must also be licensed under the MPL.\n\nThe fact that the license specifically requires that derivative works also be distributed under the same terms\u2014making it a copyleft license\u2014is the key indicator."
        },
        "MPL-2.0-no-copyleft-exception": {
            "result": true,
            "explanation": "Yes.\n\n**Explanation:**\n\nThe Mozilla Public License v2.0 is a copyleft license. Here's why:\n\n*   **Section 2.1(a):** Grants the recipient the right to use, modify, and distribute the Covered Software, including modifications.\n*   **Section 3.1:** Requires that all distribution of the Source Code Form (including modifications) be under the terms of this License. This is the core of the copyleft provision \u2013 ensuring that derivative works also remain under the MPL.\n*   **Exhibit B (\"Incompatible With Secondary Licenses\"):**  This explicitly states that the Source Code Form is not compatible with Secondary Licenses, which further reinforces the copyleft nature.\n\nThe combination of these elements makes the Mozilla Public License v2.0 a strong copyleft license, designed to ensure that the freedoms associated with the original software are maintained in all derivative works."
        },
        "MS-PL": {
            "result": false,
            "explanation": "No."
        },
        "MS-RL": {
            "result": false,
            "explanation": "No."
        },
        "NBPL-1.0": {
            "result": false,
            "explanation": "No.\n\n**Explanation:**\n\nThis license, the Net Boolean Public License, does not contain a copyleft clause. It\u2019s a permissive license. Here\u2019s why:\n\n*   **Flexibility in Distribution:** It allows you to distribute the package (or modified versions) in object code, executable form, or as part of a larger commercial distribution, without requiring those derivative works to be licensed under the same terms.\n*   **No Requirement for Source Availability:** The license doesn\u2019t mandate that you provide the source code for modified versions.\n*   **Focus on Attribution:** The primary obligation is to include copyright notices and attribute the original work.\n\nCopyleft licenses, conversely, *require* that derivative works also be licensed under a similar copyleft license. This Net Boolean Public License does not impose such a restriction."
        },
        "NCSA": {
            "result": false,
            "explanation": "No."
        },
        "NTP": {
            "result": false,
            "explanation": "No"
        },
        "OGC-1.0": {
            "result": false,
            "explanation": "No"
        },
        "OLDAP-2.8": {
            "result": false,
            "explanation": "No."
        },
        "OpenSSL": {
            "result": false,
            "explanation": "No."
        },
        "OSL-3.0": {
            "result": false,
            "explanation": "No.\n\n**Explanation:**\n\nThis Open Software License v. 3.0 (OSL-3.0) does not contain a copyleft clause. It grants a broad range of rights to the licensee, including the creation of derivative works, without requiring those derivative works to be licensed under the same terms. The license explicitly states that \"nothing in this License grants any license to Licensor\u2019s trademarks, copyrights, patents, trade secrets or any other intellectual property.\" This absence of a requirement to redistribute derivative works under the same license is the defining characteristic of a non-copyleft license."
        },
        "PHP-3.01": {
            "result": false,
            "explanation": "No."
        },
        "PostgreSQL": {
            "result": false,
            "explanation": "No."
        },
        "Python-2.0": {
            "result": false,
            "explanation": "No."
        },
        "Qhull": {
            "result": false,
            "explanation": "No"
        },
        "RSA-MD": {
            "result": false,
            "explanation": "No."
        },
        "Saxpath": {
            "result": false,
            "explanation": "No."
        },
        "SGI-B-2.0": {
            "result": false,
            "explanation": "No."
        },
        "Sleepycat": {
            "result": false,
            "explanation": "no"
        },
        "SMLNJ": {
            "result": false,
            "explanation": "No."
        },
        "Spencer-86": {
            "result": false,
            "explanation": "No"
        },
        "SSH-OpenSSH": {
            "result": false,
            "explanation": "No."
        },
        "SSH-short": {
            "result": false,
            "explanation": "No"
        },
        "SunPro": {
            "result": false,
            "explanation": "No."
        },
        "Unicode-DFS-2015": {
            "result": false,
            "explanation": "No."
        },
        "Unicode-DFS-2016": {
            "result": false,
            "explanation": "No.\n\n**Explanation:**\n\nThe provided license agreement is a permissive license. It grants broad rights to use, copy, modify, and distribute the Unicode data files and software, provided that the copyright and permission notice is included. There is no requirement for derivative works to be licensed under the same terms \u2013 this is the defining characteristic of a permissive license, as opposed to a copyleft license."
        },
        "Unlicense": {
            "result": false,
            "explanation": "No"
        },
        "UPL-1.0": {
            "result": false,
            "explanation": "No"
        },
        "W3C": {
            "result": false,
            "explanation": "No"
        },
        "W3C-19980720": {
            "result": false,
            "explanation": "No.\n\n**Explanation:**\n\nThis W3C license is a permissive license. It grants users broad rights to use, copy, modify, and distribute the software and documentation. Crucially, it *doesn't* include any copyleft provisions.  A copyleft license would require derivative works to be licensed under the same terms. This license does not have that requirement."
        },
        "W3C-20150513": {
            "result": false,
            "explanation": "No"
        },
        "WTFPL": {
            "result": false,
            "explanation": "No."
        },
        "X11": {
            "result": false,
            "explanation": "No."
        },
        "XFree86-1.1": {
            "result": false,
            "explanation": "No."
        },
        "Zlib": {
            "result": false,
            "explanation": "No."
        },
        "zlib-acknowledgement": {
            "result": false,
            "explanation": "No."
        },
        "ZPL-2.0": {
            "result": false,
            "explanation": "No."
        }
    }
}