{
    "llm": "gemma3:4b",
    "copyleft": {
        "0BSD": {
            "result": false,
            "explanation": "No"
        },
        "AFL-2.0": {
            "result": false,
            "explanation": "No.\n\nThis Academic Free License (AFL) is a permissive license. It grants broad rights to use, modify, and distribute the Original Work and Derivative Works, but it does not require that derivative works be licensed under the same terms. It lacks the key characteristics of a copyleft license, such as the requirement for derivative works to be licensed under the same terms. The license emphasizes attribution and includes provisions regarding patents and limitations of liability, but it doesn't enforce a copyleft obligation."
        },
        "AFL-2.1": {
            "result": false,
            "explanation": "No.\n\nThis Academic Free License (v.2.1) does not contain a copyleft clause. It grants a broad range of rights to use, modify, and distribute the Original Work and its derivative works under the specified terms, but it doesn't require derivative works to be licensed under the same terms. The license allows for commercial use and distribution of derivative works under different terms, as long as certain attribution requirements are met."
        },
        "AFL-3.0": {
            "result": false,
            "explanation": "No.\n\nThis Academic Free License (AFL) v. 3.0 does not contain a copyleft clause. It grants a broad range of rights to use, modify, and distribute the Original Work and its derivative works under the specified terms, but it does not require that any derivative works be licensed under the AFL itself. The license allows for commercial use and distribution, and does not impose any restrictions on subsequent licenses applied to derived works."
        },
        "AGPL-3.0-only": {
            "result": true,
            "explanation": "Yes.\n\n**Explanation:**\n\nThis license, the GNU Affero General Public License (AGPL), contains a strong copyleft clause. Here\u2019s why:\n\n*   **\u201cYou have permission to link or combine any covered work with a work licensed under version 3 of the GNU General Public License into a single combined work, and to convey the resulting work.\u201d** This explicitly allows combining works, but crucially, the terms of the AGPL continue to apply to the part which is the covered work.\n*   **\u201cIf you modify the Program, your modified version must prominently offer all users interacting with it remotely through a computer network (if your version supports such interaction) an opportunity to receive the Corresponding Source of your version by providing access to the Corresponding Source from a network server at no charge\u2026\u201d** This requirement to provide access to the source code upon remote interaction further reinforces the copyleft nature of the license.\n\nThe AGPL is designed to ensure that any derivative works remain freely available under the same terms, preventing the software from being incorporated into proprietary or closed-source products without releasing the source code. This is a core characteristic of a copyleft license."
        },
        "AGPL-3.0-or-later": {
            "result": true,
            "explanation": "Yes.\n\n**Explanation:**\n\nThis license, the GNU Affero General Public License (AGPL), is a strong copyleft license. Here\u2019s why:\n\n*   **\u201cYou have permission to link or combine any covered work with a work licensed under version 3 of the GNU General Public License into a single combined work, and to convey the resulting work.\u201d** This explicitly allows for combining covered works.\n*   **\u201cIf the Program specifies that a proxy can decide which future versions of the GNU Affero General Public License can be used, that proxy's public statement of acceptance of a version permanently authorizes you to choose that version for the Program.\u201d** This reinforces the ability to choose future versions of the AGPL.\n\nCrucially, the AGPL\u2019s main feature is that if the AGPL-licensed code is used in a network service (accessed remotely), the source code of the combined work *must* be made available to users. This is a key component of the copyleft mechanism. If you modify the AGPL-licensed code and distribute it, you *must* provide the source code to anyone who uses the service, ensuring that the freedoms associated with the AGPL are maintained."
        },
        "Apache-1.0": {
            "result": false,
            "explanation": "No."
        },
        "Apache-1.1": {
            "result": false,
            "explanation": "No."
        },
        "Apache-2.0": {
            "result": false,
            "explanation": "No.\n\n**Explanation:**\n\nThis is a permissive license, not a copyleft license. Here's why:\n\n*   **No Requirements for Derivative Works:** The license grants you the freedom to create derivative works, modify the original work, and distribute those derivative works under different license terms. There are no stipulations that derivative works *must* be licensed under the Apache License 2.0.\n*   **Commercial Use Allowed:** The license doesn't restrict commercial use.\n*   **No \"Share Alike\" Clause:** It lacks the essential \"share alike\" or \"copyleft\" provisions that are characteristic of copyleft licenses (like GPL).\n\nThe license simply specifies the conditions under which you can *use*, *redistribute*, and *modify* the original work. It doesn't force you to make your derivative works open source."
        },
        "Artistic-1.0": {
            "result": false,
            "explanation": "No.\n\n**Explanation:**\n\nThis license, known as the \"Artistic License,\" does *not* contain a copyleft clause. Here's why:\n\n*   **No Requirement for Derivative Works to be Licensed:** The license grants significant freedom to modify and distribute the package, including distributing derivative works. It doesn\u2019t mandate that any modifications or derivative works must also be released under the same license.\n*   **Options for Distribution:** Sections 3 and 4 outline several ways to distribute modified versions, including options like keeping them proprietary, providing the standard version alongside the modifications, or simply acknowledging the original package.\n*   **\"AS IS\" Warranty:** The inclusion of the \"AS IS\" warranty further reinforces the lack of any obligation on the part of the copyright holder to maintain or extend the license for derivative works.\n\nA copyleft license would have provisions explicitly requiring any modified version to be distributed under the same license terms, ensuring that freedoms are preserved in all derivative works. This license does not."
        },
        "Artistic-1.0-Perl": {
            "result": false,
            "explanation": "No.\n\nThis license is a permissive license, commonly referred to as the \"Artistic License.\" It grants users broad rights to use, modify, and distribute the software, as long as certain conditions are met (such as preserving copyright notices and providing attribution). It does not include any copyleft provisions requiring derivative works to be licensed under the same terms."
        },
        "Artistic-2.0": {
            "result": false,
            "explanation": "No.\n\nThe Artistic License 2.0 does not contain a copyleft clause. It permits the creation and distribution of modified versions under its terms, without requiring derivative works to be licensed under the same terms. The license focuses on granting broad usage rights while retaining some control for the copyright holder."
        },
        "Bitstream-Vera": {
            "result": false,
            "explanation": "No.\n\n**Explanation:**\n\nThis license is a proprietary license granted by Bitstream Inc. It does not contain any copyleft provisions. It allows for modification and distribution of the fonts, but crucially, it doesn't require derivative works to also be licensed under the same terms. The restrictions around naming and usage are typical of commercial font licenses, but they don't constitute a copyleft clause."
        },
        "blessing": {
            "result": false,
            "explanation": "No"
        },
        "BlueOak-1.0.0": {
            "result": false,
            "explanation": "No."
        },
        "BSD-1-Clause": {
            "result": false,
            "explanation": "No"
        },
        "BSD-2-Clause": {
            "result": false,
            "explanation": "No"
        },
        "BSD-2-Clause-Patent": {
            "result": false,
            "explanation": "No."
        },
        "BSD-3-Clause": {
            "result": false,
            "explanation": "No"
        },
        "BSD-3-Clause-Open-MPI": {
            "result": false,
            "explanation": "No"
        },
        "BSD-4-Clause": {
            "result": false,
            "explanation": "No."
        },
        "BSD-4-Clause-UC": {
            "result": false,
            "explanation": "No"
        },
        "BSD-4.3TAHOE": {
            "result": false,
            "explanation": "No"
        },
        "BSD-Source-Code": {
            "result": false,
            "explanation": "No."
        },
        "BSL-1.0": {
            "result": false,
            "explanation": "No."
        },
        "bzip2-1.0.5": {
            "result": false,
            "explanation": "No"
        },
        "bzip2-1.0.6": {
            "result": false,
            "explanation": "No."
        },
        "CC-BY-2.5": {
            "result": false,
            "explanation": "No.\n\nThis Creative Commons Attribution 2.5 Public License does not contain a copyleft clause. It grants a broad range of rights to use, modify, and distribute the Work and its derivatives, but it does not require that derivative works also be licensed under the same terms. The license focuses on attribution and doesn't impose any restrictions on how the Work or its derivatives can be used or distributed."
        },
        "CC-BY-3.0": {
            "result": false,
            "explanation": "No.\n\nThis license is a standard, permissive Creative Commons Attribution-type license. It grants users the right to use, adapt, and distribute the work, even for commercial purposes, as long as proper attribution is given to the original author. There is no requirement for derivative works to be licensed under the same terms \u2013 this is the key distinction from copyleft licenses like the GPL."
        },
        "CDDL-1.0": {
            "result": false,
            "explanation": "No.\n\nThis is the Common Development and Distribution License (CDDL) version 1.0. It is a permissive open-source license, not a copyleft license. It grants users broad rights to use, modify, and distribute the software, including in proprietary applications. There are no requirements for derivative works to be licensed under the CDDL. It focuses on protecting the initial developer's rights and promoting the sharing of software while avoiding restrictions on how the software is used in commercial products."
        },
        "CDDL-1.1": {
            "result": false,
            "explanation": "No.\n\n**Explanation:**\n\nThis CDDL license is a permissive license. It grants broad rights to use, modify, and distribute the Covered Software and its derivatives, without requiring derivative works to be licensed under the same terms. There is no copyleft clause present. The license emphasizes attribution and limitations on liability, but doesn't impose any restrictions on how derivative works are licensed."
        },
        "CPL-1.0": {
            "result": false,
            "explanation": "No.\n\nThis is a permissive license, specifically the Common Public License version 1.0. It grants recipients broad rights to use, modify, and distribute the program and its derivative works under certain conditions (primarily regarding warranties, liability disclaimers, and attribution). However, it does *not* include any copyleft provisions, meaning derivative works can be licensed under different terms, including proprietary licenses."
        },
        "curl": {
            "result": false,
            "explanation": "No."
        },
        "ECL-1.0": {
            "result": false,
            "explanation": "No."
        },
        "ECL-2.0": {
            "result": false,
            "explanation": "No.\n\n**Explanation:**\n\nThe Educational Community License (ECL) 2.0 does *not* contain a strong copyleft clause. While it grants broad permissions for use, modification, and distribution, it lacks the specific requirements that would trigger a copyleft effect. Here's a breakdown of why:\n\n*   **Permissive License:** The ECL is a permissive license, meaning it allows for commercial use, modification, and distribution of the work and derivative works under different license terms.\n*   **No Requirement for Derivative Works to be Licensed Under ECL:** The license doesn't mandate that any modifications or derivative works be released under the ECL itself.\n*   **Flexibility in Licensing Derivative Works:** It explicitly allows you to add your own copyright statements, provide different license terms, or charge fees for your derivative works.\n\nA copyleft license, such as the GNU General Public License (GPL), would require that any derivative works also be licensed under the GPL. The ECL does not have this requirement."
        },
        "EFL-2.0": {
            "result": false,
            "explanation": "No."
        },
        "EPL-1.0": {
            "result": false,
            "explanation": "No.\n\nThis Eclipse Public License (EPL) is a permissive open-source license. It grants broad rights to use, modify, and distribute the program, including derivative works, without requiring those derivative works to be licensed under the same terms. It does not contain any copyleft provisions."
        },
        "EPL-2.0": {
            "result": false,
            "explanation": "No.\n\n**Explanation:**\n\nThis Eclipse Public License (v2.0) does *not* contain a copyleft clause. Here\u2019s why:\n\n*   **Non-Restrictive:** The license grants recipients a broad range of rights, including the ability to create derivative works and sublicense them under different licenses (as long as those licenses adhere to the specified requirements \u2013 particularly regarding disclaimers and liability).\n*   **No Requirement for Derivative Works to be Released Under the Same License:** The license doesn\u2019t dictate that any derivative works must be distributed under the Eclipse Public License.\n*   **Secondary Licenses:** The license explicitly allows for the inclusion of secondary licenses (like the GNU General Public License) for the source code, further reinforcing the non-copyleft nature.\n\nA copyleft license would typically include a requirement that any modifications or derivative works also be released under the same license. This Eclipse license does not have that restriction."
        },
        "EUPL-1.1": {
            "result": true,
            "explanation": "Yes.\n\nThe EUPL contains a strong copyleft clause, specifically outlined in Section 5. This clause mandates that any Distribution and/or Communication of the Original Works or Derivative Works must be done under the terms of the EUPL or a later version. It also requires that any Derivative Work carry prominent notices stating that the Work has been modified and the date of modification. This is a key characteristic of a copyleft license."
        },
        "EUPL-1.2": {
            "result": true,
            "explanation": "Yes.\n\nThe EUPL contains a strong copyleft clause. Specifically, Article 5 outlines the \u2018Compatible Licences\u2019 (GPL, AGPL, OSL, EPL, CeCILL, MPL, LGPL, CC BY-SA) and Article 5 further reinforces that \u201cDistribution or Communication by You\u2026will be done under the terms of this Licence or of a later version of this Licence\u201d. This effectively mandates that any derivative works based on the Work must also be licensed under the EUPL or a compatible license, ensuring continued freedom and openness."
        },
        "FSFAP": {
            "result": false,
            "explanation": "No"
        },
        "FSFUL": {
            "result": false,
            "explanation": "No."
        },
        "FSFULLR": {
            "result": false,
            "explanation": "No."
        },
        "FSFULLRWD": {
            "result": false,
            "explanation": "no"
        },
        "FTL": {
            "result": false,
            "explanation": "No."
        },
        "GPL-1.0-only": {
            "result": false,
            "explanation": "No.\n\n**Explanation:**\n\nThe GNU General Public License (GPL) is a strong copyleft license. However, this specific excerpt focuses on the terms and conditions for copying, distribution, and modification of the *program itself*. It doesn't explicitly state that derivative works must also be licensed under the GPL. The appendix provides guidance on how to include the GPL notice in new programs, but doesn't impose a copyleft requirement on those new programs. To fully understand the copyleft nature of the GPL, you would need to examine the entire license text, which includes clauses 7, 8 and 9 regarding derivative works and the obligation to preserve freedom."
        },
        "GPL-1.0-or-later": {
            "result": false,
            "explanation": "No.\n\n**Explanation:**\n\nThe GNU General Public License (GPL) is a copyleft license, but it doesn't *require* derivative works to be licensed under the GPL. It provides a framework for ensuring freedom, but it doesn't mandate that all derived works also be GPL-licensed. The license outlines the conditions under which you can use, modify, and distribute the original program, and how to ensure that those freedoms are maintained in derivative works. However, the key is that you *must* provide recipients with a copy of the license and ensure they receive the same rights."
        },
        "GPL-2.0-only": {
            "result": false,
            "explanation": "No.\n\n**Explanation:**\n\nThe GNU General Public License (GPL) Version 2 does *not* contain a strict copyleft clause in the traditional sense. While it strongly encourages the preservation of its freedoms, it allows for the creation of derivative works under different licenses.\n\nHere\u2019s a breakdown of why it doesn't qualify as a strong copyleft license:\n\n*   **Section 2 allows for derivative works under different licenses:** This is the key.  It permits you to create a new program that incorporates GPL-licensed code and distribute it under a different license entirely (e.g., a commercial license).\n*   **No requirement for derivative works to be GPL:** Unlike licenses like the GPLv3, the GPLv2 doesn't force derivative works to be licensed under the GPL.\n\nTherefore, while the GPLv2 aims to protect the freedoms of its original code, it's not a strict copyleft license that necessitates derivative works to be licensed under the same terms."
        },
        "GPL-2.0-only WITH Classpath-exception-2.0": {
            "result": false,
            "explanation": "No.\n\n**Explanation:**\n\nThe GNU General Public License (GPL) version 2 does *not* explicitly contain a strong copyleft clause that mandates derivative works be licensed under the GPL. However, it *strongly encourages* copyleft practices through several mechanisms:\n\n*   **Section 2:** This section’s requirements – particularly the obligation to cause modified files to carry copyright notices and license derivative works under the GPL – effectively pushes toward a copyleft outcome.\n*   **Section 4:** This section explicitly prohibits excluding the GPL from derivative works.\n*   **Section 9:** The provision about revisions to the GPL reinforces the intent for derivative works to adhere to the license.\n*   **The overall spirit of the GPL** is built around ensuring that software remains free and that users retain their freedoms.\n\nWhile the license doesn’t *force* copyleft, the features strongly encourage its adoption, making it a de facto copyleft license. It is not a permissive license like the MIT or BSD licenses, which allow derivative works to be licensed under different terms."
        },
        "GPL-2.0-or-later": {
            "result": false,
            "explanation": "No.\n\n**Explanation:**\n\nThe GNU General Public License (GPL) Version 2 does not contain a strong copyleft clause in the traditional sense. While it does encourage sharing and derivative works under the same license, it doesn\u2019t *require* derivative works to be licensed under the GPL. The license grants significant freedoms, but it doesn't mandate that all modifications and derived works adhere to the GPL. The license is permissive, allowing for proprietary derivative works as long as certain conditions are met (like preserving copyright notices and the license itself). A stricter copyleft license would explicitly state that derivative works *must* be licensed under the GPL."
        },
        "GPL-3.0-only": {
            "result": true,
            "explanation": "Yes.\n\n**Explanation:**\n\nThis license is a GNU General Public License (GPL), and the GPL is fundamentally a copyleft license. This means it contains a strong copyleft clause. Specifically, sections 7 and 8 address scenarios where the program is conveyed alongside a patent license, and this section mandates extending that patent license to all recipients of the covered work and derived works, ensuring that the freedoms granted by the GPL are maintained throughout the codebase. Furthermore, the license\u2019s overall structure and language are designed to ensure derivative works also remain under the GPL, preventing their commercialization under more restrictive licenses."
        },
        "GPL-3.0-or-later": {
            "result": true,
            "explanation": "Yes.\n\n**Explanation:**\n\nThis license is a GNU General Public License (GPL), which is a strong copyleft license. This means that if you distribute a modified version of the software, or a derivative work based on it, you *must* license that derivative work under the terms of the GPL. This ensures that the freedoms granted by the GPL (the right to use, study, share, and modify the software) are preserved in any subsequent versions or derivative works. The entire structure of the license is designed to promote free software development by requiring derivative works to remain open source."
        },
        "HPND": {
            "result": false,
            "explanation": "No."
        },
        "IBM-pibs": {
            "result": false,
            "explanation": "No"
        },
        "ICU": {
            "result": false,
            "explanation": "No"
        },
        "IJG": {
            "result": false,
            "explanation": "No."
        },
        "ImageMagick": {
            "result": false,
            "explanation": "No.\n\n**Explanation:**\n\nThe ImageMagick License is a permissive license. It doesn't contain a copyleft clause. It grants broad rights to use, modify, and distribute the software and its derivatives, with only a few conditions related to attribution and maintaining the license terms. There's no requirement that derivative works also be licensed under the ImageMagick License."
        },
        "Info-ZIP": {
            "result": false,
            "explanation": "No."
        },
        "IPL-1.0": {
            "result": false,
            "explanation": "No.\n\nThis IBM Public License Version 1.0 is a permissive license. It grants recipients a broad range of rights to use, modify, and distribute the software, including derivative works, without requiring those derivative works to be licensed under the same terms. There is no copyleft clause present. It explicitly states that recipients are solely responsible for ensuring any other intellectual property rights are secured and does not mandate that modifications or derivative works be released under the same license."
        },
        "ISC": {
            "result": false,
            "explanation": "No."
        },
        "JasPer-2.0": {
            "result": false,
            "explanation": "No."
        },
        "LGPL-2.0-only": {
            "result": false,
            "explanation": "No.\n\n**Explanation:**\n\nThis is the GNU Library General Public License (GPL), and it does *not* contain a strong copyleft clause like the GPLv3. While it requires that derivative works also be licensed under the GPL, it allows for \"compatible\" licenses to be used alongside the library. This means you can link the library with software under other licenses (like the BSD license or MIT license) without forcing those derivative works to also be GPL-licensed. The key element here is the requirement that *any* derivative work that *incorporates* the library must also be licensed under the GPL."
        },
        "LGPL-2.0-or-later": {
            "result": false,
            "explanation": "No.\n\n**Explanation:**\n\nThe GNU Library General Public License (LGPL) is a permissive license. While it allows linking to the library, it doesn\u2019t impose a copyleft requirement on *derived works* that use the library.  This means that if you create a program that links to the LGPL-licensed library, you can distribute your program under any license you choose (including a proprietary license). The LGPL is designed to encourage library usage without forcing every derivative work to also be free software. The key clause to note is the restriction on modifying the library itself (the LGPL restricts *re-linking* the library), not the resulting application that utilizes it."
        },
        "LGPL-2.1-only": {
            "result": false,
            "explanation": "No.\n\n**Explanation:**\n\nThis is the Lesser General Public License (LGPL), and it does *not* contain a strong copyleft clause like the GPL. Here's a breakdown of why:\n\n*   **Weak Copyleft:** The LGPL allows you to link libraries built under it with proprietary software. This is a key difference from the GPL, which strictly mandates that any derivative works also be licensed under the GPL.\n*   **No Requirement for Derivative Works to be LGPL:** The license states that you can link with the library even if your overall software isn't LGPL-licensed.\n*   **Focus on Library Usage:** The LGPL primarily aims to protect the library itself, ensuring that its source code remains available for modification and redistribution.\n\nTherefore, the absence of a strong copyleft clause makes this a permissive license."
        },
        "LGPL-2.1-or-later": {
            "result": false,
            "explanation": "No.\n\n**Explanation:**\n\nThis is the Lesser General Public License (LGPL), and it does *not* contain a copyleft clause. While it allows linking with the library, it explicitly permits you to modify the library and distribute the modified version under a different license. The key phrase that prevents it from being a copyleft license is: \u201cYou may link with the Library and relink to create another work, as long as you do not relicense the Library itself.\u201d The LGPL is designed to be more permissive, allowing libraries to be incorporated into proprietary software."
        },
        "LGPL-3.0-only": {
            "result": true,
            "explanation": "Yes.\n\n**Explanation:**\n\nThis license is a GNU General Public License (GPL), and the GPL is a strong copyleft license. This means:\n\n*   **Derivative Works:** Any derivative work (a program that is based on or modified from the original) *must* also be licensed under the GPL. This ensures that the freedoms granted by the original license are preserved in any subsequent modifications or extensions.\n*   **Viral Effect:** The GPL\u2019s copyleft clause is often described as \u201cviral\u201d because it effectively forces any derived work to also be open-source, promoting the continued sharing of software freedoms.\n\nThe entire document is structured to emphasize this copyleft nature and highlights the requirements for derivative works. Therefore, it contains a clear copyleft clause."
        },
        "LGPL-3.0-or-later": {
            "result": true,
            "explanation": "Yes.\n\n**Explanation:**\n\nThis license is the GNU General Public License (GPL), which *does* contain a strong copyleft clause. Here\u2019s why:\n\n*   **Section 13:** Explicitly allows linking with other GPL-licensed works, but states that the GPL terms apply to the combined work.\n*   **Section 2:**  Requires that derivative works also be licensed under the GPL, effectively ensuring that any modifications or extensions to the original program retain the freedom granted by the license.\n*   **Overall Intent:** The GPL is designed to ensure that software remains free and open-source. It\u2019s a very deliberate effort to prevent proprietary modifications from obscuring the original freedoms."
        },
        "Libpng": {
            "result": false,
            "explanation": "No"
        },
        "libpng-2.0": {
            "result": false,
            "explanation": "No"
        },
        "libtiff": {
            "result": false,
            "explanation": "No."
        },
        "LicenseRef-scancode-bsla-no-advert": {
            "result": false,
            "explanation": "No"
        },
        "LicenseRef-scancode-info-zip-2003-05": {
            "result": false,
            "explanation": "No"
        },
        "LicenseRef-scancode-ppp": {
            "result": false,
            "explanation": "No"
        },
        "Minpack": {
            "result": false,
            "explanation": "No"
        },
        "MirOS": {
            "result": false,
            "explanation": "No."
        },
        "MIT": {
            "result": false,
            "explanation": "No"
        },
        "MIT-0": {
            "result": false,
            "explanation": "No"
        },
        "MIT-CMU": {
            "result": false,
            "explanation": "No."
        },
        "MPL-1.1": {
            "result": true,
            "explanation": "Yes.\n\n**Explanation:**\n\nThe Mozilla Public License version 1.1 (MPL) is a copyleft license. Here's why:\n\n*   **Share-Alike Provision:** The MPL requires that if you modify or distribute the covered code (or a derivative work), you must distribute the modified code under the same MPL license terms. This ensures that any subsequent modifications or adaptations also remain freely available under the MPL.\n*   **Protection of Freedom:** The core purpose of a copyleft license is to preserve the freedoms granted by the original license in derivative works. The MPL achieves this through its share-alike requirement.\n\nThe instructions included regarding Exhibit A further reinforce this by specifying the need to maintain the MPL terms for any modifications."
        },
        "MPL-2.0": {
            "result": true,
            "explanation": "Yes.\n\n**Explanation:**\n\nThe Mozilla Public License v2.0 is a copyleft license. Several key elements demonstrate this:\n\n*   **Sections 3.1 & 3.2:** These sections mandate that all distributions of the Covered Software, including modifications, must be under the terms of the MPL. This is the core of a copyleft license \u2013 requiring derivative works to carry the same licensing terms.\n*   **Exhibit A & Exhibit B:** The inclusion of Exhibit A and Exhibit B reinforces the copyleft nature. Exhibit B specifically highlights that the source code form is \"Incompatible With Secondary Licenses\" implying that if a secondary license is used, the original MPL terms will be preserved.\n*   **Overall Structure:** The entire license is designed to ensure that any derivative works remain subject to the terms of the MPL, preserving the original's freedoms."
        },
        "MPL-2.0-no-copyleft-exception": {
            "result": true,
            "explanation": "Yes.\n\n**Reasoning:**\n\nThe Mozilla Public License v2.0 is a copyleft license. Here's why:\n\n*   **Section 2.1(a):** Grants the recipient the right to \"modify, display, perform, distribute, and otherwise exploit\" the Covered Software \"as part of a Larger Work\". This includes modifying it and incorporating it into derivative works.\n*   **Section 3.1:** Mandates that all distribution of the Source Code Form (including modifications) must be under the terms of the MPL. This is a key element of copyleft \u2013 ensuring that any derived works also carry the same licensing terms.\n*   **Exhibit B:** The \"Incompatible With Secondary Licenses\" notice reinforces this copyleft aspect, specifying that modifications *must* also be distributed under the MPL.\n\nThe license is designed to ensure that its freedoms are preserved in all derivative works, a characteristic of copyleft licenses."
        },
        "MS-PL": {
            "result": false,
            "explanation": "No."
        },
        "MS-RL": {
            "result": false,
            "explanation": "No."
        },
        "NBPL-1.0": {
            "result": false,
            "explanation": "No.\n\n**Explanation:**\n\nThis license, the Net Boolean Public License, does not contain a copyleft clause. It\u2019s a permissive license. Here\u2019s why:\n\n*   **Freedom to Modify and Distribute:** The license grants users considerable freedom to modify, redistribute, and commercialize the package.\n*   **No Requirement for Derivative Works to be Licensed Under the Same Terms:** The key element missing is a requirement that any derivative works based on the package also be licensed under the Net Boolean Public License. The license allows you to incorporate this package into proprietary software, without needing to release your changes under the same terms.\n\nThe license focuses on providing broad usage rights while requiring only that copyright notices be preserved. This is a defining characteristic of permissive licenses, unlike copyleft licenses which demand that derivative works remain open-source."
        },
        "NCSA": {
            "result": false,
            "explanation": "No."
        },
        "NTP": {
            "result": false,
            "explanation": "No"
        },
        "OGC-1.0": {
            "result": false,
            "explanation": "No."
        },
        "OLDAP-2.8": {
            "result": false,
            "explanation": "No."
        },
        "OpenSSL": {
            "result": false,
            "explanation": "No."
        },
        "OSL-3.0": {
            "result": false,
            "explanation": "No.\n\nThis Open Software License v. 3.0 (OSL-3.0) does not contain a copyleft clause. It grants a broad range of rights to use, modify, and distribute the Original Work and its derivatives, but it does not require that derivative works be licensed under the same terms. The license explicitly allows for commercial use and distribution under different licenses. The only condition related to distribution of derivative works is that copies must be licensed under the OSL-3.0."
        },
        "PHP-3.01": {
            "result": false,
            "explanation": "No.\n\nThe PHP License, version 3.01, is a permissive license. It allows for the use, modification, and distribution of the software, including derivative works, without requiring those derivative works to be licensed under the same terms. There is no copyleft clause present."
        },
        "PostgreSQL": {
            "result": false,
            "explanation": "No"
        },
        "Python-2.0": {
            "result": false,
            "explanation": "No.\n\nHere's a breakdown of why, based on the provided license texts:\n\n*   **Python Software Foundation License (v2):** This license is a permissive license. It grants broad rights to use, modify, and distribute Python, including derivative works, without requiring those derivative works to be licensed under the same terms.\n*   **BEOPEN Python Open Source License:** This is also a permissive license, similar to the PSF license.\n*   **CNRI Open Source License:** This license is also permissive, granting broad rights to use and distribute Python.\n*   **CWI License:** This license is a non-commercial, very permissive license. It allows for use, copying, and distribution without any copyleft restrictions.\n\nNone of these licenses contain a copyleft clause. They all focus on granting users the freedom to use, modify, and distribute the software under conditions of attribution and disclaimer of warranties."
        },
        "Qhull": {
            "result": false,
            "explanation": "No"
        },
        "RSA-MD": {
            "result": false,
            "explanation": "No."
        },
        "Saxpath": {
            "result": false,
            "explanation": "No."
        },
        "SGI-B-2.0": {
            "result": false,
            "explanation": "No."
        },
        "Sleepycat": {
            "result": false,
            "explanation": "No.\n\n**Explanation:**\n\nThis license (Sleepycat License) is a permissive license. It allows for redistribution, modification, and incorporation into other projects without requiring those derivative works to also be licensed under the same terms. It contains standard disclaimers of warranty and liability, typical of permissive licenses. There is no provision for ensuring that derivative works remain under the same license; this lack of a copyleft clause is the key factor."
        },
        "SMLNJ": {
            "result": false,
            "explanation": "No."
        },
        "Spencer-86": {
            "result": false,
            "explanation": "No"
        },
        "SSH-OpenSSH": {
            "result": false,
            "explanation": "No"
        },
        "SSH-short": {
            "result": false,
            "explanation": "No."
        },
        "SunPro": {
            "result": false,
            "explanation": "No."
        },
        "Unicode-DFS-2015": {
            "result": false,
            "explanation": "No."
        },
        "Unicode-DFS-2016": {
            "result": false,
            "explanation": "No.\n\n**Explanation:**\n\nThe license provided is a permissive license. It grants broad rights to use, copy, modify, and distribute the Unicode data files and software. Crucially, it *does not* contain a copyleft clause. There's no requirement that derivative works be released under the same license terms. The only conditions are that the copyright notice remain in place."
        },
        "Unlicense": {
            "result": false,
            "explanation": "No."
        },
        "UPL-1.0": {
            "result": false,
            "explanation": "No"
        },
        "W3C": {
            "result": false,
            "explanation": "No."
        },
        "W3C-19980720": {
            "result": false,
            "explanation": "No.\n\n**Explanation:**\n\nThis W3C license is a permissive license. It grants broad rights to use, copy, modify, and distribute the software and its documentation, including in derivative works, without requiring those derivative works to be licensed under the same terms. There is no copyleft clause. The license focuses on attribution (including the original W3C notice) and disclaimers of warranty and liability."
        },
        "W3C-20150513": {
            "result": false,
            "explanation": "No."
        },
        "WTFPL": {
            "result": false,
            "explanation": "No"
        },
        "X11": {
            "result": false,
            "explanation": "No."
        },
        "XFree86-1.1": {
            "result": false,
            "explanation": "No."
        },
        "Zlib": {
            "result": false,
            "explanation": "No"
        },
        "zlib-acknowledgement": {
            "result": false,
            "explanation": "No."
        },
        "ZPL-2.0": {
            "result": false,
            "explanation": "No."
        }
    }
}