{
    "llm": "gemma3:4b",
    "copyleft": {
        "0BSD": {
            "result": false,
            "explanation": "No"
        },
        "AFL-2.0": {
            "result": false,
            "explanation": "No.\n\n**Explanation:**\n\nThis Academic Free License (v. 2.0) does *not* contain a copyleft clause. Here's why:\n\n*   **Permissive License:** It\u2019s a permissive license, meaning it grants broad rights to use, modify, and distribute the Original Work and its derivatives, provided certain attribution requirements are met.\n*   **No Reciprocal Obligations:** The license doesn\u2019t require derivative works to be licensed under the same terms. It only mandates attribution to the original author and adherence to certain restrictions (e.g., no trademark use without permission).\n*   **Lack of \"Share Alike\" Provision:** A key characteristic of copyleft licenses is the \"share alike\" clause \u2013 the stipulation that any derivative work must also be licensed under the same terms. This is absent in this license.\n\nTherefore, this license is considered a permissive license rather than a copyleft license."
        },
        "AFL-2.1": {
            "result": false,
            "explanation": "No.\n\nThis Academic Free License (v2.1) is a permissive license. It grants broad rights to use, modify, and distribute the Original Work and its derivative works without requiring those derivative works to also be licensed under the same terms. There is no provision for \"copyleft\" \u2013 the requirement that derivative works inherit the same licensing terms as the original. It simply outlines the rights granted to the licensee."
        },
        "AFL-3.0": {
            "result": false,
            "explanation": "No.\n\nThis Academic Free License (AFL) v. 3.0 does not contain a copyleft clause. It grants a broad range of rights to use, modify, and distribute the Original Work and Derivative Works under its terms, but it does not require that derivative works also be licensed under the AFL. The license allows for commercial use and distribution of derivative works under different licenses, as long as the specified conditions (such as attribution and the exclusion of trademark use) are met."
        },
        "AGPL-3.0-only": {
            "result": true,
            "explanation": "Yes.\n\n**Explanation:**\n\nThis license, the GNU Affero General Public License (AGPL), contains a strong copyleft clause. Here\u2019s why:\n\n*   **\u201cYou have permission to link or combine any covered work with a work licensed under version 3 of the GNU General Public License into a single combined work, and to convey the resulting work.\u201d** \u2013 This explicitly allows linking, but immediately follows with the crucial stipulation that the resulting combined work remains governed by the AGPL.\n*   **\u201cYou have permission to link or combine any covered work with a work licensed under version 3 of the GNU General Public License that is incorporated pursuant to the following paragraph.\u201d** \u2013 Further reinforces the copyleft requirement.\n*   **\u201cYou have permission to link or combine any covered work with a work licensed under version 3 of the GNU General Public License into a single combined work\u2026\u201d** \u2013 As well as allowing for linked development, the AGPL requires that if the work is made available on a network server, the source code must be provided free of charge to users.\n\nThe entire structure of the AGPL is built around ensuring that derivative works also remain free and open-source, preventing proprietary locking and upholding the license\u2019s core purpose. The language is specifically crafted to ensure the continued availability of the code under the same terms, irrespective of how it's used."
        },
        "AGPL-3.0-or-later": {
            "result": true,
            "explanation": "Yes.\n\n**Explanation:**\n\nThis license, the GNU Affero General Public License (AGPL), contains a strong copyleft clause. Specifically, Section 17, \"Interpretation of Sections 15 and 16,\" explicitly states: \"If the disclaimer of warranty and limitation of liability provided above cannot be given local legal effect according to their terms, reviewing courts shall apply local law that most closely approximates an absolute waiver of all civil liability in connection with the Program, unless a warranty or assumption of liability accompanies a copy of the program in return for a fee.\" This highlights the AGPL's intent to ensure derivative works also remain under the same terms. Furthermore, sections 17 and 18 detail requirements related to providing source code and ensuring continued availability of the AGPL's terms, solidifying its copyleft nature."
        },
        "Apache-1.0": {
            "result": false,
            "explanation": "No."
        },
        "Apache-1.1": {
            "result": false,
            "explanation": "No"
        },
        "Apache-2.0": {
            "result": false,
            "explanation": "No"
        },
        "Artistic-1.0": {
            "result": false,
            "explanation": "No.\n\n**Explanation:**\n\nThis license, often referred to as the \"Artistic License,\" is a permissive license. It grants users considerable freedom to modify, distribute, and commercialize the software, as long as certain conditions are met (primarily regarding attribution and maintaining the original copyright notices). There is no requirement for derivative works to be licensed under the same terms \u2013 a key characteristic of copyleft licenses."
        },
        "Artistic-1.0-Perl": {
            "result": false,
            "explanation": "No.\n\nThis license is a permissive license, falling under the \"Artistic License.\" It grants users significant freedom to copy, modify, and distribute the software, including derivative works, without requiring them to release their modifications under the same license. There is no requirement for derivative works to be licensed under the same terms, which is the defining characteristic of a copyleft license."
        },
        "Artistic-2.0": {
            "result": false,
            "explanation": "No.\n\nThe Artistic License 2.0 does not contain a copyleft clause. It allows for the distribution of modified versions under different licenses, including proprietary ones, as long as certain conditions are met (such as maintaining copyright notices and ensuring compatibility with the Standard Version). The license focuses on granting broad usage rights while retaining some control over the package's development."
        },
        "Bitstream-Vera": {
            "result": false,
            "explanation": "No."
        },
        "blessing": {
            "result": false,
            "explanation": "No"
        },
        "BlueOak-1.0.0": {
            "result": false,
            "explanation": "No."
        },
        "BSD-1-Clause": {
            "result": false,
            "explanation": "No"
        },
        "BSD-2-Clause": {
            "result": false,
            "explanation": "No"
        },
        "BSD-2-Clause-Patent": {
            "result": false,
            "explanation": "No."
        },
        "BSD-3-Clause": {
            "result": false,
            "explanation": "No."
        },
        "BSD-3-Clause-Open-MPI": {
            "result": false,
            "explanation": "No."
        },
        "BSD-4-Clause": {
            "result": false,
            "explanation": "No."
        },
        "BSD-4-Clause-UC": {
            "result": false,
            "explanation": "No"
        },
        "BSD-4.3TAHOE": {
            "result": false,
            "explanation": "No"
        },
        "BSD-Source-Code": {
            "result": false,
            "explanation": "No."
        },
        "BSL-1.0": {
            "result": false,
            "explanation": "No."
        },
        "bzip2-1.0.5": {
            "result": false,
            "explanation": "No"
        },
        "bzip2-1.0.6": {
            "result": false,
            "explanation": "No."
        },
        "CC-BY-2.5": {
            "result": false,
            "explanation": "No.\n\nThis Creative Commons Attribution 2.5 license does not contain a copyleft clause. It grants a broad range of rights to use, adapt, and distribute the Work, but it does not require that derivative works also be licensed under the same terms. The license explicitly allows for different licensing terms for derivative works."
        },
        "CC-BY-3.0": {
            "result": false,
            "explanation": "No.\n\nThis license does not contain a copyleft clause. It is a permissive license that allows for commercial use, modification, and distribution of the work, as long as attribution is provided to the original author. There are no requirements that derivative works must also be licensed under the same terms."
        },
        "CDDL-1.0": {
            "result": false,
            "explanation": "No.\n\nThis is the Common Development and Distribution License (CDDL) version 1.0. It is a permissive open-source license, but it does *not* contain a copyleft clause. It grants users broad rights to use, modify, and distribute the software, including in proprietary applications. There are obligations regarding attribution, distribution of source code, and limitations of liability, but it doesn't require derivative works to be licensed under the same terms."
        },
        "CDDL-1.1": {
            "result": false,
            "explanation": "No.\n\n**Explanation:**\n\nThis Common Development and Distribution License (CDDL) is a permissive open-source license. It does *not* contain a copyleft clause. Here\u2019s why:\n\n*   **Grant of Rights:** The license grants broad rights to use, modify, and distribute the covered software, regardless of whether derivative works are also licensed under the CDDL.\n*   **No Requirement for Derivative Works to be Licensed Under CDDL:** The license doesn't require that any modifications or derivative works be released under the same terms. You can create a modified version and distribute it under a different license (even a proprietary one).\n*   **Focus on Permissiveness:** The CDDL is designed to encourage widespread adoption by allowing developers to use and adapt the software in a variety of ways.\n\nTo confirm, a copyleft license (like the GPL) would have clauses requiring derivative works to carry the same license. The CDDL purposefully avoids this restriction."
        },
        "CPL-1.0": {
            "result": false,
            "explanation": "No.\n\nThis license is a permissive open-source license, specifically the Common Public License version 1.0. It grants recipients broad rights to use, modify, and distribute the program and its derivatives, as long as certain conditions are met (such as attribution and disclaimers). It does *not* include any copyleft provisions that would require derivative works to be licensed under the same terms."
        },
        "curl": {
            "result": false,
            "explanation": "No."
        },
        "ECL-1.0": {
            "result": false,
            "explanation": "No."
        },
        "ECL-2.0": {
            "result": false,
            "explanation": "No.\n\n**Explanation:**\n\nThe Educational Community License (ECL) 2.0 does *not* contain a traditional copyleft clause. Here\u2019s why:\n\n*   **Permissive License:** The ECL 2.0 is a permissive license. This means you can use, modify, and distribute the Work and its derivatives under different license terms. You are free to incorporate it into proprietary software.\n*   **No Requirement for Derivative Works to be Licensed Under ECL:** The license explicitly states that you can add your own copyright statement and license terms for your modifications or derivative works. It does not require those derivative works to be distributed under the ECL 2.0.\n*   **Focus on Sharing:** The ECL 2.0's primary goal is to facilitate the sharing of educational resources.\n\nWhile the license grants broad permissions, it doesn't enforce a \"viral\" copyleft effect where derivative works must also be open source."
        },
        "EFL-2.0": {
            "result": false,
            "explanation": "No."
        },
        "EPL-1.0": {
            "result": false,
            "explanation": "No.\n\nThis Eclipse Public License (EPL) is a permissive license. It grants recipients broad rights to use, modify, and distribute the program, including derivative works, without requiring those derivative works to be licensed under the same terms. There is no copyleft clause present. The license focuses on protecting the original contributors\u2019 copyright while allowing for significant freedom in how the software is used and distributed."
        },
        "EPL-2.0": {
            "result": false,
            "explanation": "No.\n\n**Explanation:**\n\nThis Eclipse Public License (v 2.0) is a permissive license. It grants broad rights to use, modify, and distribute the Program and its derivative works without requiring those derivative works to be licensed under the same terms. There is no copyleft clause present. The license focuses on providing flexibility and avoids imposing restrictions on how the software can be used or distributed, even in commercial contexts."
        },
        "EUPL-1.1": {
            "result": true,
            "explanation": "Yes.\n\n**Explanation:**\n\nThe EUPL contains a strong copyleft clause within Article 5. It explicitly lists compatible licenses (GNU GPL, OSL, Common Public License, Eclipse Public License, Cecill) and states that if the Licensee distributes and/or communicates copies of the Original Works or Derivative Works based upon the Original Work, this Distribution and/or Communication will be done under the terms of this Licence or of a later version of this Licence unless the Original Work is expressly distributed only under this version of the Licence. This clearly establishes that derivative works must also be licensed under the EUPL, effectively ensuring that the freedoms granted by the license are preserved."
        },
        "EUPL-1.2": {
            "result": true,
            "explanation": "Yes.\n\nThe EUPL contains a strong copyleft clause. Specifically, Article 5 outlines \u201cCompatible Licences\u201d which include several copyleft licenses (GPL, AGPL, OSL, EPL, CeCILL, MPL, LGPL) and stipulates that any distribution or communication of derivative works or copies thereof must be done under the terms of this License or a compatible license. Furthermore, Article 5 explicitly lists licenses that are considered \u201cCompatible Licences\u201d indicating this is a key element of the license\u2019s design."
        },
        "FSFAP": {
            "result": false,
            "explanation": "No"
        },
        "FSFUL": {
            "result": false,
            "explanation": "No."
        },
        "FSFULLR": {
            "result": false,
            "explanation": "No."
        },
        "FSFULLRWD": {
            "result": false,
            "explanation": "no"
        },
        "FTL": {
            "result": false,
            "explanation": "No."
        },
        "GPL-1.0-only": {
            "result": false,
            "explanation": "No.\n\n**Explanation:**\n\nThe GNU General Public License (GPL) is a copyleft license, but it doesn't enforce a strict, absolute copyleft obligation in all cases. Here's a breakdown of why I answered \"no\" in this specific context:\n\n*   **Permissive Modifications:** The license allows for significant modifications to the program.\n*   **Derivative Works Exception:** The license permits the creation of \"derivative works\" that do *not* have to be licensed under the GPL. This is a key element of its flexibility.\n*   **No Mandatory Copyleft for All:** The license doesn\u2019t require that *all* derived works, even if they incorporate substantial portions of the original GPL-licensed code, must also be released under the GPL.\n\nWhile the GPL *encourages* copyleft, it's not a rigid requirement for *every* derivative work. The restrictions apply primarily to the distribution of the original program and its direct derivatives."
        },
        "GPL-1.0-or-later": {
            "result": false,
            "explanation": "No.\n\nThe GNU General Public License (GPL) does not contain a strict copyleft clause in the way that, for example, the GNU Lesser General Public License (LGPL) does. While the GPL does require that derivative works be licensed under the GPL, it doesn't mandate that *all* derivative works must be distributed under the GPL. The core principle is that the freedom to use, study, modify, and redistribute the program itself remains intact. It\u2019s a permissive license with strong protection for the original source code. The requirement for derivative works to be licensed under the GPL applies primarily to works that are \"based on\" the original program."
        },
        "GPL-2.0-only": {
            "result": false,
            "explanation": "No.\n\n**Explanation:**\n\nThe GNU General Public License (GPL) version 2 does *not* contain a strong copyleft clause in the traditional sense. While it encourages free software development and sharing, it doesn't mandate that derivative works also be licensed under the GPL. \n\nHere's why it's not a strong copyleft license:\n\n*   **Section 3(c) allows for exception:** Section 3(c) permits the inclusion of the program in other works without requiring the entire work to be licensed under the GPL.\n*   **No requirement for derivative works to be GPL:** The license states, \"You may not copy, modify, sublicense, or distribute the Program except as expressly provided under this License.\" This is a restriction on *how* you can use the program, not a requirement that derivative works must be GPL.\n\nWhile the GPL encourages free software development, it allows for exceptions and doesn't force derivative works to comply with the same copyleft terms."
        },
        "GPL-2.0-only WITH Classpath-exception-2.0": {
            "result": false,
            "explanation": "No.\n\n**Explanation:**\n\nThe GNU General Public License (GPL) v2 does *not* contain a strict, enforceable copyleft clause in the way that some other licenses (like the GPLv3) do. While it strongly encourages derivative works to also be licensed under the GPL, it doesn't automatically impose this requirement. The license primarily focuses on protecting the user's freedom to use, study, modify, and distribute the program, and to redistribute derivative works under similar terms if desired.\n\nHere\u2019s a breakdown of why it's not a strong copyleft license:\n\n*   **Section 4:** This section outlines the conditions for distributing the program and derivative works but doesn\u2019t *require* the same license terms to be applied. It provides options like accompanying source code or offering a license.\n*   **Section 9 (Class Path Exception):** This section explicitly allows linking with other modules under different licenses.\n*   **Lack of Mandatory \"Derived Work\" Clause:** The license doesn't explicitly state that any derivative work *must* be licensed under the GPL.\n\nWhile the GPL v2 aims to maintain the freedom of the original work and promote sharing, it relies on the user's choice to apply the GPL to derivative works. It\u2019s considered a weaker copyleft license compared to later versions like GPLv3."
        },
        "GPL-2.0-or-later": {
            "result": false,
            "explanation": "No.\n\n**Explanation:**\n\nThe GNU General Public License (GPL) Version 2 does *not* contain a strong copyleft clause that mandates derivative works to be licensed under the GPL. While the license encourages free software practices, it allows for the creation of proprietary software based on GPL-licensed code. The key provisions that limit this are sections 2(b) and (c) which require that if derivative works are distributed, they must be licensed under the GPL (or a later version) and that if the work is interactive, it must provide appropriate copyright notices and disclaimers. However, the overall structure of the license doesn't *require* derivative works to be licensed under the GPL\u2014it merely provides a mechanism to ensure that freedoms are preserved when a derivative work is distributed. Therefore, it's not a \"strong\" copyleft license."
        },
        "GPL-3.0-only": {
            "result": true,
            "explanation": "Yes.\n\n**Explanation:**\n\nThis license is a GNU General Public License (GPL), which *does* contain a strong copyleft clause. Here\u2019s why:\n\n*   **\u201cThis program is free software: you can redistribute it and/or modify it under the terms of the GNU General Public License\u2026\u201d** \u2013 This explicitly states the terms under which the software can be distributed and modified.\n*   **\u201c...ensuring that the freedoms granted by the license are preserved in derivative works.\u201d** \u2013 This is the core of the copyleft provision.  Any derivative work (a program that incorporates or modifies this original program) *must* also be licensed under the GPL. This ensures that the freedoms afforded by the original license are maintained throughout the software's lifecycle.\n\nThe license\u2019s design is specifically intended to prevent proprietary software from being created based on the original code by compelling derivative works to also be licensed under the GPL."
        },
        "GPL-3.0-or-later": {
            "result": true,
            "explanation": "Yes.\n\n**Explanation:**\n\nThis license is a GNU General Public License (GPL), and GPL licenses are fundamentally copyleft licenses. This means that any derivative works based on the program *must* also be licensed under the GPL. The license explicitly states this obligation, and the entire structure of the license\u2014designed to ensure continued freedom\u2014is built around this copyleft principle. The language surrounding patent licenses and the provisions regarding incorporating the program into proprietary software further reinforce this copyleft nature."
        },
        "HPND": {
            "result": false,
            "explanation": "No."
        },
        "IBM-pibs": {
            "result": false,
            "explanation": "No"
        },
        "ICU": {
            "result": false,
            "explanation": "No."
        },
        "IJG": {
            "result": false,
            "explanation": "No."
        },
        "ImageMagick": {
            "result": false,
            "explanation": "No.\n\n**Explanation:**\n\nThe ImageMagick License is a permissive license. It grants broad rights to use, modify, and distribute the software and its derivatives. Critically, it *does not* include a copyleft clause. There is no requirement that derivative works also be licensed under the ImageMagick License. This contrasts with licenses like the GPL, which *do* enforce copyleft provisions."
        },
        "Info-ZIP": {
            "result": false,
            "explanation": "No."
        },
        "IPL-1.0": {
            "result": false,
            "explanation": "No.\n\nThis IBM Public License Version 1.0 is a permissive license. It grants recipients a broad range of rights to use, modify, and distribute the Program, including derivative works, without requiring those derivative works to be licensed under the same terms. There is no copyleft clause."
        },
        "ISC": {
            "result": false,
            "explanation": "No."
        },
        "JasPer-2.0": {
            "result": false,
            "explanation": "No"
        },
        "LGPL-2.0-only": {
            "result": false,
            "explanation": "No.\n\n**Explanation:**\n\nThis is the GNU Library General Public License (GPL), and it does *not* contain a copyleft clause. The license grants the recipient the rights to use, copy, distribute, and modify the library, but it does *not* require that derivative works also be licensed under the GPL. It does, however, state that if you distribute a derivative work, you must provide a copy of the license and copyright notice. This is a permissive license that allows you to incorporate the library into proprietary software."
        },
        "LGPL-2.0-or-later": {
            "result": false,
            "explanation": "No.\n\n**Explanation:**\n\nThe GNU Library General Public License (LGPL) is a permissive license. While it allows you to link the library with proprietary software, it\u2019s not a strong copyleft license like the GPL. Here\u2019s why it doesn\u2019t have a copyleft clause:\n\n*   **Linking with Proprietary Code:** The LGPL explicitly permits linking the library with proprietary software. This is a key difference from the GPL, where any derivative work must also be licensed under the GPL.\n*   **LGPL\u2019s Goal:** The LGPL is designed to encourage the use of free libraries while still allowing developers to incorporate them into commercial products.\n\nBecause the LGPL doesn't require derivative works to be licensed under the same terms, it lacks a copyleft clause."
        },
        "LGPL-2.1-only": {
            "result": false,
            "explanation": "No."
        },
        "LGPL-2.1-or-later": {
            "result": false,
            "explanation": "No.\n\n**Explanation:**\n\nThe Lesser General Public License (LGPL) does *not* contain a strong copyleft clause like the GPL. While it does require that derivative works be distributed under the same license, it allows you to link the library with proprietary software. This is a key difference from the GPL, which mandates that all derivative works also be licensed under the GPL. The LGPL is designed to be more permissive, encouraging wider adoption of the library even in commercial projects."
        },
        "LGPL-3.0-only": {
            "result": true,
            "explanation": "Yes.\n\n**Explanation:**\n\nThis license is a copyleft license, specifically the GNU General Public License (GPL). The GPL\u2019s core purpose is to ensure that derivative works also remain free software, subject to the same licensing terms. The entire document is built around this principle, with sections dedicated to extending the copyleft protection to derived works, and prohibiting incorporation into proprietary programs. The requirement to preserve the freedoms granted by the license in derivative works is a defining characteristic of a copyleft clause."
        },
        "LGPL-3.0-or-later": {
            "result": true,
            "explanation": "Yes.\n\n**Explanation:**\n\nThis license is the GNU General Public License (GPL), which is a strong copyleft license. Here\u2019s why it contains a copyleft clause:\n\n*   **\u201cThis program is free software: you can redistribute it and/or modify it under the terms of the GNU General Public License\u2026\u201d** \u2013 This explicitly states the terms under which the software can be distributed.\n*   **\u201c...ensuring that the freedoms granted by the license are preserved in derivative works.\u201d** \u2013 This is the core of the copyleft provision. It mandates that any modifications or derivative works based on the GPL-licensed program must also be licensed under the GPL.\n\nThe GPL\u2019s copyleft clause is designed to prevent the software from being incorporated into proprietary software, ensuring that its freedoms remain accessible to users."
        },
        "Libpng": {
            "result": false,
            "explanation": "No"
        },
        "libpng-2.0": {
            "result": false,
            "explanation": "No"
        },
        "libtiff": {
            "result": false,
            "explanation": "No."
        },
        "LicenseRef-scancode-bsla-no-advert": {
            "result": false,
            "explanation": "No"
        },
        "LicenseRef-scancode-info-zip-2003-05": {
            "result": false,
            "explanation": "No"
        },
        "LicenseRef-scancode-ppp": {
            "result": false,
            "explanation": "No"
        },
        "Minpack": {
            "result": false,
            "explanation": "No."
        },
        "MirOS": {
            "result": false,
            "explanation": "No."
        },
        "MIT": {
            "result": false,
            "explanation": "No."
        },
        "MIT-0": {
            "result": false,
            "explanation": "No"
        },
        "MIT-CMU": {
            "result": false,
            "explanation": "No"
        },
        "MPL-1.1": {
            "result": false,
            "explanation": "No.\n\n**Explanation:**\n\nThis license is a permissive open-source license, not a copyleft license. Here's why:\n\n*   **No Requirement for Derivative Works to Use the Same License:** The key characteristic of a copyleft license is that any derivative work *must* be licensed under the same terms (in this case, the Mozilla Public License). This license does not have this requirement. You can modify the covered code and distribute your changes under any license you choose.\n*   **\u201cAS IS\u201d Warranty:** The \u201cAS IS\u201d warranty disclaimer further reinforces the permissive nature of the license. It means the original developers are not taking responsibility for the code, and you are solely responsible for any issues.\n*   **Multiple License Options:** The inclusion of the ability to use the code under either the MPL or another license highlights that it doesn't force adherence to a single license.\n\nBecause it lacks the core elements of a copyleft license (mandatory licensing of derivative works under the same terms), this license is considered a permissive open-source license."
        },
        "MPL-2.0": {
            "result": false,
            "explanation": "No.\n\n**Explanation:**\n\nThe Mozilla Public License v2.0 does *not* contain a traditional copyleft clause. While it grants broad rights to use, modify, and distribute the Covered Software, it doesn't mandate that derivative works also be licensed under the MPL.\n\nHere's a breakdown of why:\n\n*   **Permissive License:** The MPL is a permissive license. This means you have significant freedom to use, modify, and distribute the software, even in proprietary products.\n*   **No Requirement for Derivative Works to Use the MPL:** The license explicitly states that you can distribute derivative works under different terms (including commercial licenses) as long as you adhere to certain conditions (like providing the original license notice).\n*   **Exhibit B - \"Incompatible With Secondary Licenses\":** The inclusion of Exhibit B, which explicitly states \"Incompatible With Secondary Licenses,\" reinforces that the license is not designed to force derivative works to also be copylefted.\n\nTherefore, while the MPL grants considerable freedoms, it doesn't impose a copyleft obligation."
        },
        "MPL-2.0-no-copyleft-exception": {
            "result": true,
            "explanation": "Yes.\n\n**Explanation:**\n\nThe Mozilla Public License v2.0 is a copyleft license. Here's why:\n\n*   **Section 2.1 (Grants):** This section grants You the right to modify and distribute the Covered Software, including modifications, as part of a Larger Work. However, it also mandates that all derivative works (including the Covered Software itself when modified) must be distributed under the terms of the MPL. This requirement to propagate the license terms is the core characteristic of a copyleft license.\n*   **Section 3.1 (Distribution of Source Form):** Further reinforces this by requiring that all distribution of the modified Covered Software is under the terms of the MPL.\n\nThe presence of these clauses clearly establishes the license's copyleft nature \u2013 ensuring that any derivative work remains subject to the same licensing conditions as the original."
        },
        "MS-PL": {
            "result": false,
            "explanation": "No."
        },
        "MS-RL": {
            "result": false,
            "explanation": "No."
        },
        "NBPL-1.0": {
            "result": false,
            "explanation": "No.\n\n**Explanation:**\n\nThis license, the Net Boolean Public License, does *not* contain a copyleft clause. Here's why:\n\n*   **Flexibility in Derivative Works:** Paragraphs 3 and 4 explicitly allow for a wide range of modifications and distributions of derivative works *without* requiring those derivatives to be released under the same license. The options presented (Public Domain, corporate use, renaming, etc.) are all designed to allow for considerable freedom in creating new versions.\n*   **Lack of \"Same License\" Requirement:** The key element missing in a copyleft license is a requirement that derivative works inherit the terms of the original license. This Net Boolean Public License does not impose this restriction.\n\nTherefore, because the license permits significant deviation and modification without requiring the same licensing terms for derived works, it\u2019s classified as a permissive license, not a copyleft license."
        },
        "NCSA": {
            "result": false,
            "explanation": "No."
        },
        "NTP": {
            "result": false,
            "explanation": "No."
        },
        "OGC-1.0": {
            "result": false,
            "explanation": "No."
        },
        "OLDAP-2.8": {
            "result": false,
            "explanation": "No."
        },
        "OpenSSL": {
            "result": false,
            "explanation": "No."
        },
        "OSL-3.0": {
            "result": false,
            "explanation": "No.\n\nThis Open Software License v. 3.0 (OSL-3.0) does not contain a copyleft clause. It grants a broad range of rights to use, modify, and distribute the Original Work and Derivative Works under its terms, but it does not require that derivative works also be licensed under the OSL-3.0. The license allows for commercial use and incorporation into proprietary software."
        },
        "PHP-3.01": {
            "result": false,
            "explanation": "No.\n\nThis license is a permissive license. It allows for the use, modification, and distribution of the software, including in derivative works, without requiring those derivative works to be licensed under the same terms. There is no copyleft clause present."
        },
        "PostgreSQL": {
            "result": false,
            "explanation": "No."
        },
        "Python-2.0": {
            "result": false,
            "explanation": "No.\n\nBased on the provided license texts, none of them contain a copyleft clause. Here\u2019s a breakdown of why:\n\n*   **Python Software Foundation License (v2):** This license is a permissive license, granting broad rights to use, modify, and distribute the software, but it doesn\u2019t require derivative works to be licensed under the same terms.\n\n*   **BEOPEN Python Open Source License Agreement:** This is also a permissive license, similar to the PSF license.\n\n*   **CNRI Open Source License Agreement (for Python 1.6b1):** This is a permissive license.\n\n*   **CWI License Agreement for Python 0.9.0 through 1.2:** This license grants permission for use, copying, and modification, but without any requirement for derivative works to be distributed under the same terms. It\u2019s a standard, non-copyleft license.\n\nIn each case, the licenses focus on granting rights to use and modify the software, without imposing restrictions on derivative works."
        },
        "Qhull": {
            "result": false,
            "explanation": "No"
        },
        "RSA-MD": {
            "result": false,
            "explanation": "No."
        },
        "Saxpath": {
            "result": false,
            "explanation": "No."
        },
        "SGI-B-2.0": {
            "result": false,
            "explanation": "No."
        },
        "Sleepycat": {
            "result": false,
            "explanation": "No.\n\n**Explanation:**\n\nThis license is a permissive open-source license (specifically, a variation of the BSD license). It grants users broad rights to use, modify, and distribute the software, including in derivative works, without requiring those derivative works to be licensed under the same terms. There is no copyleft clause or any requirement that derivative works be distributed under the same license. The only requirement is that the original copyright notice and disclaimer be retained."
        },
        "SMLNJ": {
            "result": false,
            "explanation": "No"
        },
        "Spencer-86": {
            "result": false,
            "explanation": "No"
        },
        "SSH-OpenSSH": {
            "result": false,
            "explanation": "No."
        },
        "SSH-short": {
            "result": false,
            "explanation": "No"
        },
        "SunPro": {
            "result": false,
            "explanation": "No."
        },
        "Unicode-DFS-2015": {
            "result": false,
            "explanation": "No."
        },
        "Unicode-DFS-2016": {
            "result": false,
            "explanation": "No.\n\nThe license does not contain a copyleft clause. It grants broad permissions for use, copying, modification, and distribution of the data files and software, but it doesn't impose any requirements on derivative works. The terms specify that the copyright notice must be included, but this is a standard attribution requirement, not a copyleft provision."
        },
        "Unlicense": {
            "result": false,
            "explanation": "No"
        },
        "UPL-1.0": {
            "result": false,
            "explanation": "No"
        },
        "W3C": {
            "result": false,
            "explanation": "No."
        },
        "W3C-19980720": {
            "result": false,
            "explanation": "No."
        },
        "W3C-20150513": {
            "result": false,
            "explanation": "No."
        },
        "WTFPL": {
            "result": false,
            "explanation": "No."
        },
        "X11": {
            "result": false,
            "explanation": "No."
        },
        "XFree86-1.1": {
            "result": false,
            "explanation": "No."
        },
        "Zlib": {
            "result": false,
            "explanation": "No."
        },
        "zlib-acknowledgement": {
            "result": false,
            "explanation": "No."
        },
        "ZPL-2.0": {
            "result": false,
            "explanation": "No."
        }
    }
}