{
    "llm": "gemma3:4b",
    "copyleft": {
        "0BSD": {
            "result": false,
            "explanation": "No"
        },
        "AFL-2.0": {
            "result": false,
            "explanation": "No.\n\nThis Academic Free License (v. 2.0) does not contain a copyleft clause. It grants a broad range of rights to use, modify, and distribute the Original Work and its derivative works, but it does not require that derivative works also be licensed under the same terms. The license allows for commercial use and modification without the obligation to release derivative works under the same terms."
        },
        "AFL-2.1": {
            "result": false,
            "explanation": "No.\n\n**Explanation:**\n\nThis Academic Free License (AFL) is a permissive license. It grants users a wide range of rights to use, modify, and distribute the Original Work and its derivatives, as long as certain attribution requirements are met. However, it does *not* include a copyleft clause. A copyleft clause would require that any derivative works also be licensed under the AFL. The AFL allows for the creation and distribution of derivative works under different licenses."
        },
        "AFL-3.0": {
            "result": false,
            "explanation": "No.\n\nThis Academic Free License (AFL) v. 3.0 does not contain a copyleft clause. It grants a broad range of rights to use, modify, and distribute the Original Work and Derivative Works under its terms, but it does not require that these derivative works also be licensed under the AFL. The license allows for commercial use and distribution of works based on the Original Work under different licenses, as long as certain attribution requirements are met."
        },
        "AGPL-3.0-only": {
            "result": true,
            "explanation": "Yes.\n\n**Explanation:**\n\nThis license, the GNU Affero General Public License (AGPL), *does* contain a strong copyleft clause. Specifically, Section 17 (\u201cInterpretation of Sections 15 and 16\u201d) states: \"If the disclaimer of warranty and limitation of liability provided above cannot be given local legal effect according to their terms, reviewing courts shall apply local law that most closely approximates an absolute waiver of all civil liability in connection with the Program, unless a warranty or assumption of liability accompanies a copy of the Program in return for a fee.\" This section effectively means that if you can't get a full waiver of liability, you need to provide a warranty or liability agreement, suggesting derivative works must also adhere to the AGPL\u2019s terms.\n\nFurthermore, sections 17 and 18 detail the circumstances under which you must provide source code to users interacting remotely, ensuring the freedom to study, modify, and redistribute the software is maintained. This combination of provisions firmly establishes the AGPL as a copyleft license."
        },
        "AGPL-3.0-or-later": {
            "result": true,
            "explanation": "Yes.\n\n**Explanation:**\n\nThis license, the GNU Affero General Public License (AGPL), is a strong copyleft license. Specifically, Section 17 (Interpretation of Sections 15 and 16) explicitly states: \"If the disclaimer of warranty and limitation of liability provided above cannot be given local legal effect according to their terms, reviewing courts shall apply local law that most closely approximates an absolute waiver of all civil liability in connection with the Program, unless a warranty or assumption of liability accompanies a copy of the program in return for a fee.\" This clearly indicates a requirement to maintain the copyleft protections, even if a fee is involved.\n\nFurthermore, the entire structure of the AGPL, with its emphasis on source code availability and modification rights, is designed to ensure that derivative works also remain freely available under the same terms. The license's purpose is to prevent the privatization of software."
        },
        "Apache-1.0": {
            "result": false,
            "explanation": "No"
        },
        "Apache-1.1": {
            "result": false,
            "explanation": "No."
        },
        "Apache-2.0": {
            "result": false,
            "explanation": "No"
        },
        "Artistic-1.0": {
            "result": false,
            "explanation": "No.\n\n**Explanation:**\n\nThis license, often referred to as the \"Artistic License,\" does not contain a copyleft clause. It grants users considerable freedom to modify and distribute the package, including derivative works, without requiring those derivative works to also be licensed under the same terms. The key provisions allow for distribution under various conditions (like placing modifications in the public domain or using them internally), but crucially, they don't mandate that derivative works inherit the same licensing restrictions."
        },
        "Artistic-1.0-Perl": {
            "result": false,
            "explanation": "No.\n\nThis license is a permissive license, falling under the \"Artistic License.\" It grants users considerable freedom to modify, distribute, and incorporate the package into other projects without requiring them to release their derivative works under the same license. There is no requirement for derivative works to be licensed under the same terms, which is the defining characteristic of a copyleft clause."
        },
        "Artistic-2.0": {
            "result": false,
            "explanation": "No.\n\nThe Artistic License 2.0 does not contain a copyleft clause. It permits the creation and distribution of modified versions of the package under different license terms, as long as certain conditions are met (e.g., documenting differences, ensuring compatibility with the standard version, or providing access to the source code). There are no requirements that derivative works must also be licensed under this license."
        },
        "Bitstream-Vera": {
            "result": false,
            "explanation": "No."
        },
        "blessing": {
            "result": false,
            "explanation": "No"
        },
        "BlueOak-1.0.0": {
            "result": false,
            "explanation": "No."
        },
        "BSD-1-Clause": {
            "result": false,
            "explanation": "No."
        },
        "BSD-2-Clause": {
            "result": false,
            "explanation": "No."
        },
        "BSD-2-Clause-Patent": {
            "result": false,
            "explanation": "No."
        },
        "BSD-3-Clause": {
            "result": false,
            "explanation": "No"
        },
        "BSD-3-Clause-Open-MPI": {
            "result": false,
            "explanation": "No"
        },
        "BSD-4-Clause": {
            "result": false,
            "explanation": "No."
        },
        "BSD-4-Clause-UC": {
            "result": false,
            "explanation": "No."
        },
        "BSD-4.3TAHOE": {
            "result": false,
            "explanation": "No"
        },
        "BSD-Source-Code": {
            "result": false,
            "explanation": "No."
        },
        "BSL-1.0": {
            "result": false,
            "explanation": "No."
        },
        "bzip2-1.0.5": {
            "result": false,
            "explanation": "No"
        },
        "bzip2-1.0.6": {
            "result": false,
            "explanation": "No"
        },
        "CC-BY-2.5": {
            "result": false,
            "explanation": "No.\n\nThis Creative Commons Attribution 2.5 Public License does not contain a copyleft clause. It grants a broad range of rights to the licensee, including the ability to create derivative works and distribute them under different license terms. There are no requirements for derivative works to be licensed under the same terms. The license focuses on attribution and does not impose any restrictions on how the original work or its derivatives are used or distributed."
        },
        "CC-BY-3.0": {
            "result": false,
            "explanation": "No.\n\nThis license does not contain a copyleft clause. It is a permissive license that allows for use, adaptation, and distribution of the work, including in derivative works, without requiring those derivative works to be licensed under the same terms. The key elements supporting this conclusion are:\n\n*   **No requirement for derivative works to be licensed under the same terms:** The license explicitly states that the recipient \"may\" use, adapt, and distribute the work, without obligation to adhere to the same licensing terms for derivative works.\n*   **Permissive nature:** The license's overall structure allows for commercial use, modification, and distribution, absent any restrictions on how the work is used or shared.\n\nThis license is considered a \"CCPL\" (Creative Commons Attribution-ShareAlike Public License) which is known for its permissive nature."
        },
        "CDDL-1.0": {
            "result": false,
            "explanation": "No.\n\n**Explanation:**\n\nThis is the Common Development and Distribution License (CDDL) version 1.0. The CDDL is a permissive open-source license. It does *not* contain a copyleft clause. It grants users broad rights to use, modify, and distribute the software, including in derivative works, without requiring those derivative works to also be licensed under the CDDL. The license focuses on protecting the initial developer's intellectual property rights and addressing liability limitations, but it doesn't enforce a requirement for derivative works to be similarly licensed."
        },
        "CDDL-1.1": {
            "result": false,
            "explanation": "No.\n\nThis Common Development and Distribution License (CDDL) is a permissive open-source license. It does not contain a copyleft clause. It grants users broad rights to use, modify, and distribute the software, including derivative works, under the terms of the license. There are requirements regarding attribution, distribution of source code, and limitations of liability, but it does not impose any restrictions on how derivative works can be licensed."
        },
        "CPL-1.0": {
            "result": false,
            "explanation": "No.\n\nThis license is a permissive open-source license, often referred to as an \u201cIBM Common Public License\u201d or simply a \u201cCPL\u201d. It grants broad rights to use, modify, and distribute the software, including derivative works, without requiring those derivative works to be licensed under the same terms. There\u2019s no requirement for incorporating the license text into derivative works, nor is there any provision for protecting the original source code. This distinguishes it from copyleft licenses like the GPL, which *do* mandate that derivative works also be licensed under the same terms."
        },
        "curl": {
            "result": false,
            "explanation": "No"
        },
        "ECL-1.0": {
            "result": false,
            "explanation": "No."
        },
        "ECL-2.0": {
            "result": false,
            "explanation": "No.\n\n**Explanation:**\n\nThe Educational Community License (ECL) 2.0 does *not* contain a copyleft clause. Here's why:\n\n*   **Permissive License:** The ECL is a permissive license. This means you can freely use, modify, and distribute the Work and its derivatives, even in commercial products, without being required to release your derivative works under the same license.\n*   **Redistribution Conditions:** The license outlines specific conditions for redistribution (e.g., including the license notice, preserving attribution), but it doesn't mandate that any derivative works must also be licensed under the ECL.\n*   **Lack of \"Share Alike\" Provision:** A key characteristic of copyleft licenses is the \"share alike\" provision\u2014requiring that derivative works be licensed under the same terms. This is entirely absent from the ECL.\n\nIn short, the ECL grants considerable freedom to use and modify the Work, aligning with the principles of a permissive license."
        },
        "EFL-2.0": {
            "result": false,
            "explanation": "No."
        },
        "EPL-1.0": {
            "result": false,
            "explanation": "No.\n\nThis Eclipse Public License (EPL) is a permissive license. It grants recipients broad rights to use, modify, and distribute the program, including derivative works, without requiring those derivative works to be licensed under the same terms. There is no copyleft clause present."
        },
        "EPL-2.0": {
            "result": false,
            "explanation": "No.\n\n**Explanation:**\n\nThis Eclipse Public License (v 2.0) is a permissive license. It grants broad rights to use, modify, and distribute the Program and its derivative works without requiring those derivative works to be licensed under the same terms. There is no copyleft clause. The license explicitly states \u201cExcept as expressly stated in Sections 2(a) and 2(b) above, Recipient receives no rights or licenses to the intellectual property of any Contributor under this Agreement\u2026\u201d This clearly demonstrates the absence of a copyleft requirement."
        },
        "EUPL-1.1": {
            "result": true,
            "explanation": "Yes.\n\nThe EUPL contains a clear copyleft clause in Article 5, specifically listing compatible licenses (GNU GPL, OSL, Common Public License, Eclipse Public License, Cecill) and stating that \u201cDistribution and/or Communication by You will be done under the terms of this Licence or of a later version of this Licence unless the Original Work is expressly distributed only under this version of the Licence.\u201d This clause mandates that any derivative works also adhere to the EUPL, ensuring the preservation of freedoms."
        },
        "EUPL-1.2": {
            "result": true,
            "explanation": "Yes.\n\nThe EUPL contains a strong copyleft clause. Specifically, Article 5 outlines \u201cCompatible Licences\u201d and explicitly states that Distribution or Communication of Derivative Works will be done \u201cunder the terms of this Licence or of a later version of this Licence\u201d. Furthermore, Article 5 lists several compatible licenses (GPL, AGPL, OSL, etc.), and the requirement that distribution of derivative works be under the same license terms directly reflects a copyleft approach. The clause regarding prohibiting offering or imposing additional terms or conditions reinforces this commitment to preserving the freedoms granted by the EUPL."
        },
        "FSFAP": {
            "result": false,
            "explanation": "No"
        },
        "FSFUL": {
            "result": false,
            "explanation": "No."
        },
        "FSFULLR": {
            "result": false,
            "explanation": "No."
        },
        "FSFULLRWD": {
            "result": false,
            "explanation": "no"
        },
        "FTL": {
            "result": false,
            "explanation": "No."
        },
        "GPL-1.0-only": {
            "result": false,
            "explanation": "No.\n\n**Explanation:**\n\nThe GNU General Public License (GPL) is a strong copyleft license. However, this specific excerpt doesn't explicitly detail the core copyleft requirements. It focuses on the basic rights granted to users and the responsibilities associated with distributing the software. To fully confirm it's a copyleft license, we\u2019d need to review the entire GPL text, which includes sections 3 and 4, which mandate that derivative works also be licensed under the GPL. This excerpt simply outlines the fundamental terms of the license."
        },
        "GPL-1.0-or-later": {
            "result": false,
            "explanation": "No.\n\n**Explanation:**\n\nThe GNU General Public License (GPL) is a strong copyleft license. However, this particular excerpt focuses on the terms and conditions of the license itself, rather than detailing the specific obligations related to derivative works. While the license *does* contain copyleft provisions (paragraphs 2, 3, and 6), this section doesn't explicitly highlight or describe these elements. It\u2019s a foundational document explaining the license's purpose and requirements, but it doesn\u2019t provide the full scope of the copyleft obligation. To definitively confirm a copyleft clause, we would need to review the full text of the GPL."
        },
        "GPL-2.0-only": {
            "result": false,
            "explanation": "No.\n\n**Explanation:**\n\nThe GNU General Public License (GPL) v2 does *not* contain a strict copyleft clause in the same way as the GNU Lesser General Public License (LGPL). While it encourages the sharing and modification of software, it doesn't mandate that derivative works *must* also be licensed under the GPL. \n\nHere's why the answer is \"no\":\n\n*   **Section 1:** Allows for the creation of \"works based on the Program\" without requiring them to be licensed under the GPL.\n*   **Section 3:** Offers various ways to distribute derived works without triggering the GPL's obligations (e.g., providing the source code, offering a license, or distributing object code with a suitable offer).\n\nThe GPL\u2019s primary goal is to ensure that the freedom to use, study, modify, and distribute the *original* software is preserved, but it doesn\u2019t enforce this on subsequent derivative works."
        },
        "GPL-2.0-only WITH Classpath-exception-2.0": {
            "result": false,
            "explanation": "No.\n\n**Explanation:**\n\nThe GNU General Public License (GPL) is a strong copyleft license. However, this specific excerpt does *not* explicitly state the copyleft requirements. It focuses on the core principles of the license\u2014freedom to use, modify, and distribute\u2014and the obligations associated with those freedoms (like attribution and providing source code). The detailed sections outlining how to apply the license, the warranty disclaimer, and the clauses concerning derivative works and patent issues all point to the copyleft nature of the GPL, but the core text itself doesn\u2019t explicitly state it."
        },
        "GPL-2.0-or-later": {
            "result": false,
            "explanation": "No.\n\n**Explanation:**\n\nThe GNU General Public License (GPL) v2 does *not* contain a strict copyleft clause that mandates derivative works to also be licensed under the GPL. While the GPL does have strong provisions for ensuring that the freedoms associated with the original software are maintained, it doesn\u2019t force every derivative work to be licensed under the GPL.\n\nHere\u2019s a breakdown of why the answer is \u201cNo\u201d:\n\n*   **Section 1 & 2:** These sections primarily focus on distribution and modification terms, not on requiring derivative works to be GPL-licensed.\n*   **Section 3:** This section allows for object code and executable form distribution, offering various options for providing source code.\n*   **Section 7:** Addresses patent issues, which is a crucial component of the GPL's intent but doesn't inherently enforce copyleft.\n\nThe GPL encourages the sharing of software and promotes the free exchange of ideas, but it doesn\u2019t operate as a strict copyleft license in the way that licenses like the GNU Lesser General Public License (LGPL) do. LGPL has clauses that require derivative works based on the LGPL to also be LGPL licensed."
        },
        "GPL-3.0-only": {
            "result": true,
            "explanation": "Yes.\n\n**Explanation:**\n\nThis license is a GNU General Public License (GPL), which *does* contain a strong copyleft clause. Here\u2019s why:\n\n*   **\u201cThis program is free software: you can redistribute it and/or modify it under the terms of the GNU General Public License\u2026\u201d** This explicitly states the core copyleft requirement \u2013 any derivative work must also be licensed under the GPL.\n*   **\u201cSee the GNU General Public License for more details.\u201d** \u2013 This directs the user to the section that further explains the clause.\n\nThe GPL\u2019s copyleft clause ensures that the freedoms granted by the license are preserved in any derivative works, preventing them from being incorporated into proprietary software."
        },
        "GPL-3.0-or-later": {
            "result": true,
            "explanation": "Yes.\n\n**Explanation:**\n\nThis license is a GNU General Public License (GPL), which *does* contain a strong copyleft clause. Here's why:\n\n*   **\"This program is free software: you can redistribute it and/or modify it under the terms of the GNU General Public License...\"** \u2013 This explicitly states the copyleft requirement.\n*   **\"If you convey a covered work, knowingly relying on a patent license, and the Corresponding Source of the work is not available for anyone to copy, free of charge and under the terms of this License, through a publicly available network server or other readily accessible means, then you must either (1) cause the Corresponding Source to be so available, or (2) arrange to deprive yourself of the benefit of the patent license for this particular work, or (3) arrange, in a manner consistent with the requirements of this License, to extend the patent license to downstream recipients.\"** \u2013 This section highlights the crucial requirement to maintain the GPL\u2019s freedoms, particularly concerning patent licenses and source availability. Derivative works *must* be licensed under the GPL to maintain these rights.\n*   The entire structure of the license is built around preserving the freedoms granted by the GPL.\n\nEssentially, this license mandates that any modifications or derivative works based on this software *must* also be released under the GPL, ensuring that the freedom to use, study, share, and modify the software is retained in all subsequent versions. This is a characteristic element of a copyleft license."
        },
        "HPND": {
            "result": false,
            "explanation": "No."
        },
        "IBM-pibs": {
            "result": false,
            "explanation": "No"
        },
        "ICU": {
            "result": false,
            "explanation": "No"
        },
        "IJG": {
            "result": false,
            "explanation": "No."
        },
        "ImageMagick": {
            "result": false,
            "explanation": "No.\n\n**Explanation:**\n\nThe ImageMagick license is a permissive license. It does *not* contain a copyleft clause. While it grants broad rights to use, modify, and distribute the software, it doesn\u2019t require that derivative works also be licensed under the ImageMagick License. Users are free to incorporate ImageMagick into proprietary software without being bound by the license\u2019s terms for those derivative works. The license focuses on attribution and reasonable use, not on imposing copyleft restrictions."
        },
        "Info-ZIP": {
            "result": false,
            "explanation": "No."
        },
        "IPL-1.0": {
            "result": false,
            "explanation": "No.\n\nThis IBM Public License Version 1.0 is a permissive license. It grants recipients broad rights to use, modify, and distribute the Program and its Contributions, even in commercial products. There is no copyleft clause, meaning that derivative works can be licensed under different terms. The license focuses on granting rights without imposing restrictions on how the software can be used or distributed."
        },
        "ISC": {
            "result": false,
            "explanation": "No."
        },
        "JasPer-2.0": {
            "result": false,
            "explanation": "No."
        },
        "LGPL-2.0-only": {
            "result": false,
            "explanation": "No.\n\n**Explanation:**\n\nThis is the GNU Library General Public License (LGPL), and it does *not* contain a strong copyleft clause like the GPLv3. While it encourages free software practices, it allows you to link your code with the library without requiring your entire program to be licensed under the LGPL. It\u2019s a \u201cweak copyleft\u201d license. Here\u2019s why it doesn\u2019t qualify as a strong copyleft:\n\n*   **Linking Allowed:** The license explicitly permits linking the library with non-free software.\n*   **Limited Copyleft:** The license requires that modifications to the library itself be released under the LGPL, but it doesn't force you to make your entire program open-source.\n\nBecause of these aspects, it's a weaker copyleft license compared to the GPL."
        },
        "LGPL-2.0-or-later": {
            "result": false,
            "explanation": "No.\n\n**Explanation:**\n\nThis license is a permissive license. It allows you to use, modify, and distribute the library (or derivative works) under different license terms, including proprietary licenses. There is no requirement that derivative works must also be licensed under the GNU Library General Public License. This is evidenced by the explicit statement that \"You may not copy, modify, sublicense, link with, or distribute the Library except as expressly provided under this License.\""
        },
        "LGPL-2.1-only": {
            "result": false,
            "explanation": "No."
        },
        "LGPL-2.1-or-later": {
            "result": false,
            "explanation": "No.\n\n**Explanation:**\n\nThe Lesser General Public License (LGPL) is a permissive license. It allows you to use, modify, and distribute the library in proprietary software. However, if you *modify* the library itself and redistribute those changes, you must provide the source code for the changes under the LGPL. This is a copyleft clause, but it\u2019s a weak one. It only applies to modifications you make to the library\u2019s own source code. The overall distribution of the library itself, or software that incorporates it without modification, remains free under the LGPL."
        },
        "LGPL-3.0-only": {
            "result": true,
            "explanation": "Yes.\n\n**Explanation:**\n\nThis license, the GNU General Public License (GPL), *does* contain a strong copyleft clause. Several sections reinforce this:\n\n*   **Section 13:** Explicitly allows linking with works licensed under the GPL, but with conditions that require downstream works based on the combined work also to be GPL-licensed.\n*   **Section 17:** This section provides a mechanism to ensure that if the license cannot be applied locally, reviewing courts will apply local law that most closely approximates an absolute waiver of all civil liability in connection with the Program, unless a warranty or assumption of liability accompanies a copy of the Program in return for a fee. This effectively ensures that any derivative work will be licensed under the GPL.\n*   The core principles of the license \u2013 requiring that derivative works be distributed under the same terms \u2013 are central to its copyleft nature.\n\nBecause of these provisions, any program derived from a program licensed under the GPL must also be distributed under the GPL, maintaining the freedom granted to users."
        },
        "LGPL-3.0-or-later": {
            "result": true,
            "explanation": "Yes.\n\n**Explanation:**\n\nThis license is a copyleft license, specifically the GNU General Public License (GPL). The key elements that establish this are:\n\n*   **Requirement for Derivative Works:** The license states: \u201cyou can redistribute it and/or modify it under the terms of the GNU General Public License.\u201d This explicitly mandates that any derivative works (modifications or extensions of the original program) must also be distributed under the GPL.\n*   **Preservation of Freedom:** The entire purpose of a copyleft license is to ensure that the freedoms granted by the original license are maintained in any subsequent versions or derivatives.\n\nThe inclusion of the GPL license strongly indicates that you\u2019re dealing with a copyleft clause, ensuring that your work and any derivative works remain open-source and freely distributable."
        },
        "Libpng": {
            "result": false,
            "explanation": "No"
        },
        "libpng-2.0": {
            "result": false,
            "explanation": "No"
        },
        "libtiff": {
            "result": false,
            "explanation": "No."
        },
        "LicenseRef-scancode-bsla-no-advert": {
            "result": false,
            "explanation": "No"
        },
        "LicenseRef-scancode-info-zip-2003-05": {
            "result": false,
            "explanation": "No"
        },
        "LicenseRef-scancode-ppp": {
            "result": false,
            "explanation": "No"
        },
        "Minpack": {
            "result": false,
            "explanation": "No."
        },
        "MirOS": {
            "result": false,
            "explanation": "No."
        },
        "MIT": {
            "result": false,
            "explanation": "No"
        },
        "MIT-0": {
            "result": false,
            "explanation": "No"
        },
        "MIT-CMU": {
            "result": false,
            "explanation": "No."
        },
        "MPL-1.1": {
            "result": false,
            "explanation": "No.\n\n**Explanation:**\n\nWhile the Mozilla Public License (MPL) does have some copyleft elements (requiring derivative works to also use the MPL), it\u2019s not a strong copyleft license like the GPL. The key point here is that you can incorporate MPL-licensed code into a proprietary (non-free) application. You just need to include the MPL notice and the MPL text itself. You don't have to release your entire program under the MPL. This makes it a \"weak copyleft\" license."
        },
        "MPL-2.0": {
            "result": false,
            "explanation": "No.\n\n**Explanation:**\n\nThe Mozilla Public License v2.0 does *not* contain a strict copyleft clause. While it grants broad rights to use, modify, and distribute the Covered Software, it doesn't mandate that derivative works also be licensed under the MPL. Here's a breakdown of why:\n\n*   **Grant of Rights:** The license explicitly grants the right to create and distribute \"Larger Works\" that combine the Covered Software with other material.\n*   **No Requirement for Derivative Works to be MPL-Licensed:** It doesn't state that any derivative works must be licensed under the MPL.\n*   **Exhibit B - \"Incompatible With Secondary Licenses\":** The presence of Exhibit B, indicating \"Incompatible With Secondary Licenses,\" further reinforces this point. This clause essentially allows for a different license to be applied to derivative works, provided the original Covered Software remains under the MPL.\n\nTherefore, the license is considered a permissive license, allowing for flexibility in how it's used and incorporated into other projects."
        },
        "MPL-2.0-no-copyleft-exception": {
            "result": true,
            "explanation": "Yes.\n\n**Reasoning:**\n\nThe Mozilla Public License v2.0 incorporates a copyleft clause. Specifically, sections 3.1, 3.2, 3.3, and 3.4 mandate that any derivative works (including modifications to the Covered Software or works created using it) must also be distributed under the terms of the MPL. This requirement ensures that the freedoms granted by the MPL are maintained in subsequent versions and modifications of the software. This is a key characteristic of copyleft licenses."
        },
        "MS-PL": {
            "result": false,
            "explanation": "No."
        },
        "MS-RL": {
            "result": false,
            "explanation": "No.\n\n**Explanation:**\n\nThe Microsoft Reciprocal License (Ms-RL) is a permissive license. It grants broad rights to use, modify, and distribute the software and its derivative works, without requiring those derivative works to be licensed under the same terms. There is no copyleft clause. The reciprocal requirement (providing source code with distribution) is a condition of use, not a requirement for derivative works to adopt the same license."
        },
        "NBPL-1.0": {
            "result": false,
            "explanation": "No.\n\n**Explanation:**\n\nThis Net Boolean Public License does *not* contain a copyleft clause. Here's why:\n\n*   **Flexibility in Derivative Works:** Paragraphs 3 and 4 allow for significant modifications and distribution of derivative works under different terms (e.g., distributing them commercially, using them within a corporation, or changing their names). There's no requirement to release derivative works under the same license.\n*   **\"One of the following\" Options:** The core of the license's non-copyleft nature is the multiple options presented for distributing modified versions. These options don't force derivative works to remain under the same license.\n*   **Lack of \"Share Alike\" Provision:** A key element of copyleft licenses is a \"share alike\" clause (often phrased as \"distribute under the same license\"). This license lacks this crucial component.\n\nThe license grants considerable freedom in how derivative works can be used and distributed, making it a permissive license rather than a copyleft one."
        },
        "NCSA": {
            "result": false,
            "explanation": "No."
        },
        "NTP": {
            "result": false,
            "explanation": "No"
        },
        "OGC-1.0": {
            "result": false,
            "explanation": "No."
        },
        "OLDAP-2.8": {
            "result": false,
            "explanation": "No."
        },
        "OpenSSL": {
            "result": false,
            "explanation": "No."
        },
        "OSL-3.0": {
            "result": false,
            "explanation": "No.\n\nThis Open Software License v. 3.0 (OSL-3.0) does not contain a copyleft clause. It grants a broad range of rights to use, modify, and distribute the Original Work and Derivative Works under specific conditions, but it doesn\u2019t require that these derivative works also be licensed under the OSL-3.0. The license allows for commercial use, attribution, and distribution under different licenses, as long as certain conditions are met (e.g., preserving attribution notices, not misrepresenting the license)."
        },
        "PHP-3.01": {
            "result": false,
            "explanation": "No.\n\nThis license is a permissive license. It allows for the use, modification, and distribution of the software, including derivative works, without requiring those derivative works to be licensed under the same terms. There\u2019s no requirement for copyleft."
        },
        "PostgreSQL": {
            "result": false,
            "explanation": "No."
        },
        "Python-2.0": {
            "result": false,
            "explanation": "No.\n\n**Analysis:**\n\nEach of the provided license agreements explicitly states that they are non-copyleft licenses. Let's break down why:\n\n*   **Python Software Foundation (PSF) License:** This license clearly states \"non-exclusive\" and doesn't include any clauses requiring derivative works to be licensed under the same terms.\n*   **BeOpen Python License:** Also explicitly a non-copyleft license.\n*   **CNRI Open Source License:**  This license is a non-copyleft license.\n*   **CWI License:** This license grants permission for use, copying, and modification but includes a disclaimer of warranties and doesn\u2019t impose any conditions on derivative works.\n\nNone of these licenses include any provisions related to copyleft. They are all permissive licenses, allowing for free use, modification, and distribution, including in derivative works, under the terms outlined in the agreement."
        },
        "Qhull": {
            "result": false,
            "explanation": "No"
        },
        "RSA-MD": {
            "result": false,
            "explanation": "No."
        },
        "Saxpath": {
            "result": false,
            "explanation": "No."
        },
        "SGI-B-2.0": {
            "result": false,
            "explanation": "No."
        },
        "Sleepycat": {
            "result": false,
            "explanation": "No.\n\n**Explanation:**\n\nThis license (Sleepycat License) is a permissive license. It allows for modification and redistribution of the software, including in derivative works, without requiring those derivative works to be licensed under the same terms. There's no requirement for source code to be provided with derivative works, and no obligation to distribute them under the same license. The clauses regarding providing source code are simply a way to facilitate access, not a copyleft requirement."
        },
        "SMLNJ": {
            "result": false,
            "explanation": "No."
        },
        "Spencer-86": {
            "result": false,
            "explanation": "No"
        },
        "SSH-OpenSSH": {
            "result": false,
            "explanation": "No."
        },
        "SSH-short": {
            "result": false,
            "explanation": "No"
        },
        "SunPro": {
            "result": false,
            "explanation": "No."
        },
        "Unicode-DFS-2015": {
            "result": false,
            "explanation": "No."
        },
        "Unicode-DFS-2016": {
            "result": false,
            "explanation": "No."
        },
        "Unlicense": {
            "result": false,
            "explanation": "No."
        },
        "UPL-1.0": {
            "result": false,
            "explanation": "No"
        },
        "W3C": {
            "result": false,
            "explanation": "No."
        },
        "W3C-19980720": {
            "result": false,
            "explanation": "No."
        },
        "W3C-20150513": {
            "result": false,
            "explanation": "No"
        },
        "WTFPL": {
            "result": false,
            "explanation": "No"
        },
        "X11": {
            "result": false,
            "explanation": "No."
        },
        "XFree86-1.1": {
            "result": false,
            "explanation": "No."
        },
        "Zlib": {
            "result": false,
            "explanation": "No."
        },
        "zlib-acknowledgement": {
            "result": false,
            "explanation": "No."
        },
        "ZPL-2.0": {
            "result": false,
            "explanation": "No.\n\n**Explanation:**\n\nThis license, the Zope Public License (ZPL) Version 2.0, does not contain a copyleft clause. It is a permissive license, meaning that you can use, modify, and distribute the software (including derivative works) under different licenses or without any restrictions. The key elements that demonstrate this are:\n\n*   **No requirement for derivative works to be licensed under the ZPL:** The license explicitly grants the right to distribute derivative works under different terms.\n*   **Focus on attribution and disclaimer:** The license primarily focuses on maintaining attribution to Zope Corporation and including the disclaimer.\n\nA copyleft license would have provisions requiring derivative works to be licensed under the same terms."
        }
    }
}