{
    "llm": "gemma3:4b",
    "copyleft": {
        "0BSD": {
            "result": false,
            "explanation": "No"
        },
        "AFL-2.0": {
            "result": false,
            "explanation": "No.\n\nThis Academic Free License (v. 2.0) is a permissive license. It grants broad rights to use, modify, and distribute the Original Work and its derivative works without requiring those derivative works to also be licensed under the same terms. There is no provision for \"share-alike\" or copyleft requirements. The license allows for commercial use, modification, and distribution under different terms."
        },
        "AFL-2.1": {
            "result": false,
            "explanation": "No.\n\nThis Academic Free License (v.2.1) is a permissive license. It grants broad rights to use, modify, and distribute the Original Work and Derivative Works without requiring those derivative works to be licensed under the same terms. There is no provision for requiring derivative works to carry the same license, and therefore, it does not contain a copyleft clause."
        },
        "AFL-3.0": {
            "result": false,
            "explanation": "No.\n\nThis Academic Free License (AFL) v. 3.0 does not contain a copyleft clause. It grants a broad range of rights to use, modify, and distribute the Original Work and Derivative Works, but it does not require that any derivative works be licensed under the same terms. The license allows for commercial use and distribution of derivative works under different licenses, as long as certain attribution requirements are met."
        },
        "AGPL-3.0-only": {
            "result": true,
            "explanation": "Yes.\n\n**Explanation:**\n\nThis license, the GNU Affero General Public License (AGPL), is a strong copyleft license. Here's why:\n\n*   **\"The Free Software Foundation may publish revised and/or new versions of the GNU Affero General Public License from time to time.\"** - This indicates a continuous evolution of the license, maintaining its core principles.\n*   **\"You should get your employer (if you work as a programmer) or school, if any, to sign a \"copyright disclaimer\" for the program, if necessary.\"** - This encourages derivative works to be licensed under the same terms.\n*   **The core of the AGPL is focused on ensuring that anyone who uses or modifies the software (even if they don\u2019t distribute it) has the rights to share their changes under the same AGPL terms.** This is a key characteristic of copyleft licenses. The explicit provision regarding remote network interaction and source code availability further reinforces this copyleft approach."
        },
        "AGPL-3.0-or-later": {
            "result": true,
            "explanation": "Yes.\n\n**Explanation:**\n\nThis license, the GNU Affero General Public License (AGPL), is a strong copyleft license. Several key provisions indicate this:\n\n*   **\"The Free Software Foundation may publish revised and/or new versions of the GNU Affero General Public License from time to time.\"** This implies ongoing maintenance and potential updates under the same license terms.\n*   **\"If the Program specifies that a certain numbered version of the GNU Affero General Public License \"or any later version\" applies to it, you have the option of following the terms and conditions either of that numbered version or of any later version published by the Free Software Foundation.\"** This allows users to choose later versions, but the core copyleft obligations remain.\n*   **\u201cThe entire risk as to the quality and performance of the program is with you.\u201d** This is standard for open-source licenses, but when combined with the other clauses, it reinforces the expectation that any derivative works must also be licensed under the AGPL.\n*   **The inclusion of the clause about remote network interaction** highlights the intention that if the software is used over a network, users will also have the ability to obtain the source code.\n\nThe AGPL is designed to ensure that software remains free and open source even when distributed via networks or commercial products. The license's provisions effectively require derivative works to carry the same copyleft restrictions, ensuring that the freedoms granted by the AGPL are maintained throughout the software\u2019s lifecycle."
        },
        "Apache-1.0": {
            "result": false,
            "explanation": "No."
        },
        "Apache-1.1": {
            "result": false,
            "explanation": "No"
        },
        "Apache-2.0": {
            "result": false,
            "explanation": "No.\n\n**Explanation:**\n\nThis Apache License 2.0 does *not* contain a copyleft clause. Here's why:\n\n*   **Permissive License:** The Apache License 2.0 is a permissive license. This means you can use, modify, and distribute the work (including derivative works) for any purpose, including commercial use, without being obligated to release your modifications under the same license.\n*   **No Requirement for Derivative Works to be Licensed Under Apache:** The license explicitly states that you may add Your own copyright statement to Your modifications and may provide additional or different license terms and conditions for use, reproduction, or distribution of Your modifications, or for any such Derivative Works as a whole.\n\nA copyleft license, such as the GNU General Public License (GPL), would require derivative works to also be licensed under the GPL. The Apache 2.0 license does not impose such a restriction."
        },
        "Artistic-1.0": {
            "result": false,
            "explanation": "No.\n\n**Explanation:**\n\nThis license, known as the \"Artistic License,\" is a permissive license. It grants users significant freedom to modify, distribute, and commercialize the software, as long as they adhere to the specific conditions outlined in the document (primarily maintaining copyright notices and providing attribution). There is no requirement that derivative works must also be licensed under this same license, nor is there any mechanism to ensure the continued availability of the original source code. Therefore, it does not contain a copyleft clause."
        },
        "Artistic-1.0-Perl": {
            "result": false,
            "explanation": "No.\n\nThis license is a permissive license, commonly referred to as the \"Artistic License.\" It grants users significant freedoms to copy, modify, and distribute the software, including derivative works, without requiring them to release their modifications under the same license. There is no requirement for derivative works to be licensed under the same terms, and therefore, no copyleft clause exists."
        },
        "Artistic-2.0": {
            "result": false,
            "explanation": "No.\n\nThe Artistic License 2.0 does not contain a copyleft clause. It permits the creation and distribution of modified versions of the package under different licenses, including proprietary licenses. There\u2019s no requirement that derivative works must also be licensed under the Artistic License. This is a permissive license designed to encourage widespread use and adaptation of the software."
        },
        "Bitstream-Vera": {
            "result": false,
            "explanation": "No.\n\n**Explanation:**\n\nThis license is a proprietary license issued by Bitstream Inc. It grants permission to use, copy, and modify the fonts, but it does *not* contain any copyleft provisions. There are no requirements that derivative works must be licensed under the same terms. The license focuses on attribution and restrictions on using the font names when modified."
        },
        "blessing": {
            "result": false,
            "explanation": "No"
        },
        "BlueOak-1.0.0": {
            "result": false,
            "explanation": "No."
        },
        "BSD-1-Clause": {
            "result": false,
            "explanation": "No"
        },
        "BSD-2-Clause": {
            "result": false,
            "explanation": "No"
        },
        "BSD-2-Clause-Patent": {
            "result": false,
            "explanation": "No."
        },
        "BSD-3-Clause": {
            "result": false,
            "explanation": "No."
        },
        "BSD-3-Clause-Open-MPI": {
            "result": false,
            "explanation": "No"
        },
        "BSD-4-Clause": {
            "result": false,
            "explanation": "No"
        },
        "BSD-4-Clause-UC": {
            "result": false,
            "explanation": "No"
        },
        "BSD-4.3TAHOE": {
            "result": false,
            "explanation": "No"
        },
        "BSD-Source-Code": {
            "result": false,
            "explanation": "No."
        },
        "BSL-1.0": {
            "result": false,
            "explanation": "No."
        },
        "bzip2-1.0.5": {
            "result": false,
            "explanation": "No"
        },
        "bzip2-1.0.6": {
            "result": false,
            "explanation": "No"
        },
        "CC-BY-2.5": {
            "result": false,
            "explanation": "No.\n\nThis Creative Commons Attribution 2.5 Public License does not contain a copyleft clause. It grants a wide range of rights to use, adapt, and distribute the Work (and derivative works) under specific conditions (attribution), but it does not require that any derivative works also be licensed under the same terms. The license focuses on attribution and doesn't impose a mandatory copyleft requirement."
        },
        "CC-BY-3.0": {
            "result": false,
            "explanation": "No.\n\nThis license is a permissive license, meaning it allows for derivative works to be created and distributed under different terms, including proprietary licenses. It does not require derivative works to be licensed under the same terms as the original work, which is the defining characteristic of a copyleft license. The license explicitly states \"No term or provision of this License shall be deemed waived and no breach consented to unless such waiver or consent shall be in writing and signed by the party to be charged with such waiver or consent,\" further reinforcing this permissive nature."
        },
        "CDDL-1.0": {
            "result": false,
            "explanation": "No.\n\n**Explanation:**\n\nThis is a permissive open-source license (CDDL v1.0). It does *not* contain a copyleft clause. Here\u2019s why:\n\n*   **No \u201cDerived Works\u201d Requirement:** The license doesn't dictate that modifications or derivative works must be licensed under the CDDL itself.\n*   **Flexibility:** It allows you to use, modify, and distribute the software (or derivative works) under different licenses, including proprietary licenses.\n*   **Lack of \u201cShare Alike\u201d Provision:** There\u2019s no \u201cshare alike\u201d requirement, which is a key element of copyleft licenses.\n\nThe CDDL focuses on granting broad usage rights while addressing liability and intellectual property concerns. It\u2019s designed to encourage adoption and adaptation of the software without imposing restrictions on how it\u2019s used or modified."
        },
        "CDDL-1.1": {
            "result": false,
            "explanation": "No.\n\nThe Common Development and Distribution License (CDDL) is a permissive open-source license. It does *not* contain a copyleft clause. It grants broad rights to use, modify, and distribute the software, including incorporating it into proprietary projects. The key requirements are attribution and compliance with the license's terms. Derivative works don't need to be licensed under the CDDL."
        },
        "CPL-1.0": {
            "result": false,
            "explanation": "No.\n\n**Explanation:**\n\nThis license is a permissive open-source license, specifically the Common Public License (CPL) version 1.0. It grants recipients broad rights to use, modify, and distribute the software, including derivative works, without requiring them to release their own code under the same license. There is no copyleft clause present. The license explicitly states that recipients are responsible for ensuring any derivative works comply with applicable laws and do not infringe on intellectual property rights."
        },
        "curl": {
            "result": false,
            "explanation": "No."
        },
        "ECL-1.0": {
            "result": false,
            "explanation": "No."
        },
        "ECL-2.0": {
            "result": false,
            "explanation": "No.\n\n**Explanation:**\n\nThis Educational Community License (ECL) version 2.0 does *not* contain a copyleft clause. Here's why:\n\n*   **Permissive License:** The ECL is a permissive license. It grants broad rights to use, modify, and distribute the work and its derivatives.\n*   **No Requirement for Derivative Works to be Licensed Under ECL:** The license doesn't require that derivative works also be licensed under the ECL. Users can incorporate the work into proprietary software without having to release their own code under the same license.\n*   **Focus on Educational Use:** The license is specifically designed for educational purposes, which aligns with its permissive nature.\n\nTo be clear, while the ECL promotes sharing and collaboration, it doesn't enforce a copyleft obligation."
        },
        "EFL-2.0": {
            "result": false,
            "explanation": "No."
        },
        "EPL-1.0": {
            "result": false,
            "explanation": "No.\n\nThis Eclipse Public License (EPL) is a permissive license. It grants recipients broad rights to use, modify, and distribute the program, including derivative works, without requiring those derivative works to be licensed under the same terms. There is no copyleft clause present. The license focuses on protecting the original contributor's copyright while allowing for significant freedom in how the software is used and distributed."
        },
        "EPL-2.0": {
            "result": false,
            "explanation": "No.\n\nThis Eclipse Public License (v 2.0) is a permissive license. It grants recipients broad rights to use, modify, and distribute the Program and its derivative works, without requiring those derivative works to be licensed under the same terms. There is no copyleft clause. The license explicitly states \u201cExcept as expressly stated in Sections 2(a) and 2(b) above, Recipient receives no rights or licenses to the intellectual property of any Contributor\u2026\u201d"
        },
        "EUPL-1.1": {
            "result": true,
            "explanation": "Yes.\n\nThe EUPL contains a strong copyleft clause, primarily detailed in Article 5 and further reinforced in Article 5. It explicitly states that distribution and/or communication of \u201cOriginal Works or Derivative Works based upon the Original Work\u201d will be done under the terms of this license or a later version, and crucially, that the Licensee cannot offer or impose additional terms or conditions that alter or restrict the terms of the license. This aligns directly with the definition of a copyleft clause \u2013 requiring derivative works to maintain the same licensing terms."
        },
        "EUPL-1.2": {
            "result": true,
            "explanation": "Yes.\n\nThe EUPL contains a strong copyleft clause. Specifically, Article 5 outlines the \u2018Compatible Licences\u2019 (GPL, AGPL, OSL, EPL, CeCILL, MPL, LGPL, CC BY-SA) and Article 5 states that \u201cDistribution or Communication by You will be done under the terms of this Licence or of a later version of this Licence\u201d unless the original work is expressly distributed only under this version of the Licence. This effectively mandates that any derivative works based on the EUPL-licensed work must also be licensed under the EUPL, ensuring the continued availability and modification freedoms associated with the original work."
        },
        "FSFAP": {
            "result": false,
            "explanation": "No"
        },
        "FSFUL": {
            "result": false,
            "explanation": "No"
        },
        "FSFULLR": {
            "result": false,
            "explanation": "No."
        },
        "FSFULLRWD": {
            "result": false,
            "explanation": "No"
        },
        "FTL": {
            "result": false,
            "explanation": "No."
        },
        "GPL-1.0-only": {
            "result": false,
            "explanation": "No."
        },
        "GPL-1.0-or-later": {
            "result": false,
            "explanation": "No."
        },
        "GPL-2.0-only": {
            "result": false,
            "explanation": "No.\n\n**Explanation:**\n\nThe GNU General Public License (GPL) Version 2 does *not* contain a strict copyleft clause in the way that, for example, the GNU Lesser General Public License (LGPL) does. While the GPL encourages derivative works to remain free software, it doesn't *require* that all derivative works also be licensed under the GPL.\n\nHere's a breakdown of why the answer is \"no\":\n\n*   **Section 4:** This section outlines the restrictions on copying, modifying, and distributing the program, but it doesn't mandate that derivative works also be GPL-licensed.\n*   **No Requirement for Derivative Works:** The license simply states that you can copy, modify, and distribute the program, but it doesn\u2019t force you to release your changes under the GPL.\n*   **Optional Warranty & Redistribution:** Sections 1 and 3 grant freedom of distribution with optional warranty offerings and restrictions on the specific ways you can accomplish this.\n\nThe GPL's primary goal is to ensure that the original program remains free, but it allows for flexibility in how derivative works are handled."
        },
        "GPL-2.0-only WITH Classpath-exception-2.0": {
            "result": false,
            "explanation": "No.\n\n**Explanation:**\n\nThe GNU General Public License (GPL) is a strong copyleft license. While it doesn't explicitly state \"this is a copyleft license,\" the entire structure of the license is designed to ensure that any derivative works also remain under the GPL. Specifically, sections 2 and 3 mandate that modifications and derivative works must be licensed under the same terms. The \"copyleft\" nature is inherent in the requirement to include the GPL's terms in any derived work and the restriction on proprietary modifications. The \"Class Path Exception\" section further reinforces this by stating that linking this library with other modules still requires adherence to the GPL's terms for the combined work."
        },
        "GPL-2.0-or-later": {
            "result": false,
            "explanation": "No.\n\n**Explanation:**\n\nThe GNU General Public License (GPL) v2 does *not* contain a strong copyleft clause in the traditional sense. While it encourages derivative works to be licensed under the GPL, it doesn't mandate it.  The key phrases that reveal this are:\n\n*   **Section 4:** This section details the permissible ways to distribute the program, but doesn\u2019t force derivative works to be GPL-licensed.\n*   **Section 11:** The explicit \u201cNO WARRANTY\u201d clause further emphasizes that the user bears the risk of the program\u2019s functionality.\n*   **Section 10:** This section addresses how to handle distribution of the program by employers or schools, without imposing any licensing requirements.\n\nWhile the GPL *strongly encourages* derivative works to also be GPL-licensed, it doesn't have the forceful, mandatory copyleft mechanism found in licenses like the GPLv3. The license primarily protects the freedoms of the original work while allowing for broader usage and modification by others."
        },
        "GPL-3.0-only": {
            "result": true,
            "explanation": "Yes.\n\n**Explanation:**\n\nThis license is a copyleft license, specifically the GNU General Public License (GPL). Here\u2019s why:\n\n*   **\u201cThis program is free software: you can redistribute it and/or modify it under the terms of the GNU General Public License\u2026\u201d** \u2013 This explicitly states the copyleft nature of the license.\n*   **Requirement for Derivative Works:** The license dictates that if you create a derivative work (a modified version of the program), you must distribute that derivative work under the same GPL terms. This is the core of a copyleft clause \u2013 it aims to ensure that the freedoms granted by the original license are preserved in any subsequent versions.\n*   **Emphasis on Redistribution:** The license's focus on redistribution under the same license reinforces the copyleft intent.\n\nThe inclusion of this copyleft clause means that anyone who distributes or modifies the program (or a derivative work) must also make the source code available under the GPL, thereby contributing to the continued availability of the program's source code and allowing others to benefit from its freedoms."
        },
        "GPL-3.0-or-later": {
            "result": true,
            "explanation": "Yes.\n\n**Explanation:**\n\nThis license is a copyleft license (specifically, the GNU General Public License - GPL). The core of a copyleft clause is found in sections 15 (Disclaimer of Warranty), 16 (Limitation of Liability), and most importantly, 17 (Interpretation of Sections 15 and 16). These sections explicitly state the intent to ensure that derivative works remain free software and adhere to the GPL's terms. The entire structure of the license, including its focus on distribution and modification, is designed to enforce a copyleft effect. The inclusion of the \"GNU Affero General Public License\" also reinforces this aspect, as the Affero GPL adds a requirement that derivative works also be licensed under the Affero GPL, further strengthening the copyleft obligation."
        },
        "HPND": {
            "result": false,
            "explanation": "No."
        },
        "IBM-pibs": {
            "result": false,
            "explanation": "No"
        },
        "ICU": {
            "result": false,
            "explanation": "No."
        },
        "IJG": {
            "result": false,
            "explanation": "No."
        },
        "ImageMagick": {
            "result": false,
            "explanation": "No.\n\n**Explanation:**\n\nThe ImageMagick License is a permissive license. It does not contain a copyleft clause. It allows for the creation and distribution of derivative works under different licenses, including proprietary licenses. The key provisions focus on attribution and limitations of liability, rather than requiring derivative works to be licensed under the same terms."
        },
        "Info-ZIP": {
            "result": false,
            "explanation": "No."
        },
        "IPL-1.0": {
            "result": false,
            "explanation": "No.\n\nThis IBM Public License Version 1.0 is a permissive license. It grants recipients a broad range of rights to use, modify, and distribute the Program, including derivative works, without requiring them to release their own modifications under the same license. There is no copyleft clause present. It focuses on granting rights while also including standard disclaimers of warranty and liability."
        },
        "ISC": {
            "result": false,
            "explanation": "No."
        },
        "JasPer-2.0": {
            "result": false,
            "explanation": "No."
        },
        "LGPL-2.0-only": {
            "result": false,
            "explanation": "No.\n\n**Explanation:**\n\nThe GNU Library General Public License (LGPL) is a *weak* copyleft license. This means it allows you to link libraries developed under LGPL into proprietary software. However, if you modify the LGPL-licensed library itself, those changes must be made available under the LGPL. The license doesn't force you to license *all* derivative works \u2013 only modifications to the LGPL-licensed library itself. It does not contain a strong copyleft clause like the GPL, which would require *all* derived works to be licensed under the GPL."
        },
        "LGPL-2.0-or-later": {
            "result": false,
            "explanation": "No.\n\n**Explanation:**\n\nThe GNU Library General Public License (LGPL) is a permissive license, not a strong copyleft license like the GPL. While it grants users the freedom to use, study, change, and redistribute the library, it doesn't require that derivative works also be licensed under the LGPL. It allows libraries to be linked into proprietary software. The key distinction is that modifications to the library itself can be distributed under different licenses, including proprietary ones. The license does provide safeguards to ensure that users of the library can continue to benefit from its freedoms."
        },
        "LGPL-2.1-only": {
            "result": false,
            "explanation": "No.\n\n**Explanation:**\n\nThis is the Lesser General Public License (LGPL), and it does *not* contain a strong copyleft clause like the GPL. Here's why:\n\n*   **Linking Allowed:** The LGPL explicitly permits linking to the library from proprietary software. This is a key difference from the GPL, which restricts linking to proprietary software.\n*   **Derivative Works:** While the license states that derivative works should be distributed under the same terms, it doesn't mandate it. You can create a proprietary application that uses the LGPL library without being required to release the entire application under the LGPL.\n\nEssentially, the LGPL provides a balance between allowing free use and modification of the library while still promoting its use in free software."
        },
        "LGPL-2.1-or-later": {
            "result": false,
            "explanation": "No.\n\n**Explanation:**\n\nThe Lesser General Public License (LGPL) does *not* contain a strong copyleft clause like the GPL. While it encourages free redistribution and modification, it allows linking the library with proprietary software. The key aspect is that if you modify the LGPL-licensed library itself, you can distribute those changes under the LGPL. However, if you link your proprietary application with the LGPL library, you can distribute your application under a proprietary license. This distinction is crucial and why it\u2019s considered a weaker copyleft license compared to the GPL. The license clearly states that you can link with proprietary code without needing to release your entire application under the LGPL."
        },
        "LGPL-3.0-only": {
            "result": true,
            "explanation": "Yes.\n\n**Explanation:**\n\nThis license is a GNU General Public License (GPL), which *does* contain a strong copyleft clause. Here\u2019s why:\n\n*   **Section 13:** This section explicitly allows linking with works under the GPLv3 and mandates that any combined work also be licensed under the GPLv3.\n*   **Section 2:** While not a direct copyleft clause, the requirement to convey the work with the GPL license accompanying it ensures that derivative works will also be under the GPL terms.\n*   **Overall Intent:** The GPL is designed to protect and promote free software by ensuring that modifications and derivative works remain open and freely distributable, preserving the original freedoms. The whole design of the license encourages distribution under similar terms.\n\nThe copyleft clause is a core component of the GPL and is fundamental to its purpose."
        },
        "LGPL-3.0-or-later": {
            "result": true,
            "explanation": "Yes.\n\n**Explanation:**\n\nThis license is a GNU General Public License (GPL), which *does* contain a strong copyleft clause. Here's why:\n\n*   **\u201cThis program is free software: you can redistribute it and/or modify it under the terms of the GNU General Public License\u2026\u201d** \u2013 This clearly states the copyleft requirement. Any derivative work (a program that builds upon or modifies the original) *must* also be licensed under the GPL.\n*   **\u201c...ensuring that the freedoms granted by the license are preserved in derivative works.\u201d** - This explicitly reinforces the copyleft nature of the license.\n\nThe GPL\u2019s copyleft clause is designed to protect the freedoms of the original authors and ensure that software remains open-source. This contrasts with licenses like the BSD or MIT licenses, which are permissive and allow derivative works to be used under different terms."
        },
        "Libpng": {
            "result": false,
            "explanation": "No."
        },
        "libpng-2.0": {
            "result": false,
            "explanation": "No"
        },
        "libtiff": {
            "result": false,
            "explanation": "No."
        },
        "LicenseRef-scancode-bsla-no-advert": {
            "result": false,
            "explanation": "No"
        },
        "LicenseRef-scancode-info-zip-2003-05": {
            "result": false,
            "explanation": "No"
        },
        "LicenseRef-scancode-ppp": {
            "result": false,
            "explanation": "No"
        },
        "Minpack": {
            "result": false,
            "explanation": "No."
        },
        "MirOS": {
            "result": false,
            "explanation": "No."
        },
        "MIT": {
            "result": false,
            "explanation": "No."
        },
        "MIT-0": {
            "result": false,
            "explanation": "No."
        },
        "MIT-CMU": {
            "result": false,
            "explanation": "No"
        },
        "MPL-1.1": {
            "result": false,
            "explanation": "No.\n\n**Explanation:**\n\nWhile the Mozilla Public License (MPL) includes a copyleft element \u2013 requiring derivative works to also be licensed under the MPL \u2013 it\u2019s considered a \u201cweak\u201d copyleft license. This means:\n\n*   **You can incorporate MPL-licensed code into proprietary (non-open source) software.** You don't have to release your entire program under the MPL.\n*   **The copyleft applies only to modifications *you* make to the MPL-licensed code.** If you modify the original MPL-licensed code and distribute those changes, they must be under the MPL. However, if you incorporate MPL-licensed code into your own code that you don't modify, the MPL doesn't apply to your overall project.\n\nTherefore, the license does not have a strong copyleft clause that would require all derivative works to be licensed under the same terms."
        },
        "MPL-2.0": {
            "result": false,
            "explanation": "No.\n\n**Explanation:**\n\nWhile the Mozilla Public License v2.0 grants significant rights to users, it does *not* contain a strict copyleft clause. Here's why:\n\n*   **Permissive Licensing:** The MPL is a permissive license. This means users can use, modify, and distribute the software, even in proprietary applications.\n*   **No Requirement for Derivative Works to be Licensed Under MPL:** The license explicitly states that you can incorporate the software into a larger work and distribute that larger work under different terms.\n*   **Exhibit B:** The inclusion of Exhibit B, which designates the source code form as \"Incompatible With Secondary Licenses,\" reinforces this permissive nature by indicating that the source code must be distributed under the MPL terms.\n\nTherefore, the license does not enforce that derivative works must also be licensed under the same terms, which is the defining characteristic of a copyleft license."
        },
        "MPL-2.0-no-copyleft-exception": {
            "result": true,
            "explanation": "Yes.\n\n**Justification:**\n\nThe Mozilla Public License v2.0 is a copyleft license. Here\u2019s how it demonstrates this:\n\n*   **Section 2.1 (Grants):** It explicitly states that any modifications or derivative works must be distributed under the terms of the MPL.\n*   **Section 3.1 (Distribution of Source Form):** This reinforces the requirement that all distribution of source code be done under the MPL.\n*   **Section 1.5 (Incompatible With Secondary Licenses):** Defines \"Incompatible With Secondary Licenses\" which explicitly links to the MPL's copyleft nature. The inclusion of Exhibit B further emphasizes the need to maintain the MPL terms for Source Code Form.\n\nThese sections together establish a clear copyleft obligation, requiring that any derivative work based on the covered software also be licensed under the Mozilla Public License v2.0."
        },
        "MS-PL": {
            "result": false,
            "explanation": "No."
        },
        "MS-RL": {
            "result": false,
            "explanation": "No."
        },
        "NBPL-1.0": {
            "result": false,
            "explanation": "No.\n\n**Explanation:**\n\nThis license, the Net Boolean Public License, does not contain a copyleft clause. It is a permissive license that grants users broad rights to use, modify, and distribute the software, even in commercial products. There are conditions (like attribution and providing standard versions), but it doesn't require derivative works to be licensed under the same terms. A copyleft license would have provisions like \"all derivative works must be licensed under the same terms\" which are absent here."
        },
        "NCSA": {
            "result": false,
            "explanation": "No"
        },
        "NTP": {
            "result": false,
            "explanation": "No"
        },
        "OGC-1.0": {
            "result": false,
            "explanation": "No."
        },
        "OLDAP-2.8": {
            "result": false,
            "explanation": "No."
        },
        "OpenSSL": {
            "result": false,
            "explanation": "No."
        },
        "OSL-3.0": {
            "result": false,
            "explanation": "No.\n\nThis Open Software License v. 3.0 (OSL-3.0) does not contain a copyleft clause. It grants a broad range of rights to use, modify, and distribute the Original Work and its derivatives, but it does not require that derivative works also be licensed under the OSL-3.0. The license explicitly allows for the creation of derivative works under different licenses, provided certain attribution requirements are met. The absence of a clause requiring derivative works to be licensed under the same terms indicates that this is a permissive license."
        },
        "PHP-3.01": {
            "result": false,
            "explanation": "No.\n\nThis license is a permissive license. It allows for the use, modification, and distribution of the software, including in derivative works, without requiring those derivative works to be licensed under the same terms. There is no copyleft clause."
        },
        "PostgreSQL": {
            "result": false,
            "explanation": "No."
        },
        "Python-2.0": {
            "result": false,
            "explanation": "No."
        },
        "Qhull": {
            "result": false,
            "explanation": "No"
        },
        "RSA-MD": {
            "result": false,
            "explanation": "No."
        },
        "Saxpath": {
            "result": false,
            "explanation": "No."
        },
        "SGI-B-2.0": {
            "result": false,
            "explanation": "No."
        },
        "Sleepycat": {
            "result": false,
            "explanation": "no"
        },
        "SMLNJ": {
            "result": false,
            "explanation": "No."
        },
        "Spencer-86": {
            "result": false,
            "explanation": "No"
        },
        "SSH-OpenSSH": {
            "result": false,
            "explanation": "No"
        },
        "SSH-short": {
            "result": false,
            "explanation": "No"
        },
        "SunPro": {
            "result": false,
            "explanation": "No"
        },
        "Unicode-DFS-2015": {
            "result": false,
            "explanation": "No."
        },
        "Unicode-DFS-2016": {
            "result": false,
            "explanation": "No.\n\nThe license clearly grants broad permissions to use, copy, modify, and distribute the data files and software. There are no requirements for derivative works to be licensed under the same terms. This absence of a copyleft clause is the key indicator."
        },
        "Unlicense": {
            "result": false,
            "explanation": "No."
        },
        "UPL-1.0": {
            "result": false,
            "explanation": "No"
        },
        "W3C": {
            "result": false,
            "explanation": "No."
        },
        "W3C-19980720": {
            "result": false,
            "explanation": "No."
        },
        "W3C-20150513": {
            "result": false,
            "explanation": "No."
        },
        "WTFPL": {
            "result": false,
            "explanation": "No"
        },
        "X11": {
            "result": false,
            "explanation": "No."
        },
        "XFree86-1.1": {
            "result": false,
            "explanation": "No."
        },
        "Zlib": {
            "result": false,
            "explanation": "No."
        },
        "zlib-acknowledgement": {
            "result": false,
            "explanation": "No."
        },
        "ZPL-2.0": {
            "result": false,
            "explanation": "No.\n\n**Explanation:**\n\nThis license, the Zope Public License (ZPL) Version 2.0, does *not* contain a copyleft clause. It is a permissive license. Here's why:\n\n*   **Redistribution Allowed:** The license explicitly grants the right to redistribute the software in source and binary forms, with or without modification.\n*   **No Requirements for Derivative Works:** There are no conditions requiring derivative works to be licensed under the ZPL.\n*   **Focus on Attribution and Disclaimer:** The license primarily focuses on attribution (copyright notice, disclaimer) and preventing misuse of Zope Corporation's trademarks.\n\nCopyleft licenses, on the other hand, demand that any derivative works also be licensed under the same (or a compatible) copyleft license."
        }
    }
}