{
    "llm": "gemma3:4b",
    "copyleft": {
        "0BSD": {
            "result": false,
            "explanation": "No."
        },
        "AFL-2.0": {
            "result": false,
            "explanation": "No.\n\nThis Academic Free License (v. 2.0) is a permissive license. It grants broad rights to use, modify, and distribute the Original Work and Derivative Works, without requiring those derivative works to also be licensed under the same terms. There is no copyleft clause present in this license."
        },
        "AFL-2.1": {
            "result": false,
            "explanation": "No.\n\nThis Academic Free License is a permissive license. It grants broad rights to use, modify, and distribute the Original Work and its derivatives, without requiring those derivatives to be licensed under the same terms. There is no requirement for copyleft or any similar mechanism to ensure that derivative works remain under the same license."
        },
        "AFL-3.0": {
            "result": false,
            "explanation": "No.\n\nThis Academic Free License (AFL) v. 3.0 does not contain a copyleft clause. It grants a broad range of rights to the licensee, including the ability to create and distribute derivative works under different licenses, as long as certain attribution requirements are met. The license explicitly allows for licensing derivative works under terms other than the AFL itself. It\u2019s a permissive license, not a copyleft license."
        },
        "AGPL-3.0-only": {
            "result": true,
            "explanation": "Yes.\n\n**Explanation:**\n\nThe GNU Affero General Public License (AGPL) is a copyleft license. Specifically, sections 15, 16, and 17, along with the overall structure of the license, demonstrate this. The key elements that establish a copyleft clause are:\n\n*   **Requirement for Derivative Works:** The license explicitly states that if you modify and distribute a covered work, you must make the source code available under the same AGPL terms. This is the core of a copyleft clause.\n*   **Warranty Disclaimer and Limitation of Liability:** Although these clauses are common in many software licenses, they are particularly significant in copyleft licenses as they limit the rights of users to sue for damages if the software is defective.\n*   **Extension to Downstream Recipients:** When you convey a covered work and grant a patent license, the license automatically extends those rights to all recipients of the covered work.\n\nThe AGPL's goal is to ensure that anyone who uses or distributes the software, including modifications, retains the freedom to use, study, modify, and distribute it. This is achieved through the requirements to share the source code and grant patent licenses."
        },
        "AGPL-3.0-or-later": {
            "result": true,
            "explanation": "Yes.\n\n**Explanation:**\n\nThis license, the GNU Affero General Public License (AGPL), is a strong copyleft license. Several key provisions demonstrate this:\n\n*   **Section 7 (Patent License):** This section addresses patent issues, and if a user modifies the code and distributes it, the license requires that they provide access to the source code, effectively ensuring the freedom to modify and redistribute.\n*   **Section 7 (Knowingly Relying on a Patent License):** This section compels the licensor to extend the patent license to downstream recipients, further reinforcing the copyleft nature.\n*   **Overall Purpose:** The AGPL is designed to ensure that derivative works remain free software and retain the same freedoms as the original. It's a particularly strong copyleft license compared to GPLv3."
        },
        "Apache-1.0": {
            "result": false,
            "explanation": "No."
        },
        "Apache-1.1": {
            "result": false,
            "explanation": "No."
        },
        "Apache-2.0": {
            "result": false,
            "explanation": "No."
        },
        "Artistic-1.0": {
            "result": false,
            "explanation": "No.\n\n**Explanation:**\n\nThis license, known as the \"Artistic License,\" is a permissive license. It grants users considerable freedom to modify, distribute, and use the software without requiring them to release their derivative works under the same license. There is no requirement for derivative works to be licensed under the same terms \u2013 a key characteristic *lacking* in a copyleft license. The license focuses on attribution and prevents the copyright holder from claiming endorsement by using their name for commercial products."
        },
        "Artistic-1.0-Perl": {
            "result": false,
            "explanation": "No.\n\nThis license is a permissive license, often referred to as an \"Artistic License.\" It grants users broad rights to use, modify, and distribute the software, including derivative works, without requiring them to release their modifications under the same license terms. There is no copyleft clause present."
        },
        "Artistic-2.0": {
            "result": false,
            "explanation": "No.\n\nThe Artistic License 2.0 does not contain a copyleft clause. It allows for the creation and distribution of modified versions of the package under different licenses, including proprietary licenses. The key provisions regarding derivative works focus on documentation and compatibility, but do not mandate that modifications also be licensed under the Artistic License."
        },
        "Bitstream-Vera": {
            "result": false,
            "explanation": "No.\n\n**Explanation:**\n\nThis license is a proprietary license granted by Bitstream Inc. It grants permission to use, copy, and modify the fonts, but it does not include any copyleft provisions. There's no requirement that derivative works also be licensed under this same terms. The license focuses on usage rights and attribution, but it doesn't enforce a sharing or derivative work requirement."
        },
        "blessing": {
            "result": false,
            "explanation": "No"
        },
        "BlueOak-1.0.0": {
            "result": false,
            "explanation": "No."
        },
        "BSD-1-Clause": {
            "result": false,
            "explanation": "No."
        },
        "BSD-2-Clause": {
            "result": false,
            "explanation": "No"
        },
        "BSD-2-Clause-Patent": {
            "result": false,
            "explanation": "No."
        },
        "BSD-3-Clause": {
            "result": false,
            "explanation": "No"
        },
        "BSD-3-Clause-Open-MPI": {
            "result": false,
            "explanation": "No."
        },
        "BSD-4-Clause": {
            "result": false,
            "explanation": "No"
        },
        "BSD-4-Clause-UC": {
            "result": false,
            "explanation": "No"
        },
        "BSD-4.3TAHOE": {
            "result": false,
            "explanation": "No"
        },
        "BSD-Source-Code": {
            "result": false,
            "explanation": "No"
        },
        "BSL-1.0": {
            "result": false,
            "explanation": "No."
        },
        "bzip2-1.0.5": {
            "result": false,
            "explanation": "No"
        },
        "bzip2-1.0.6": {
            "result": false,
            "explanation": "No."
        },
        "CC-BY-2.5": {
            "result": false,
            "explanation": "No.\n\nThis Creative Commons Attribution 2.5 Public License does not contain a copyleft clause. It grants a wide range of rights to the licensee, including the ability to create derivative works and distribute them under different terms. There are no requirements that derivative works must be licensed under the same terms. The license focuses on attribution and does not impose any restrictions on how the work is used or modified beyond the stated conditions (e.g., maintaining attribution)."
        },
        "CC-BY-3.0": {
            "result": false,
            "explanation": "No.\n\nThis license is a standard, permissive Creative Commons Attribution-NonCommercial-ShareAlike 4.0 International (CC BY-NC-SA 4.0) license. It grants users the freedom to share, adapt, and build upon the work, but with the crucial requirement that any derivative works also be licensed under the same CC BY-NC-SA 4.0 terms. This is the defining characteristic of a copyleft license, but the license does not *require* attribution or any other specific conditions beyond those already stipulated. The CC BY-NC-SA 4.0 license is a non-copyleft license."
        },
        "CDDL-1.0": {
            "result": false,
            "explanation": "No.\n\n**Explanation:**\n\nThis is a permissive open-source license (CDDL v1.0). It does *not* contain a copyleft clause. Here's why:\n\n*   **No requirement for derivative works to be licensed under the same terms:** The license grants you the freedom to modify, distribute, and use the software, including incorporating it into proprietary products. There\u2019s no obligation to release any derivative works under the CDDL.\n*   **Focus on rights granted, not restrictions:** The license focuses on what rights you *receive* (e.g., royalty-free use, modification rights) rather than what you *must* do with those rights.\n\nTo clarify, a copyleft license (like GPL) would have clauses requiring any derivative works to also be licensed under the same terms. The CDDL does not."
        },
        "CDDL-1.1": {
            "result": false,
            "explanation": "No.\n\n**Explanation:**\n\nThis CDDL license does *not* contain a copyleft clause. Here's why:\n\n*   **Grant of Rights:** The license grants broad rights to use, modify, and distribute the software, including derivative works.\n*   **No Requirement for Same License:** There\u2019s no provision that requires any modifications or derivative works to be licensed under the CDDL.\n*   **Commercial Use Permitted:** The license explicitly allows for commercial use.\n\nA copyleft license would have stipulations such as requiring any modifications or derivative works to also be released under the same CDDL terms. The CDDL is a permissive license."
        },
        "CPL-1.0": {
            "result": false,
            "explanation": "No.\n\nThis license is a permissive open-source license, most likely the IBM Common Public License (CPL) version 1.0. It grants recipients broad rights to use, modify, and distribute the program, including derivative works, without requiring them to release their own code under the same license. There is no copyleft clause. The license explicitly states that recipients retain all rights to the intellectual property and that contributions are not subject to any licensing requirements beyond those outlined in the agreement."
        },
        "curl": {
            "result": false,
            "explanation": "No."
        },
        "ECL-1.0": {
            "result": false,
            "explanation": "No."
        },
        "ECL-2.0": {
            "result": false,
            "explanation": "No.\n\n**Explanation:**\n\nThis Educational Community License (ECL) version 2.0 does *not* contain a copyleft clause. Here's why:\n\n*   **Permissive License:** The ECL is a permissive license. It grants broad rights to use, modify, and distribute the work and its derivatives, with relatively few restrictions.\n*   **Redistribution Rights:** Sections 4 and 5 explicitly allow You to add Your own copyright statements, license terms, and conditions for derivative works.\n*   **No Requirement for Same License:** The license doesn\u2019t mandate that derivative works be licensed under the ECL itself.\n\nA copyleft license, like the GPL, would have provisions requiring derivative works to be licensed under the same terms. The ECL does not."
        },
        "EFL-2.0": {
            "result": false,
            "explanation": "No."
        },
        "EPL-1.0": {
            "result": false,
            "explanation": "No.\n\nThis Eclipse Public License (EPL) is a permissive license. It grants recipients broad rights to use, modify, and distribute the program, including derivative works, without requiring those derivative works to be released under the same license. There is no copyleft clause."
        },
        "EPL-2.0": {
            "result": false,
            "explanation": "No.\n\n**Explanation:**\n\nThis Eclipse Public License (v2.0) does *not* contain a copyleft clause. Here\u2019s why:\n\n*   **Non-Exclusive Rights:** The license grants recipients non-exclusive rights to reproduce, modify, and distribute the program. This is a key characteristic of permissive licenses.\n*   **Derivative Works:** While it allows for the creation of derivative works, it doesn\u2019t mandate that those derivative works also be licensed under the same terms.\n*   **No Requirements for Distribution:** The license doesn\u2019t impose any obligation on recipients to share their modifications or derivative works under the same license.\n\nTo clarify further, a copyleft license would typically include phrases like \"You must distribute derivative works under the same license\" or \"This license grants you the freedom to share and modify this software and any derivative works based upon it, on the same terms.\" This license simply permits those freedoms without requiring adherence to a specific license type."
        },
        "EUPL-1.1": {
            "result": true,
            "explanation": "Yes.\n\nThe EUPL contains several provisions that constitute a copyleft clause. Specifically, section 5 outlines the \u201cCopyleft clause,\u201d which mandates that any distribution or communication of the Original Work or Derivative Works must occur under the terms of the EUPL or a later version. Furthermore, the requirement to include copyright notices and the license itself with any distributed copies reinforces this copyleft intent. The compatibility appendix further solidifies this by listing licenses known for their copyleft provisions (e.g., GNU GPL)."
        },
        "EUPL-1.2": {
            "result": true,
            "explanation": "Yes.\n\nThe EUPL contains a strong copyleft clause. Specifically, Article 5 outlines \u201cCompatible Licences\u201d which includes licenses like GPL, AGPL, OSL, EPL, and CeCILL, and Article 5 further dictates that \u201cDistribution or Communication by You\u2026 will be done under the terms of this Licence or of a later version of this Licence unless the Original Work is expressly distributed only under this version of the Licence \u2014 for example by communicating \u2018EUPL v. 1.2 only\u2019\u201d. This clearly establishes a requirement that derivative works must also be licensed under the EUPL (or a compatible license) to maintain the freedoms granted by the original license."
        },
        "FSFAP": {
            "result": false,
            "explanation": "No"
        },
        "FSFUL": {
            "result": false,
            "explanation": "No"
        },
        "FSFULLR": {
            "result": false,
            "explanation": "No."
        },
        "FSFULLRWD": {
            "result": false,
            "explanation": "no"
        },
        "FTL": {
            "result": false,
            "explanation": "No."
        },
        "GPL-1.0-only": {
            "result": false,
            "explanation": "No.\n\n**Explanation:**\n\nThe GNU General Public License (GPL) is a copyleft license, but it doesn't enforce a strict, mandatory copyleft on *all* derivative works. Here's a breakdown of why I answered \"No\" in this specific context:\n\n*   **The GPL allows for non-copyleft derivative works.** Paragraph 3(c) specifically allows for the creation of derivative works that do not have to be licensed under the GPL. It provides alternative methods to ensure the source code remains available (e.g., offering a written offer to provide the source code).\n*   **The Appendix clarifies this.** The appendix specifically guides users on how to include the GPL's terms in new programs, emphasizing the freedom to choose and not forcing a copyleft requirement on all derived works.\n\nTherefore, while the GPL *contains* a copyleft clause, it\u2019s not universally enforced across all derivative works. The option for non-copyleft derivatives exists and is explicitly outlined."
        },
        "GPL-1.0-or-later": {
            "result": false,
            "explanation": "No.\n\n**Explanation:**\n\nThe GNU General Public License (GPL) is a copyleft license, but it doesn't have a strong, strict copyleft clause that applies to *all* derivative works. While the GPL mandates that derivative works also be licensed under the GPL, there are exceptions, particularly regarding \"protected by law\" or \"protected by contract\" works. The text explicitly mentions that the FSF will \"make exceptions for this\" when considering whether to apply the GPL to software which is copyrighted by the FSF. Furthermore, the license does not require derivative works to be licensed under the GPL if they are \"protected by law or protected by contract\". Therefore, it's a weaker copyleft license compared to GPLv3, which has a more robust and restrictive copyleft provision."
        },
        "GPL-2.0-only": {
            "result": false,
            "explanation": "No.\n\n**Explanation:**\n\nThe GNU General Public License (GPL) is a strong copyleft license. While it doesn\u2019t explicitly state \u201cthis is a copyleft license,\u201d the entire structure and numerous clauses, particularly sections 2 and 3, are designed to ensure that any derivative work remains under the GPL. Specifically:\n\n*   **Section 2:** Requires that any work based on the GPL-licensed program also be licensed under the GPL.\n*   **Section 3:** Provides multiple ways to ensure that derivative works are distributed under the GPL (including providing source code, offering a license, or providing information about the offer).\n\nThe instruction requested a determination of whether the license contained a copyleft clause, and the answer must be a simple \"yes\" or \"no.\" Given these requirements, the affirmative response would be incorrect."
        },
        "GPL-2.0-only WITH Classpath-exception-2.0": {
            "result": false,
            "explanation": "No.\n\n**Explanation:**\n\nThe GNU GPL is a permissive free software license, but it does *not* contain a strict copyleft clause. While it encourages derivative works to be licensed under the GPL, it doesn't *require* it.  The license grants significant freedoms to users, including the ability to create proprietary software that incorporates GPL-licensed code, as long as the source code is made available and the original copyright notice is preserved. The text specifically states that \"You may not copy, modify, sublicense, or distribute the Program except as expressly provided under this License.\" This allows for commercial use and integration with proprietary software. The \"Class Path Exception\" further reinforces this, allowing linking with other software under different licenses."
        },
        "GPL-2.0-or-later": {
            "result": false,
            "explanation": "No.\n\n**Explanation:**\n\nThe GNU General Public License (GPL) v2 does *not* contain a strict, enforceable copyleft clause in the same way as, for example, the GNU Lesser General Public License (LGPL). While the GPL *strongly* encourages derivative works to also be licensed under the GPL, it doesn't have mechanisms to automatically force it.\n\nHere's a breakdown of why this is a non-copyleft license:\n\n*   **Section 4:** This section explicitly allows you to copy the program into another work (even a non-free one) *without* requiring the entire work to be licensed under the GPL.  It permits using the GPL-licensed code in a proprietary program.\n*   **No Automatic Copyleft:** Unlike copyleft licenses like the LGPL, the GPL doesn't automatically make derivative works subject to the GPL simply because they incorporate GPL-licensed code.\n\nWhile the GPL strongly encourages sharing and modification, the key aspect is that you are allowed to use the code in non-free software. This makes it a permissive license, not a strict copyleft one."
        },
        "GPL-3.0-only": {
            "result": true,
            "explanation": "Yes.\n\n**Explanation:**\n\nThis license is a copyleft license, specifically the GNU General Public License (GPL). The key provisions that demonstrate this are:\n\n*   **Requirement for Derivative Works:** The license states that you \u201cmay link or combine any covered work with a work licensed under version 3 of the GNU Affero General Public License into a single combined work, and to convey the resulting work.\u201d\n*   **Preservation of Freedom:** The license\u2019s core purpose\u2014to ensure that freedoms granted are preserved in derivative works\u2014is a hallmark of a copyleft license. It mandates that if you modify or build upon the original code, you must also distribute your changes under the same GPL terms. This is achieved through the \"copyleft\" clause.\n\nThe license\u2019s purpose is explicitly geared towards preventing the privatization of the software and guaranteeing that users retain the freedoms associated with it."
        },
        "GPL-3.0-or-later": {
            "result": true,
            "explanation": "Yes.\n\n**Explanation:**\n\nThis license is a GNU General Public License (GPL), which *does* contain a strong copyleft clause. Here\u2019s how it demonstrates this:\n\n*   **Section 13:** Explicitly allows linking with other GPL-licensed works but emphasizes that the GPL terms *will continue to apply* to the combined work.\n*   **Section 2:** This section reinforces the copyleft nature by stating that derivative works must be distributed under the same terms.\n*   **Overall Philosophy:** The entire document is structured around the idea of preserving the freedoms granted by the license in any derivative works.\n\nThe copyleft clause is central to the GPL\u2019s purpose: to ensure that software freedom is maintained as the software is modified and distributed."
        },
        "HPND": {
            "result": false,
            "explanation": "No."
        },
        "IBM-pibs": {
            "result": false,
            "explanation": "No"
        },
        "ICU": {
            "result": false,
            "explanation": "No."
        },
        "IJG": {
            "result": false,
            "explanation": "No."
        },
        "ImageMagick": {
            "result": false,
            "explanation": "No.\n\n**Explanation:**\n\nThe ImageMagick License is a permissive license. It grants broad rights to use, modify, and distribute the software and its derivatives. However, it *doesn't* include a copyleft clause. There are no requirements that derivative works must also be licensed under the ImageMagick License. This makes it suitable for use in proprietary software."
        },
        "Info-ZIP": {
            "result": false,
            "explanation": "No."
        },
        "IPL-1.0": {
            "result": false,
            "explanation": "No.\n\nThis IBM Public License Version 1.0 is a permissive license. It grants recipients broad rights to use, modify, and distribute the Program, including derivative works, without requiring those derivative works to be licensed under the same terms. There is no copyleft clause. The license focuses on granting rights and disclaiming liability, rather than imposing requirements on derivative works."
        },
        "ISC": {
            "result": false,
            "explanation": "No."
        },
        "JasPer-2.0": {
            "result": false,
            "explanation": "No."
        },
        "LGPL-2.0-only": {
            "result": false,
            "explanation": "No.\n\n**Explanation:**\n\nThis is the GNU Library General Public License (GPL), which is a copyleft license. However, it doesn\u2019t enforce copyleft on *all* derived works. Specifically, sections 14 and 15 explicitly state that it does not require derivative works to be licensed under the GPL. It also includes a clause stating that the copyright holder doesn\u2019t impose restrictions on distribution by third parties. The license focuses on ensuring that the library itself remains free software and that recipients of copies are aware of their rights, but it doesn't mandate that modifications or additions to the library also be released under the GPL."
        },
        "LGPL-2.0-or-later": {
            "result": false,
            "explanation": "No.\n\n**Explanation:**\n\nThis is the GNU Library General Public License (GPL), and it does **not** contain a copyleft clause. While the GPL does have strong provisions for ensuring that derivative works also remain under the GPL, it doesn't *require* that all derivative works are licensed under the GPL. The key aspects of the GPL that might *seem* like copyleft are the provisions related to redistribution and modification, but these don't mandate that derivative works themselves must be GPL-licensed. The license allows for using the library in proprietary software, provided that the original GPL license is included and that the recipient is aware of their rights under the license."
        },
        "LGPL-2.1-only": {
            "result": false,
            "explanation": "No.\n\n**Explanation:**\n\nThe Lesser General Public License (LGPL) is a permissive license. It allows you to use, modify, and distribute the library in both free and proprietary software. While it includes a clause allowing derivative works to be distributed under the LGPL, it does not enforce a copyleft requirement. This means that if you incorporate the LGPL library into a closed-source application, you don\u2019t need to release your entire application under the LGPL.  The key difference between the LGPL and the GPL is that the LGPL is designed to encourage use in commercial software, while the GPL mandates that all derivative works also be GPL-licensed."
        },
        "LGPL-2.1-or-later": {
            "result": false,
            "explanation": "No.\n\n**Explanation:**\n\nThis is the Lesser General Public License (LGPL), and it does *not* contain a strong copyleft clause. While it encourages free software practices, it allows you to link the library with proprietary software. Specifically, sections 8 and 17 explicitly outline this capability. The LGPL aims to balance the interests of free software developers with those of commercial software developers. The key point is that you can incorporate the library into a non-free (proprietary) program without needing to release the entire program under the LGPL."
        },
        "LGPL-3.0-only": {
            "result": true,
            "explanation": "Yes.\n\n**Explanation:**\n\nThis license, the GNU General Public License (GPL), is a strong copyleft license. The key elements that establish this are:\n\n*   **\u201cThis program is free software: you can redistribute it and/or modify it under the terms of the GNU General Public License\u2026\u201d** \u2013 This explicitly states the core copyleft provision.\n*   **\u201c\u2026ensuring that the freedoms granted by the license are preserved in derivative works.\u201d** \u2013 This reinforces the intention of the license.\n*   **Sections 15-17** \u2013 These sections further detail the legal consequences of derivative works not complying with the GPL\u2019s terms, including warranty disclaimers and limitations of liability.\n\nThe GPL\u2019s aim is to ensure that any modifications or derivative works also remain free software and are distributed under the same terms, preventing the original freedoms from being lost. The requirements regarding \"knowingly relying\" and the potential for discriminatory patent licenses further strengthen this copyleft intention."
        },
        "LGPL-3.0-or-later": {
            "result": true,
            "explanation": "Yes.\n\n**Explanation:**\n\nThis license is the GNU General Public License (GPL), which *does* contain a strong copyleft clause. Here\u2019s why:\n\n*   **Section 13:** Explicitly allows linking with other GPL-licensed works but mandates that if you combine the covered work with a work licensed under the GNU Affero General Public License (AGPL), you must adhere to the AGPL\u2019s requirements regarding interaction through a network.\n*   **Section 2:** Requires that any derivative works also be licensed under the GPL.\n*   **Overall Philosophy:** The GPL is designed to ensure that software remains free and open-source. It\u2019s not just about the original program; it\u2019s about preserving the freedoms of derivative works as well. This aligns with the copyleft philosophy."
        },
        "Libpng": {
            "result": false,
            "explanation": "No."
        },
        "libpng-2.0": {
            "result": false,
            "explanation": "No"
        },
        "libtiff": {
            "result": false,
            "explanation": "No."
        },
        "LicenseRef-scancode-bsla-no-advert": {
            "result": false,
            "explanation": "No"
        },
        "LicenseRef-scancode-info-zip-2003-05": {
            "result": false,
            "explanation": "No"
        },
        "LicenseRef-scancode-ppp": {
            "result": false,
            "explanation": "No"
        },
        "Minpack": {
            "result": false,
            "explanation": "No"
        },
        "MirOS": {
            "result": false,
            "explanation": "No."
        },
        "MIT": {
            "result": false,
            "explanation": "No."
        },
        "MIT-0": {
            "result": false,
            "explanation": "No."
        },
        "MIT-CMU": {
            "result": false,
            "explanation": "No."
        },
        "MPL-1.1": {
            "result": false,
            "explanation": "No.\n\n**Explanation:**\n\nWhile the Mozilla Public License (MPL) is a copyleft license, it\u2019s a *weak* copyleft license. This means that modifications to the MPL-licensed code itself do not have to be released under the MPL. However, if you incorporate MPL-licensed code into a larger work, the *entire* new work must be licensed under the MPL.\n\nThe key distinction is that you don\u2019t have to release your *entire* modified work under the MPL if you are only modifying the MPL-licensed portion. This makes it a less restrictive copyleft license than, for example, the GNU General Public License (GPL)."
        },
        "MPL-2.0": {
            "result": true,
            "explanation": "Yes.\n\n**Reasoning:**\n\nThe Mozilla Public License v2.0 contains a strong copyleft clause. Several sections and exhibits contribute to this:\n\n*   **Section 2.1(a):** Grants the recipient the right to \"modify, display, perform, distribute, and otherwise exploit\" the Covered Software.\n*   **Section 3.1:** Mandates that all distributions of Source Code Form must be under the terms of the MPL.\n*   **Exhibit A & B:** Explicitly state the license terms governing the Source Code Form and identify cases of incompatibility with secondary licenses.\n\nThese elements combine to ensure that any derivative works based on the Covered Software must also be licensed under the Mozilla Public License v2.0, preserving the original license's terms and conditions. This is the defining characteristic of a copyleft license."
        },
        "MPL-2.0-no-copyleft-exception": {
            "result": false,
            "explanation": "No.\n\n**Explanation:**\n\nThe Mozilla Public License v2.0 does *not* contain a strong copyleft clause like the GPL. While it grants significant rights to the recipient, it allows for the distribution of derivative works under different licenses, including proprietary licenses. The \"Incompatible With Secondary Licenses\" notice and the associated exhibit highlight this permissive nature. The license focuses on ensuring the original covered software remains under the MPL, but it doesn\u2019t force derived works to be licensed under the same terms."
        },
        "MS-PL": {
            "result": false,
            "explanation": "No."
        },
        "MS-RL": {
            "result": false,
            "explanation": "No."
        },
        "NBPL-1.0": {
            "result": false,
            "explanation": "No.\n\n**Explanation:**\n\nThis Net Boolean Public License does *not* contain a copyleft clause. Here\u2019s why:\n\n*   **Permissive Distribution:** The license grants significant freedom to distribute, modify, and use the package in various forms (object code, executable, etc.) without requiring derivative works to be licensed under the same terms.\n*   **No \u201cViral\u201d Provisions:** There are no provisions that would automatically apply the license to modified versions or derived works. Paragraphs 3 and 4, while offering options for making modifications freely available, do not mandate that derivative works must be licensed under this specific license.\n*   **\u201cAS IS\u201d Warranty:** The explicit \u201cAS IS\u201d warranty further reinforces the lack of obligations placed on the user regarding modifications or distributions.\n\nA copyleft license would typically include language that forces derivative works to be licensed under the same terms as the original, ensuring that the freedoms granted by the original license are retained in subsequent versions. This license lacks such a requirement."
        },
        "NCSA": {
            "result": false,
            "explanation": "No"
        },
        "NTP": {
            "result": false,
            "explanation": "No"
        },
        "OGC-1.0": {
            "result": false,
            "explanation": "No."
        },
        "OLDAP-2.8": {
            "result": false,
            "explanation": "No."
        },
        "OpenSSL": {
            "result": false,
            "explanation": "No."
        },
        "OSL-3.0": {
            "result": false,
            "explanation": "No.\n\nThis Open Software License v. 3.0 (OSL-3.0) does not contain a copyleft clause. It grants a broad range of rights to use, modify, and distribute the Original Work and its derivatives, but it does not require that derivative works also be licensed under the OSL-3.0. The license allows for commercial use, modification, and distribution without imposing any restrictions on subsequent derivative works."
        },
        "PHP-3.01": {
            "result": false,
            "explanation": "No.\n\n**Explanation:**\n\nThis license is a permissive license. It allows for the use, modification, and distribution of the software, including derivative works, without requiring those derivative works to be licensed under the same terms. There is no copyleft clause present. The license focuses on attribution and restrictions related to using the \"PHP\" name."
        },
        "PostgreSQL": {
            "result": false,
            "explanation": "No."
        },
        "Python-2.0": {
            "result": false,
            "explanation": "No."
        },
        "Qhull": {
            "result": false,
            "explanation": "No"
        },
        "RSA-MD": {
            "result": false,
            "explanation": "No."
        },
        "Saxpath": {
            "result": false,
            "explanation": "No."
        },
        "SGI-B-2.0": {
            "result": false,
            "explanation": "No."
        },
        "Sleepycat": {
            "result": false,
            "explanation": "no"
        },
        "SMLNJ": {
            "result": false,
            "explanation": "No"
        },
        "Spencer-86": {
            "result": false,
            "explanation": "No"
        },
        "SSH-OpenSSH": {
            "result": false,
            "explanation": "No."
        },
        "SSH-short": {
            "result": false,
            "explanation": "No"
        },
        "SunPro": {
            "result": false,
            "explanation": "No."
        },
        "Unicode-DFS-2015": {
            "result": false,
            "explanation": "No."
        },
        "Unicode-DFS-2016": {
            "result": false,
            "explanation": "No."
        },
        "Unlicense": {
            "result": false,
            "explanation": "No."
        },
        "UPL-1.0": {
            "result": false,
            "explanation": "No"
        },
        "W3C": {
            "result": false,
            "explanation": "No."
        },
        "W3C-19980720": {
            "result": false,
            "explanation": "No.\n\n**Explanation:**\n\nThis W3C license is a permissive license. It grants broad rights to use, copy, modify, and distribute the software, including derivative works, without requiring those derivative works to be licensed under the same terms. There is no copyleft clause present. The key phrases indicating this are the grant of permission \"for any purpose and without fee or royalty\" and the lack of any requirement for derivative works to be distributed under the same license."
        },
        "W3C-20150513": {
            "result": false,
            "explanation": "No."
        },
        "WTFPL": {
            "result": false,
            "explanation": "No."
        },
        "X11": {
            "result": false,
            "explanation": "No."
        },
        "XFree86-1.1": {
            "result": false,
            "explanation": "No."
        },
        "Zlib": {
            "result": false,
            "explanation": "No."
        },
        "zlib-acknowledgement": {
            "result": false,
            "explanation": "No."
        },
        "ZPL-2.0": {
            "result": false,
            "explanation": "No."
        }
    }
}