{
    "llm": "gemma3:4b",
    "copyleft": {
        "0BSD": {
            "result": false,
            "explanation": "No."
        },
        "AFL-2.0": {
            "result": false,
            "explanation": "No.\n\n**Explanation:**\n\nThis Academic Free License (v. 2.0) is a permissive license. It grants broad rights to use, modify, and distribute the Original Work and its derivative works without requiring those derivative works to also be licensed under the same terms. There is no copyleft clause present. It allows for commercial use, incorporation into proprietary software, and other scenarios where a copyleft license would restrict."
        },
        "AFL-2.1": {
            "result": false,
            "explanation": "No.\n\nThis Academic Free License (v.2.1) is a permissive license. It grants broad rights to use, modify, and distribute the Original Work and Derivative Works without requiring those derivative works to be licensed under the same terms. There is no provision for copyleft, which would mandate that any modifications or derivative works also be licensed under this same license."
        },
        "AFL-3.0": {
            "result": false,
            "explanation": "No.\n\nThis Academic Free License (AFL) v. 3.0 does not contain a copyleft clause. It grants a broad range of rights to use, modify, and distribute the Original Work and Derivative Works under its terms, but it does not require that derivative works be licensed under the same AFL terms. The license allows for commercial use and distribution of derivative works under different licenses, as long as certain attribution and other conditions are met."
        },
        "AGPL-3.0-only": {
            "result": true,
            "explanation": "Yes.\n\n**Explanation:**\n\nThis license, the GNU Affero General Public License (AGPL), is explicitly a copyleft license. Several key provisions demonstrate this:\n\n*   **Section 7 (Patent License):** This section grants a patent license to anyone who uses the program, but *only* if they do so through a network. This is a standard copyleft mechanism.\n*   **Section 7 (Knowingly Relying on a Patent License):** This section requires you to extend the patent license to downstream recipients if you knowingly rely on a patent license and the Corresponding Source isn't available.\n*   **Section 14 (Revised Versions of this License):** While not directly a copyleft provision, the requirement for versions to be similar in spirit reinforces the commitment to maintaining freedom.\n\nThe central feature that establishes it as a copyleft license is the requirement that derivative works also be licensed under the AGPL.  This ensures that the freedoms granted by the AGPL are maintained in any modified versions of the software."
        },
        "AGPL-3.0-or-later": {
            "result": true,
            "explanation": "Yes.\n\n**Explanation:**\n\nThis license, the GNU Affero General Public License (AGPL), is a strong copyleft license. Several key provisions demonstrate this:\n\n*   **\"You have permission to link or combine any covered work with a work licensed under version 3 of the GNU General Public License into a single combined work, and to convey the resulting work.\"** This indicates that derivative works are allowed, but with the core AGPL terms applying.\n*   **\"To do so, attach the following notices to the program. It is safest to attach them to the start of each source file to most effectively state the exclusion of warranty; and each file should have at least the 'copyright' line and a pointer to where the full notice is found.\"** This requirement forces derivative works to include the same copyright notices and license terms.\n*   **The entire structure of the license, with its emphasis on ensuring that modifications are also freely available to the public, fundamentally embodies a copyleft philosophy.**\n\nThe AGPL\u2019s copyleft clause specifically addresses software that is used over a network (remote interaction), requiring that source code be made available to users accessing the software remotely. This is a significant element of the license, making it a strong copyleft license."
        },
        "Apache-1.0": {
            "result": false,
            "explanation": "No"
        },
        "Apache-1.1": {
            "result": false,
            "explanation": "No."
        },
        "Apache-2.0": {
            "result": false,
            "explanation": "No."
        },
        "Artistic-1.0": {
            "result": false,
            "explanation": "No.\n\n**Explanation:**\n\nThis license, known as the \"Artistic License,\" is a permissive license. It grants users significant freedom to modify, distribute, and incorporate the package into other projects without requiring them to release their derivative works under the same license. There is no provision for derivative works to be subject to the same licensing terms as the original. This absence of a requirement to share modifications as copyleft is the defining characteristic of a permissive license and distinguishes it from a copyleft license."
        },
        "Artistic-1.0-Perl": {
            "result": false,
            "explanation": "No.\n\nThis license is a permissive license, often referred to as a \"Business Source License\" or similar. It grants users broad rights to use, modify, and distribute the software, provided they adhere to the conditions outlined in the document. Crucially, it does *not* include any copyleft provisions. There are no requirements that derivative works must be licensed under the same terms, nor are there any obligations to release the source code of modified versions."
        },
        "Artistic-2.0": {
            "result": false,
            "explanation": "No.\n\nThe Artistic License 2.0 does not contain a copyleft clause. It allows for the creation and distribution of modified versions under the same license, but it does not mandate that derivative works also be licensed under the Artistic License. The key provisions regarding distributing modified versions without source code, and the ability to use the package in aggregated works, further demonstrate the absence of a copyleft requirement."
        },
        "Bitstream-Vera": {
            "result": false,
            "explanation": "No.\n\n**Explanation:**\n\nThis license is a proprietary license provided by Bitstream, Inc. It grants permission to use, copy, and modify the font software but does not include any copyleft provisions. There's no requirement that derivative works be licensed under the same terms. The restrictions primarily relate to naming conventions and usage restrictions, rather than requiring derivative works to share the same license."
        },
        "blessing": {
            "result": false,
            "explanation": "No"
        },
        "BlueOak-1.0.0": {
            "result": false,
            "explanation": "No."
        },
        "BSD-1-Clause": {
            "result": false,
            "explanation": "No."
        },
        "BSD-2-Clause": {
            "result": false,
            "explanation": "No"
        },
        "BSD-2-Clause-Patent": {
            "result": false,
            "explanation": "No."
        },
        "BSD-3-Clause": {
            "result": false,
            "explanation": "No"
        },
        "BSD-3-Clause-Open-MPI": {
            "result": false,
            "explanation": "No"
        },
        "BSD-4-Clause": {
            "result": false,
            "explanation": "No."
        },
        "BSD-4-Clause-UC": {
            "result": false,
            "explanation": "No"
        },
        "BSD-4.3TAHOE": {
            "result": false,
            "explanation": "No."
        },
        "BSD-Source-Code": {
            "result": false,
            "explanation": "No."
        },
        "BSL-1.0": {
            "result": false,
            "explanation": "No."
        },
        "bzip2-1.0.5": {
            "result": false,
            "explanation": "No"
        },
        "bzip2-1.0.6": {
            "result": false,
            "explanation": "No."
        },
        "CC-BY-2.5": {
            "result": false,
            "explanation": "No.\n\nThis Creative Commons Attribution 2.5 Public License does not contain a copyleft clause. It grants a wide range of rights to the licensee, including the ability to create derivative works and distribute them under different terms, as long as appropriate attribution is given. There are no requirements that derivative works must be licensed under the same CCPL. The license focuses on providing usage rights while retaining copyright ownership for the original author."
        },
        "CC-BY-3.0": {
            "result": false,
            "explanation": "No.\n\nThis license is a permissive Creative Commons Attribution-NonCommercial-ShareAlike 4.0 International (CC BY-NC-SA 4.0) license. It does not include any copyleft provisions. It allows for the use, adaptation, and distribution of the work, even in derivative works, as long as appropriate attribution is given and the derivative works are licensed under the same CC BY-NC-SA 4.0 terms."
        },
        "CDDL-1.0": {
            "result": false,
            "explanation": "No.\n\n**Explanation:**\n\nThis is the Common Development and Distribution License (CDDL) version 1.0. The CDDL is a permissive open-source license, meaning it allows for use, modification, and distribution of the software, including in proprietary applications. It does *not* contain a copyleft clause. Copyleft licenses, such as the GPL, require that derivative works also be licensed under the same terms, ensuring that the software remains open-source. The CDDL grants broad rights to the user, without imposing such restrictions."
        },
        "CDDL-1.1": {
            "result": false,
            "explanation": "No.\n\nThe Common Development and Distribution License (CDDL) does not contain a copyleft clause. It is a permissive license that grants users broad rights to use, modify, and distribute the software, including derivative works, without requiring those derivative works to be released under the same license. The license explicitly states that users can choose their own license terms for derivative works, provided they comply with the CDDL's other provisions."
        },
        "CPL-1.0": {
            "result": false,
            "explanation": "No.\n\n**Explanation:**\n\nThis is a permissive open-source license (specifically, the IBM Common Public License v1.0). It grants recipients broad rights to use, modify, and distribute the software, including derivative works, without requiring them to release their own code under the same license. There is no requirement for derivative works to be licensed under the same terms \u2013 this is the key distinction from copyleft licenses like the GPL."
        },
        "curl": {
            "result": false,
            "explanation": "No"
        },
        "ECL-1.0": {
            "result": false,
            "explanation": "No."
        },
        "ECL-2.0": {
            "result": false,
            "explanation": "No.\n\n**Explanation:**\n\nThe Educational Community License (ECL) 2.0 does *not* contain a copyleft clause. Here's why:\n\n*   **Permissive License:** The ECL 2.0 is a permissive license. This means you can use, modify, and distribute the work, including incorporating it into proprietary software, without being required to release your derivative works under the same license.\n*   **Redistribution Conditions:** The license does impose conditions on redistribution (e.g., providing a copy of the license, retaining attribution notices), but it doesn't mandate that derivative works also be licensed under the ECL 2.0.\n*   **Lack of \"Share Alike\" Provision:** A key element of copyleft licenses is a \u201cshare alike\u201d provision which requires derivative works to be licensed under the same terms. The ECL 2.0 lacks this."
        },
        "EFL-2.0": {
            "result": false,
            "explanation": "No."
        },
        "EPL-1.0": {
            "result": false,
            "explanation": "No.\n\nThis Eclipse Public License (EPL) is a permissive license. It grants recipients broad rights to use, modify, and distribute the Program, including derivative works, without requiring those derivative works to be released under the same license. There is no copyleft clause present. The license focuses on granting rights while placing certain obligations on recipients regarding liability and warranties."
        },
        "EPL-2.0": {
            "result": false,
            "explanation": "No.\n\n**Explanation:**\n\nThis Eclipse Public License (v2.0) does *not* contain a copyleft clause. Here\u2019s why:\n\n*   **Non-Exclusive Rights:** The license grants recipients non-exclusive rights, meaning they can use the Program for any purpose, including commercial ones, without being obligated to release their derivative works under the same license.\n*   **No Requirement for Derivative Works to be Licensed:** The license doesn\u2019t dictate that any modifications or derived works must be distributed under the same terms.\n*   **Secondary License Provision:** While it allows for distribution under secondary licenses (like the GPL), this is a choice made by the recipient, not a requirement imposed by the Eclipse Public License itself. The secondary license must also satisfy certain conditions.\n\nA copyleft license would have provisions requiring derivative works to be released under the same or a compatible license. The Eclipse Public License prioritizes flexibility and allows for a broader range of usage and distribution scenarios."
        },
        "EUPL-1.1": {
            "result": true,
            "explanation": "Yes.\n\nThe EUPL contains a strong copyleft clause. Specifically, section 5 outlines the \u201cCopyleft clause,\u201d which states: \u201cIf the Licensee distributes and/or communicates copies of the Original Works or Derivative Works based upon the Original Work, this Distribution and/or Communication will be done under the terms of this Licence or of a later version of this Licence unless the Original Work is expressly distributed only under this version of the Licence.\u201d This clearly mandates that derivative works must also be licensed under the EUPL, ensuring continued freedom and preventing the incorporation of the work into proprietary software without adhering to the same licensing terms."
        },
        "EUPL-1.2": {
            "result": true,
            "explanation": "Yes.\n\nThe EUPL contains a strong copyleft clause. Specifically, Article 5 outlines the \u201cCompatible Licences\u201d and explicitly states that \u201cDistribution or Communication by You of the Work or copies thereof\u201d will be \u201cdone under the terms of this Licence or of a later version of this Licence,\u201d preventing the imposition of additional terms or conditions that alter or restrict the license\u2019s terms. This requirement that derivative works also use the EUPL is the defining characteristic of a copyleft license."
        },
        "FSFAP": {
            "result": false,
            "explanation": "No"
        },
        "FSFUL": {
            "result": false,
            "explanation": "No"
        },
        "FSFULLR": {
            "result": false,
            "explanation": "No."
        },
        "FSFULLRWD": {
            "result": false,
            "explanation": "no"
        },
        "FTL": {
            "result": false,
            "explanation": "No."
        },
        "GPL-1.0-only": {
            "result": false,
            "explanation": "No.\n\n**Explanation:**\n\nThe GNU General Public License (GPL) is a copyleft license, but it doesn't have a *strict* copyleft clause as implemented in some other licenses (like the GPLv3). While it strongly encourages derivative works to also be licensed under the GPL, it does allow for non-copyleft \u201cworks based on the Program\u201d under certain conditions (paragraphs 2 and 3). Specifically, the program can be distributed as an executable or object code if the corresponding source code is provided under a different license, or if a written offer to provide the source code is made. This means that while the GPL\u2019s intention is to maintain the freedoms of the original work, it doesn\u2019t mandate it for all derivative works."
        },
        "GPL-1.0-or-later": {
            "result": false,
            "explanation": "No.\n\n**Explanation:**\n\nThe GNU General Public License (GPL) is a copyleft license, but it doesn't have a *strong* copyleft clause like the GPLv3. While it does require that derivative works also be licensed under the GPL, it allows for \"noncommercial\" derivative works to be licensed under different terms. The key phrases that demonstrate this are:\n\n*   \"If the modified program normally reads commands interactively when run, you must cause it, when started running for such interactive use in the simplest and most usual way, to print or display an announcement including an appropriate copyright notice and a notice that there is no warranty (or else, saying that you provide a warranty) and that users may redistribute the program under these conditions, and telling the user how to view a copy of this General Public License.\" (This highlights the interactive use requirement and the license terms)\n*   \"If the modified program normally reads commands interactively when run, you must cause it, when started running for such interactive use in the simplest and most usual way, to print or display an announcement including an appropriate copyright notice and a notice that there is no warranty (or else, saying that you provide a warranty) and that users may redistribute the program under these conditions, and telling the user how to view a copy of this General Public License.\"\n\nThe license's flexibility around non-commercial derivative works prevents it from being considered a particularly stringent copyleft license."
        },
        "GPL-2.0-only": {
            "result": false,
            "explanation": "No.\n\n**Explanation:**\n\nThe GNU General Public License (GPL) Version 2 does *not* contain a strong copyleft clause like the GPLv3 does. While it includes provisions for distributing modified versions and requires that recipients receive or be given the source code, it doesn\u2019t mandate that *all* derivative works must also be licensed under the GPL.\n\nHere's a breakdown of why it doesn't qualify as a strong copyleft license:\n\n*   **Permissive Use:** The license allows for the incorporation of GPL-licensed code into non-free (proprietary) software. This is a key difference from the GPLv3, which strictly requires that all derivative works be licensed under the GPL.\n*   **No Requirement for Derivative Works to be GPL:** Section 3 allows for distributing the program in object code or executable form with various accompanying source code provisions without necessarily requiring the entire derivative work to be licensed under the GPL.\n*   **\"As is\" Warranty:** The explicit disclaimer of warranty further reduces the obligation placed on users.\n\nTherefore, it is a permissive license with some requirements around source code distribution but lacks the stronger copyleft provisions found in more restrictive licenses like the GPLv3."
        },
        "GPL-2.0-only WITH Classpath-exception-2.0": {
            "result": false,
            "explanation": "No.\n\n**Explanation:**\n\nThe GNU General Public License (GPL) is a strong copyleft license. However, this specific excerpt does *not* explicitly state a copyleft clause. It focuses on the fundamental rights granted to users and distributors, including the requirement for attribution and the disclaimer of warranty. While the entire GPL *does* contain a copyleft clause, this section only outlines the basic terms and conditions without detailing the obligations for derivative works. It establishes the user's rights and the copyright holder's protections, but doesn’t cover the mandatory requirements for derivative works that are characteristic of a full GPL license."
        },
        "GPL-2.0-or-later": {
            "result": false,
            "explanation": "No.\n\n**Explanation:**\n\nThe GNU General Public License (GPL) v2 does *not* contain a strict copyleft clause in the traditional sense. While it strongly encourages derivative works to also be licensed under the GPL, it doesn\u2019t *require* it. Here's a breakdown of why it\u2019s classified as permissive with a strong encouragement to remain free:\n\n*   **Section 1:** Grants users the freedom to copy, modify, and distribute the program, but also explicitly states that you may charge fees or offer warranties. This flexibility allows for commercial distribution.\n*   **Section 2:** Requires that derivative works also be licensed under the GPL, but this is a condition rather than a hard requirement.\n*   **Section 4:** Places limitations on how you can copy, modify, or distribute the program.\n\nBecause the license allows for commercial use, the offering of warranties, and the ability to license derivative works under the GPL (but doesn\u2019t mandate it), it's considered a permissive license with a strong copyleft *encouragement* but not a strict copyleft obligation."
        },
        "GPL-3.0-only": {
            "result": true,
            "explanation": "Yes.\n\n**Explanation:**\n\nThis license is a GNU General Public License (GPL), and GPL licenses *do* contain a copyleft clause. Specifically, Section 13 allows linking with works licensed under the GPL, but this linking is subject to the GPL's terms, meaning any derivative work incorporating the original code must also be licensed under the GPL. This ensures that the freedoms associated with the original work are maintained in any subsequent modifications or combinations. The entire document is structured around maintaining these freedoms, which is the defining characteristic of a copyleft license."
        },
        "GPL-3.0-or-later": {
            "result": true,
            "explanation": "Yes.\n\n**Explanation:**\n\nThis license is a GNU General Public License (GPL), and GPL licenses *always* contain a copyleft clause. Specifically, Section 13 explicitly allows linking with other works licensed under the GPL, and Section 9 outlines how copyright holders can grant patent licenses in a way that extends the GPL\u2019s protections to derivative works. The core purpose of the GPL is to ensure that modifications and derivative works also remain free software, distributed under similar terms. The entire structure of the license is built around this principle."
        },
        "HPND": {
            "result": false,
            "explanation": "No."
        },
        "IBM-pibs": {
            "result": false,
            "explanation": "No"
        },
        "ICU": {
            "result": false,
            "explanation": "No"
        },
        "IJG": {
            "result": false,
            "explanation": "No."
        },
        "ImageMagick": {
            "result": false,
            "explanation": "No.\n\n**Explanation:**\n\nThe ImageMagick license is a permissive license. It does *not* contain a copyleft clause. It allows for the creation of derivative works under different licenses, including proprietary licenses. The key elements that demonstrate this are:\n\n*   **Broad Redistribution Rights:** Sections 4 and 5 grant broad rights to reproduce, modify, and distribute the work and its derivatives.\n*   **No Requirement for Derivative Works to be Licensed Under ImageMagick:** The license doesn't dictate that any derivative works must be licensed under the same terms.\n*   **Attribution Requirements:** While attribution is required, it doesn't impose any restrictions on how derivative works can be used or distributed.\n\nA copyleft license, conversely, would require that any modifications or derivatives also be released under the same license."
        },
        "Info-ZIP": {
            "result": false,
            "explanation": "No."
        },
        "IPL-1.0": {
            "result": false,
            "explanation": "No.\n\nThis IBM Public License Version 1.0 is a permissive license. It grants recipients broad rights to use, modify, and distribute the program, including derivative works, without requiring those derivative works to be released under the same license terms. There is no copyleft clause present."
        },
        "ISC": {
            "result": false,
            "explanation": "No."
        },
        "JasPer-2.0": {
            "result": false,
            "explanation": "No."
        },
        "LGPL-2.0-only": {
            "result": false,
            "explanation": "No.\n\n**Explanation:**\n\nThis is the GNU Library General Public License (LGPL), and it does *not* contain a strong copyleft clause like the GPL. Here\u2019s a breakdown of why:\n\n*   **LGPL allows linking:** The LGPL specifically permits you to link your library with non-free (proprietary) software. This is a key difference from the GPL, which restricts linking to non-free software.\n*   **LGPL allows modifications:** You can modify the LGPL-licensed library and distribute those changes, even if the changes are not released under the LGPL itself.\n*   **Weak Copyleft:** The LGPL has a \"weak copyleft\" effect. This means that if *you* modify the LGPL-licensed library and distribute your changes, those changes must be released under the LGPL. However, if someone else links to your modified library in their own program (that isn't LGPL-licensed), those changes do not need to be released under the LGPL.\n\nThe license\u2019s primary goal is to allow maximum flexibility for developers, which is reflected in its permissive nature regarding linking with proprietary software."
        },
        "LGPL-2.0-or-later": {
            "result": false,
            "explanation": "No.\n\n**Explanation:**\n\nThis license is a permissive license, not a copyleft license. It allows you to use, modify, and distribute the library, even in proprietary software, without requiring those derivative works to also be licensed under the same terms. The explicit disclaimer of warranty and the broad permissions (\"You may not copy, modify, sublicense, link with, or distribute the Library except as expressly provided under this License...\") clearly demonstrate this permissive nature. There's no requirement for derivative works to carry the same license."
        },
        "LGPL-2.1-only": {
            "result": false,
            "explanation": "No.\n\n**Explanation:**\n\nThis is the Lesser General Public License (LGPL), and it does *not* contain a copyleft clause.  LGPL is designed to be more permissive than the GPL. It allows you to link LGPL-licensed libraries into proprietary software.  You can modify the LGPL library itself, but you don't have to release your entire application under the LGPL if you use the library. This makes it suitable for use in commercial projects."
        },
        "LGPL-2.1-or-later": {
            "result": false,
            "explanation": "No.\n\n**Explanation:**\n\nThis is the Lesser General Public License (LGPL), and it does *not* contain a strong copyleft clause like the GPL. Here's why:\n\n*   **Linking Allowed:** The LGPL explicitly permits you to link the library with proprietary software. This is a key difference from the GPL.\n*   **Derivative Works:** While it does require derivative works to be licensed under the LGPL itself, it doesn't mandate that the derivative works be released under a copyleft license. You can incorporate the library into a closed-source application without being obligated to release the entire application under the LGPL.\n*   **No Requirement for Source Code Disclosure:**  The LGPL doesn't force you to distribute the source code of your derivative work.\n\nTherefore, it's a permissive license that balances allowing use in both free and proprietary software."
        },
        "LGPL-3.0-only": {
            "result": true,
            "explanation": "Yes.\n\n**Explanation:**\n\nThis license is a copyleft license, specifically the GNU General Public License (GPL). Here\u2019s why:\n\n*   **\u201cThis program is free software: you can redistribute it and/or modify it under the terms of the GNU General Public License\u2026\u201d** \u2013 This explicitly states the copyleft nature of the license.\n*   **Requirement for Derivative Works:** The GPL mandates that if you modify or create derivative works based on the covered work, you must distribute those derivative works under the same GPL license terms. This ensures that the freedoms granted by the original license are preserved in subsequent versions.\n\nThe entire document is structured around enforcing this copyleft requirement, confirming that this is indeed a copyleft license."
        },
        "LGPL-3.0-or-later": {
            "result": true,
            "explanation": "Yes.\n\n**Explanation:**\n\nThis license is a GNU General Public License (GPL). The GPL is a strong copyleft license. This means:\n\n*   **Derivative Works:** Any modification or derivative work created from the original program *must* also be licensed under the GPL.\n*   **Preservation of Freedom:** The copyleft clause ensures that the freedoms granted by the original license\u2014the freedom to use, study, share, and modify the program\u2014are preserved in any subsequent versions or derivative works.\n\nThe entire document is structured to enforce this copyleft obligation.  The explicit statements about derivative works, combined with the detailed terms of the license, clearly indicate its intention to protect and extend the freedoms granted to users of the software."
        },
        "Libpng": {
            "result": false,
            "explanation": "No"
        },
        "libpng-2.0": {
            "result": false,
            "explanation": "No"
        },
        "libtiff": {
            "result": false,
            "explanation": "No."
        },
        "LicenseRef-scancode-bsla-no-advert": {
            "result": false,
            "explanation": "No"
        },
        "LicenseRef-scancode-info-zip-2003-05": {
            "result": false,
            "explanation": "No"
        },
        "LicenseRef-scancode-ppp": {
            "result": false,
            "explanation": "No"
        },
        "Minpack": {
            "result": false,
            "explanation": "No."
        },
        "MirOS": {
            "result": false,
            "explanation": "No."
        },
        "MIT": {
            "result": false,
            "explanation": "No"
        },
        "MIT-0": {
            "result": false,
            "explanation": "No"
        },
        "MIT-CMU": {
            "result": false,
            "explanation": "No."
        },
        "MPL-1.1": {
            "result": false,
            "explanation": "No.\n\n**Explanation:**\n\nWhile the Mozilla Public License (MPL) is a copyleft license, it's a \u201cweak\u201d copyleft license. This means that if you modify the original code and distribute your modified version, you *must* release your changes under the MPL. However, you don't have to release the entire derivative work under the MPL. You can combine the MPL-licensed code with code licensed under other terms. This distinguishes it from stronger copyleft licenses like the GPL, which require all derivative works to be licensed under the same terms. The license explicitly allows for combining with other licenses, thus not containing a strong copyleft clause."
        },
        "MPL-2.0": {
            "result": true,
            "explanation": "Yes.\n\n**Reasoning:**\n\nThe Mozilla Public License v2.0 contains a strong copyleft clause. Here's why:\n\n*   **Section 2.1 (Grants):** This section grants You the right to modify and distribute the Covered Software, but *simultaneously* requires that any modifications (Source Code Form) also be distributed under the terms of the MPL.\n*   **Section 3.1 (Distribution of Source Form):** This further reinforces the requirement that all Source Code Form distributions adhere to the MPL's terms.\n*   **Exhibit B - \"Incompatible With Secondary Licenses\":** This explicitly states that the license is incompatible with secondary licenses, highlighting the copyleft nature of the MPL.\n\nThese provisions collectively demonstrate that the Mozilla Public License v2.0 is a copyleft license, designed to ensure that any derivative works based on the covered software remain freely distributable under the same terms."
        },
        "MPL-2.0-no-copyleft-exception": {
            "result": true,
            "explanation": "Yes.\n\n**Justification:**\n\nThe Mozilla Public License v2.0 is a copyleft license. Several elements within the license demonstrate this:\n\n*   **Section 2.1(a):** Grants the recipient the right to \"modify, display, perform, distribute, and otherwise exploit its Contributions, either on an unmodified basis, with Modifications, or as part of a Larger Work.\" This inherently implies that any derivative work based on the covered software must also be licensed under the MPL.\n\n*   **Section 3.1:** Requires distribution of the Source Code Form under the terms of the license.\n\n*   **Exhibit A & Exhibit B:** The inclusion of these exhibits, especially Exhibit B which explicitly states \"Incompatible With Secondary Licenses,\" further reinforces the copyleft nature of the license. This means that if you modify the covered software and distribute the modified version, you *must* also license it under the MPL.\n\nTherefore, the entire structure of the license is designed to ensure that the freedoms granted by the license are preserved in any derivative works."
        },
        "MS-PL": {
            "result": false,
            "explanation": "No."
        },
        "MS-RL": {
            "result": false,
            "explanation": "No."
        },
        "NBPL-1.0": {
            "result": false,
            "explanation": "No.\n\n**Explanation:**\n\nThis license, the Net Boolean Public License, does not contain a copyleft clause. Here's why:\n\n*   **Flexibility in Derivative Works:** Paragraphs 3 and 4 allow for significant modifications, including distributing derivative works with different license terms (e.g., charging a fee, using them solely within a corporation).\n*   **No Requirement for Same License:** There's no clause stating that any modifications or derivative works must be licensed under the same terms as the original Package.\n*   **\"AS IS\" Warranty:** The inclusion of the \"AS IS\" warranty clause further reinforces the lack of any obligation to maintain or distribute derivative works under the same terms.\n\nA copyleft license, like the GPL, would have provisions requiring that any modifications or derived works also be released under the same license. This Net Boolean Public License offers considerably more freedom regarding the licensing of derivative works."
        },
        "NCSA": {
            "result": false,
            "explanation": "No"
        },
        "NTP": {
            "result": false,
            "explanation": "No"
        },
        "OGC-1.0": {
            "result": false,
            "explanation": "No."
        },
        "OLDAP-2.8": {
            "result": false,
            "explanation": "No."
        },
        "OpenSSL": {
            "result": false,
            "explanation": "No."
        },
        "OSL-3.0": {
            "result": false,
            "explanation": "No.\n\nThis Open Software License v. 3.0 (OSL-3.0) does not contain a copyleft clause. It grants a broad range of rights to use, modify, and distribute the Original Work and its derivatives, but it does not require that derivative works also be licensed under the OSL-3.0. The license allows for commercial use, incorporation into proprietary software, and other scenarios where a copyleft license would not be appropriate."
        },
        "PHP-3.01": {
            "result": false,
            "explanation": "No.\n\nThe PHP License, version 3.01, is a permissive license. It allows for the use, modification, and distribution of the software and its derivatives under different licenses. There is no copyleft clause requiring derivative works to be licensed under the same terms."
        },
        "PostgreSQL": {
            "result": false,
            "explanation": "No."
        },
        "Python-2.0": {
            "result": false,
            "explanation": "No."
        },
        "Qhull": {
            "result": false,
            "explanation": "No"
        },
        "RSA-MD": {
            "result": false,
            "explanation": "No."
        },
        "Saxpath": {
            "result": false,
            "explanation": "No."
        },
        "SGI-B-2.0": {
            "result": false,
            "explanation": "No."
        },
        "Sleepycat": {
            "result": false,
            "explanation": "No.\n\n**Explanation:**\n\nThis license is a permissive license, often referred to as a BSD-style license. It grants users broad rights to use, modify, and distribute the software, including derivative works, without requiring them to release their own code under the same license. There is no copyleft clause present. The license emphasizes providing access to the source code but does not impose any conditions on how derivative works are distributed."
        },
        "SMLNJ": {
            "result": false,
            "explanation": "No."
        },
        "Spencer-86": {
            "result": false,
            "explanation": "No"
        },
        "SSH-OpenSSH": {
            "result": false,
            "explanation": "No."
        },
        "SSH-short": {
            "result": false,
            "explanation": "No"
        },
        "SunPro": {
            "result": false,
            "explanation": "No."
        },
        "Unicode-DFS-2015": {
            "result": false,
            "explanation": "No."
        },
        "Unicode-DFS-2016": {
            "result": false,
            "explanation": "No.\n\nThe license explicitly grants broad rights to use, copy, modify, and distribute the data files and software without any requirement for derivative works to be licensed under the same terms. There is no copyleft clause present."
        },
        "Unlicense": {
            "result": false,
            "explanation": "No"
        },
        "UPL-1.0": {
            "result": false,
            "explanation": "No"
        },
        "W3C": {
            "result": false,
            "explanation": "No."
        },
        "W3C-19980720": {
            "result": false,
            "explanation": "No."
        },
        "W3C-20150513": {
            "result": false,
            "explanation": "No."
        },
        "WTFPL": {
            "result": false,
            "explanation": "No."
        },
        "X11": {
            "result": false,
            "explanation": "No."
        },
        "XFree86-1.1": {
            "result": false,
            "explanation": "No."
        },
        "Zlib": {
            "result": false,
            "explanation": "No."
        },
        "zlib-acknowledgement": {
            "result": false,
            "explanation": "No."
        },
        "ZPL-2.0": {
            "result": false,
            "explanation": "No.\n\n**Explanation:**\n\nThis license, the Zope Public License (ZPL) Version 2.0, does not contain a copyleft clause. It is a permissive license that allows for the use, modification, and distribution of the software, including in derivative works, without requiring those derivative works to be licensed under the same terms. The key phrases indicating this are the absence of terms like \"shall,\" \"must,\" or \"required\" when dictating how derivative works should be handled. The license focuses on attribution and disclaimer requirements, but doesn't impose any obligations on derived works."
        }
    }
}